31721
25032
28973
2620
2774
369
24929
12175
3978
4810
22390
13933
2584
5930
2745
1792
22479
30005
2954
25396
6588
21843
32261
18121
25711
8801
26593
3495
7426
678
5527
21617
10072
23816
23239
18268
18851
15999
12760
21314
26921
13259
32480
27890
1095
27490
31171
25291
3510
13229
926
27785
3341
10611
27494
27998
10375
10902
26060
7237
31751
24829
15460
1683
24921
31185
30727
8398
3515
23788
2678
22979
10396
30862
15167
25555
16291
30034
23525
10382
15347
26209
1851
6787
15534
18918
28689
22869
31415
28098
786
23570
6589
3200
24557
5569
2677
13963
28083
18490
25126
23454
3712
31035
19307
2173
13918
15799
29749
11491
26982
20337
7439
32187
25897
8394
11686
18322
31054
25303
29320
17741
21372
12727
26668
20247
17018
23332
14131
30110
13460
29511
17901
23935
30017
11217
799
28414
28164
8519
19971
11771
28304
4765
8081
20002
16431
14087
22781
22369
2148
9740
23425
28319
16079
1500
19804
5803
14930
29667
12315
32114
6514
23454
11287
10614
2560
12206
13631
7035
13304
14635
27927
14467
19369
28986
26113
4093
3862
6370
11196
21050
12957
795
13610
2848
214
17704
9046
29986
12734
16679
29109
30832
15637
16103
31660
10858
11268
1785
31571
24923
11779
13322
25977
12388
29946
11888
18152
24502
7334
1538
1769
13572
8511
7725
13067
8249
10584
24644
14369
8294
9990
26648
11402
29950
5188
24265
4021
28485
20118
30683
8931
30726
21997
17548
16175
7556
29387
20837
19660
15796
1959
16912
16271
8361
4499
24425
15533
5968
7196
19415
19909
29277
11378
20957
17697
25989
26569
33004
14137
10990
30974
3196
11640
31460
31102
8539
30275
11213
24932
9540
13880
3679
17121
5299
7859
23056
21729
29432
28055
15822
4331
32906
6731
26865
26697
11167
21506
8302
21610
28409
13632
13389
18052
4867
20634
26973
14973
1308
31421
11046
28940
14643
30129
6687
5404
18836
24927
18977
20593
18689
5457
17692
5005
31493
18362
9737
5333
26245
9654
24607
19184
30360
16594
1610
26224
7577
30159
9945
3764
11898
12451
3958
26124
24666
12737
3420
6431
12378
14490
32196
32138
5549
14180
17056
970
15343
29722
28556
32860
14264
15044
17154
4130
26992
1272
16333
7177
613
15009
31424
16361
24602
28671
28839
6317
12771
17647
30846
15795
7342
18797
9697
26998
20772
2903
12228
5482
18417
12659
12132
3367
6239
18356
19325
15562
7466
8377
9150
16024
23440
28823
4218
27621
24743
1240
2720
30005
2291
15812
20461
17824
26168
11487
5984
13691
14221
31922
27119
20532
10162
1486
29560
12670
17827
13583
24570
15790
27501
10014
6405
14693
1857
7481
30575
1136
31431
12087
15689
31724
1204
24262
27665
18350
26783
28664
19241
5858
18705
11006
12936
4081
26587
27443
28080
30633
16556
8028
19168
21400
12770
7981
10890
3000
10145
31248
8967
20306
32034
8995
3210
16668
2126
7807
2387
11940
908
5056
24101
22258
18903
27074
12025
1129
6419
20392
29684
32239
20129
22307
14999
4942
21041
1009
1846
18649
8919
29859
27307
26194
14946
2212
8267
27915
15081
10103
18457
14668
6822
3392
4410
21237
16903
16518
26793
12644
20483
5431
32812
30361
30891
24812
16775
26008
12801
17519
33263
6159
8972
11899
2497
14137
2348
31682
17524
15362
1964
22580
11469
31340
5526
17791
18769
31793
32203
27346
19712
28330
9554
4583
12352
10223
3057
30016
22040
1856
15098
17329
4510
13476
5736
32030
8115
975
17450
3206
26861
32329
7615
17216
8149
22733
24579
6533
3923
22512
3401
22575
11622
26627
13737
4032
17944
27705
6556
32934
21170
2317
23238
22718
20780
28126
12050
27158
12263
25052
18948
16119
8607
6184
28747
12067
28059
3895
27030
23131
4134
32632
17577
11300
16195
7478
8624
19659
10141
12735
30419
9127
30141
20422
778
20126
32639
9990
25395
13034
8647
15144
32098
2845
9840
33255
13944
5731
18053
11378
9719
19720
7348
8209
15380
15930
7167
25100
3598
31503
24245
31433
15551
13002
24993
5172
10609
25690
32641
22371
27890
18723
16570
19835
17643
23809
21321
18381
27501
10122
16125
4933
3277
10900
10723
31493
20402
6648
16642
24141
9068
16533
6473
23966
18567
13975
7366
25375
18336
19705
22553
2623
19064
21064
15399
10908
2887
5290
10259
2596
20051
17696
20330
31353
6592
8200
20637
26010
8106
32486
4021
3521
3697
14179
10562
1159
15188
27542
4500
7502
23362
12163
13358
24288
15852
10209
10104
14420
16159
1569
18612
32050
25169
1451
21555
27863
19578
20075
19913
18714
4133
24716
19838
16431
32710
28035
1158
11724
31310
16976
3700
30603
26109
9984
25258
2192
19831
22391
31252
12395
21275
31084
32022
26943
28304
13237
3522
18724
10400
19141
33359
8907
18762
26227
9158
6497
11282
25853
17663
11189
11932
24396
17868
31388
28025
17017
22132
20117
17217
8849
3939
8361
15842
10901
12575
10901
32311
19909
8318
16939
13789
7710
29463
1014
14146
27682
8182
4381
19454
5079
10388
25737
17767
6930
19974
842
31583
1269
9844
3127
11633
32439
9933
27349
31261
18851
29881
12667
24687
1636
5327
24243
32727
17791
18697
4578
2612
33057
13172
29484
7218
25627
4396
21138
28630
33323
8584
16989
7511
25981
3474
12480
24112
5489
25530
17593
1651
31391
31691
33336
10336
17433
22301
31107
5686
12783
20749
1497
13897
26873
13226
24405
23893
13264
1201
1046
8978
21790
7868
15517
25864
20248
27318
16246
27557
17480
19858
14363
25997
21904
7740
13589
11569
8556
14288
16740
3235
18551
31755
11553
29609
6961
23039
18786
21520
21759
11530
7006
6210
2163
2056
19154
26651
8398
16584
20387
12281
7363
20413
8900
7698
26238
22518
30298
2571
27877
27472
14622
31430
25118
24299
26883
15995
17233
17370
31002
18698
3503
22559
20146
19599
17587
982
6595
16439
11687
14000
3213
18771
25707
14755
13948
15019
11634
18656
1615
7701
10509
2566
14201
31814
19436
12949
11975
22247
16609
29349
2628
2284
6120
30680
26714
33057
26213
7309
10809
2821
15532
5974
13693
6620
5318
16045
30986
18944
7795
13538
14651
3192
3179
4184
26429
12491
18153
21489
1973
16662
10090
19399
27817
25693
8626
8733
18077
15135
32273
16533
20732
27181
2276
20899
7610
18364
23390
30273
17464
24248
8585
33764
30568
15451
33159
24239
18225
15359
2078
17383
4373
17712
15988
6312
25617
12294
19734
4310
23492
17329
20543
16981
14036
33622
16728
30845
11406
15642
6587
23496
17868
3964
4796
16846
15644
22759
9962
14708
10782
17799
14482
10080
31790
28509
33157
1712
2115
17550
12315
8683
11799
10241
21880
22583
22665
32808
2318
17101
23871
10270
25955
20139
32655
30451
16917
7816
6816
20804
20251
18701
14028
30990
30029
18242
3657
4035
8231
10055
17673
32414
21706
22340
22494
14644
14915
7330
1762
3661
30480
2940
16150
31473
2016
4688
18249
13254
29595
28155
13372
22681
32930
6628
26627
1594
20312
4215
8366
14989
32225
28629
23081
16094
14634
22217
1889
3189
24361
3583
26280
24426
5734
20848
30043
27579
32442
20001
18114
26780
24406
10253
16951
26126
30216
7263
3211
8371
19386
5093
8357
18401
12860
14786
23404
27125
20291
27235
32488
31466
22705
3764
28835
10538
26134
14227
14166
29859
31607
3461
31681
15390
12623
26791
4315
13516
7636
9448
18219
32802
25467
1654
3958
21479
2238
17014
12442
26764
32029
32760
5306
8635
28515
25898
29083
9522
22826
1227
20558
21458
25505
16355
14352
22771
2445
28594
32878
17403
6798
27622
3757
24623
33700
16657
33384
16073
33009
11097
5499
10058
7361
10610
13088
25105
8135
15305
2648
4397
22185
9218
8077
2928
20672
14501
8565
28100
31769
8468
1337
22210
17087
3521
11735
32897
3388
16541
8901
11436
20061
31188
6615
5848
31798
7351
22626
24852
6758
8441
12194
11969
14748
9247
6233
24996
4186
12082
12729
11577
4345
33975
10116
29770
8430
2785
17266
9409
21835
9732
11731
1467
22665
5965
8565
11229
23940
13233
5832
2027
17351
1827
10816
17302
20746
14346
16891
24726
9209
16114
13988
19961
17463
18049
33687
26555
29603
18349
16965
5270
9434
13869
29914
30235
15101
20781
25630
24322
30388
27718
5273
33727
13426
17581
5883
6486
24571
13995
14267
22127
16676
26445
20989
2733
1498
13916
18873
16444
11622
3215
28954
7081
14575
23040
23844
28151
17729
22749
28058
11503
29133
26720
3103
17847
14576
5121
26267
32166
7544
6890
10464
21847
20836
2987
31118
8700
14827
18479
15923
20725
29888
1518
27319
2466
17045
7781
24568
8565
31454
17347
7601
5707
27863
28134
19360
33532
20936
4997
24040
16944
13447
33711
22708
13173
29247
29556
30493
22159
14449
5090
14670
12559
9272
17459
7653
12840
26321
13380
2717
2237
4954
2889
10282
8126
31194
26304
13669
13493
13186
17827
5545
15516
17459
13282
7805
2802
30016
18960
26739
28430
19828
21852
10064
15282
19031
15300
19820
27875
16045
28805
32348
24568
31296
3286
5327
20978
7903
24789
16310
6155
18087
4290
31400
18066
24449
4715
25988
14837
24556
7911
16216
13856
14589
27783
2177
4101
10659
17674
4116
5500
22320
19472
28797
10062
20245
2514
16230
14732
21997
3599
29915
11814
10174
16202
19883
15800
3451
10802
11537
25255
27597
25954
16787
31341
12050
23882
28971
4401
14503
7277
20645
2971
12642
25550
10824
8934
25955
10148
22456
26423
3341
17493
29467
15405
10063
32674
9083
33721
18728
10783
2155
27440
1642
29927
2286
3742
22462
20365
2452
26206
8680
25174
19942
13031
16972
30885
2308
23273
17585
28598
24973
28569
9798
32143
27839
19272
18914
25652
25824
32315
33168
25883
7900
32183
20811
2271
33583
18779
20230
3896
3589
31411
17392
6955
6816
29449
29429
28542
32251
7038
10376
20335
13485
27482
30624
22438
10255
10401
18432
25447
20129
5863
6588
21004
11178
2148
8697
16563
29215
34123
9460
3124
20166
32088
12614
12118
7579
14248
8294
20802
3699
29902
32879
6199
31967
30499
19235
5248
32595
25949
3632
22435
29064
15204
26803
3036
32286
15713
33275
8137
27526
8471
23951
23143
12319
24950
12402
27453
4511
28781
7077
19159
21429
15105
28654
32630
14829
13212
24280
6662
24787
22183
15611
32592
12891
23898
14717
20849
31104
4819
11993
3467
22828
32614
28895
12730
10840
24117
15357
32586
34164
4352
10684
11559
31497
34366
20109
7828
16285
17772
25798
29216
20183
5541
10472
31958
18915
29299
19235
34229
5400
17125
6684
21856
30936
1761
19181
28182
18872
28348
33389
32739
23521
4360
33715
27928
17847
12973
10197
29434
13752
21820
33525
19127
24486
32639
23167
22174
17640
29781
20652
12174
23598
19388
26955
9903
23636
8752
19392
3937
11913
21044
26189
25970
19376
27694
22160
9108
2310
24695
15181
24078
6149
4019
21358
30129
15753
13662
3656
30478
33842
24744
28960
31206
28169
28547
30190
5346
26982
16378
18272
14724
3345
3012
32290
3166
24487
8729
17245
3458
11839
29636
31870
9529
13902
9594
25656
26872
9928
7274
13516
11407
15496
14613
18312
13220
32242
13408
19853
5984
22999
21223
34262
13416
11672
25237
5238
13583
30351
13938
24353
3018
12970
5307
4846
29156
13401
19256
14171
15986
28075
24010
29330
10634
30388
33604
25323
20400
21297
25723
12721
2449
15215
20897
17193
27636
27752
25038
10192
33773
17199
12512
13029
9043
10127
12165
23079
20853
2543
14742
17120
13321
30841
26279
8226
33893
3964
18652
18001
25842
18702
3582
6113
10973
28661
14029
12129
28687
14792
22680
27321
33120
19537
7436
15280
32007
12854
29770
25009
13653
33496
11580
28878
11172
16764
26664
18949
14218
14249
6021
26818
11858
20176
33550
10662
7852
11571
33046
28295
29859
6655
23067
17336
6608
27835
2717
27274
26061
3046
22320
27922
29421
16092
26321
7981
11050
22266
22390
12482
8543
29698
33001
13639
2744
26561
22997
17543
27750
31983
13089
6306
20887
9558
15742
19797
7589
21303
3388
9339
20109
33257
4194
29652
17316
12739
11005
8198
23685
23356
28088
18657
33870
7505
6829
2791
32012
11047
27771
31244
32627
15602
21401
14778
33491
2069
7658
22040
16711
33419
15505
17036
19504
30085
7174
8575
17633
9044
17001
14688
3484
33930
10263
15083
34494
24668
32380
15531
11318
17483
22824
4029
10043
7940
27940
20952
10303
33412
23174
24714
7454
20863
13379
4548
6044
23555
14917
21913
30734
12121
31165
9539
12375
7468
18363
25447
13078
15852
18940
4506
25374
29301
33282
32547
5927
10476
3690
21762
34243
26858
5755
9010
11667
27357
5115
21292
3514
16043
28486
9132
17042
17816
8609
4535
23198
33641
20939
21213
30656
2761
7893
17596
4268
2285
3380
30149
26269
13428
18965
11075
33607
9105
14576
2200
21260
19819
32608
15306
12146
15044
33586
21311
28117
10713
3771
8389
18009
10634
3951
19926
10019
28603
8880
34073
18377
28410
25828
21803
4358
28514
14026
12448
11443
11967
27918
12101
20978
19443
7707
29864
8621
33176
33328
24539
10047
29670
6582
26740
20848
5591
3537
19672
30631
27018
32565
30138
16219
8165
14139
13022
30155
23423
28467
13603
12783
6845
8700
27072
21166
3387
7123
6862
11601
22637
15465
30983
32824
3974
7992
29389
32203
25240
7702
31854
33716
18685
25099
11686
21068
10999
30304
22629
22610
20115
4600
31955
26339
3027
2788
16017
24998
3083
10289
16194
16200
6284
17924
33355
28200
15488
32746
15830
29011
15893
21865
15645
18866
13022
31963
14309
32642
13174
22652
17224
24581
29286
16833
16312
17271
14920
7915
26689
28484
5933
30429
26382
26744
12093
30506
4911
19063
3741
8307
15258
30190
27286
3312
9071
11273
8179
34124
4992
27111
28842
22454
9488
6219
17599
9525
10715
25492
29286
6459
21847
20463
20840
16254
2874
24011
7623
27651
30524
21133
28069
27003
21022
31109
15970
25043
30699
28961
23813
13575
13182
22625
11741
12855
25412
28811
5992
26364
23363
34592
5235
30972
10331
15374
12675
15804
6348
30759
31092
33974
11769
10194
5472
18348
23404
3585
9154
13627
14105
17251
2779
18867
32487
13786
19029
27174
5996
15407
4135
13759
26616
4613
5304
33109
14294
20491
33351
12608
28878
13430
27530
25964
27374
20399
5525
11180
9611
26952
6398
11344
4482
12597
7743
34041
20675
4409
14683
17836
3857
12958
10437
17446
22531
3113
31613
14703
3663
3149
25212
23986
26695
13215
12626
30284
5540
13194
21006
2595
29315
25924
12382
12345
27565
11520
24567
11393
30747
7526
33335
20209
19386
28480
12041
18648
10091
8566
25866
27762
27214
21820
17642
2745
18496
14986
7188
25471
18850
8396
33425
23482
30813
32732
4137
28191
24098
3373
27852
2546
14327
12617
16433
21532
33519
29053
17597
32382
17976
8658
33190
10629
15963
29504
28760
33790
19904
12831
4376
7468
22129
18654
13031
7448
24863
23287
29353
22313
13674
3106
13702
27380
18269
18378
8849
26453
7736
7357
24487
9151
6259
33063
5530
17360
12543
4801
32655
6441
10703
10054
2469
22396
16279
16679
17112
20198
19156
15487
9764
8320
29196
18505
32493
8497
20823
32721
27806
24262
15134
14440
18833
31556
30243
22364
31023
21116
7361
17447
24920
7649
33142
19175
4869
2711
15518
33550
26155
30156
18305
3675
3299
17227
18576
17417
25033
33358
29932
7238
30113
21652
11048
28646
8257
19380
11088
24665
6315
12465
4138
31706
22649
27086
28091
29162
20094
29348
14605
27645
9386
6769
23856
24179
7470
31923
8575
26057
19169
26614
17700
33809
10466
9962
29663
21151
21887
24504
30723
31750
29782
32150
19905
4675
31674
22682
31656
5431
29017
4043
21613
15707
23067
18814
34280
24239
24909
19936
6496
30707
31486
12239
18696
16922
34217
30702
20169
21500
12053
34296
4162
11851
8314
7252
19470
17352
13797
18922
11333
20918
17629
9782
25157
7311
13895
5018
12210
25847
30599
31737
32955
10478
34536
15233
31647
34121
7998
11720
10608
19299
18122
4379
7192
7952
17757
13331
13721
12498
17856
8552
29849
26704
9812
15882
27165
4867
15606
3438
15509
27443
4645
4134
23577
2850
22375
28853
19442
8327
7400
29345
9564
29757
2661
22474
14218
6717
8008
12281
26859
24010
15893
18108
15788
15851
34564
9074
10110
3614
17904
20386
33433
3915
30575
22417
25600
5367
10563
14611
7431
2746
14833
13473
6163
28147
15279
13484
29346
4026
32387
16177
30859
13078
34218
9614
25734
23408
27703
26260
35310
24392
31996
30429
19398
4903
33197
25439
34043
8405
3395
33346
17896
24267
17823
9711
2847
15339
28784
34410
20839
4975
18262
21729
11009
32032
22344
11653
14896
28104
28467
23448
13560
15337
25059
9159
22053
23727
7975
35003
24463
27940
26672
15851
4509
23459
9019
15540
15368
17807
4720
12203
19425
23876
29193
10290
31446
27726
16822
21065
33713
17882
15680
6823
32801
15721
18541
31498
21437
30156
21029
24779
18502
7244
29394
25013
16172
25641
18957
13079
7252
22086
24438
5912
19993
18722
2787
13387
5777
5386
10174
2947
31249
22669
6056
32745
30451
24881
22626
9547
27286
3172
12526
18615
18343
13493
14833
26441
33183
32580
17756
34625
20877
7543
26955
10072
14358
22255
12846
14421
24762
28603
16422
21723
19033
16075
21426
11141
22773
34983
3466
20277
13497
29281
26059
25000
6714
8391
7765
19534
32766
22494
13425
31577
13627
11916
5560
20244
24032
10901
7216
14199
28633
22729
5559
11768
5519
13691
23205
33187
6575
31028
14253
10605
16429
7593
12036
4294
12424
12011
21701
4717
21839
15582
19093
5512
21732
33004
7811
33012
34688
3066
4401
30938
3703
4251
34617
6787
28862
7556
10698
10861
24746
23617
31378
26782
3834
10278
24289
32568
12056
4487
26123
16206
4252
8492
20238
8182
29202
28671
4468
13215
28925
26376
28027
34725
15132
15259
18292
8739
25835
31696
21097
4617
35181
16180
19970
17774
5929
20414
23465
6695
28274
24325
12013
23704
13548
7087
7460
10442
33356
15149
20565
25022
19039
19366
8533
13057
10318
25136
23855
20609
28448
31046
31177
26783
9088
4983
32197
31877
17089
30299
8102
4794
31519
4555
24628
30707
14664
26449
9249
33325
12059
34270
4332
35320
14255
28091
12550
3606
15511
28866
9012
13636
32868
25294
22836
8792
29292
11888
10659
20108
28618
8676
14622
24090
5542
34883
32424
8969
34999
25337
26443
16966
22021
22394
23810
12022
20724
9521
13527
28683
4734
14265
18505
25621
32192
10576
15856
30555
28088
18825
17764
32811
28749
31809
19034
13678
12943
34003
25360
29567
33345
4496
32236
17214
34965
7017
4704
22368
8758
28143
22800
29705
30859
27518
20279
29852
16443
25012
35142
25554
16620
33320
6351
23049
35409
21337
35234
5599
31331
11749
14902
33536
30958
6652
4938
9020
3152
8467
25291
3549
11133
26589
24057
31031
28999
9335
3782
33408
5341
17635
12414
10210
19345
22967
16301
10447
30686
6422
16702
16533
18857
3552
34016
28466
13255
18214
26286
17513
23232
7137
21518
24853
24786
22243
6105
8894
13113
24333
12733
11626
15534
12227
15584
18357
8494
13725
10694
15652
26364
25439
20341
15031
12521
4908
6103
22973
28115
34806
19295
19692
8556
9017
16367
25521
10812
8937
28410
22469
10474
31657
14054
6401
27831
9021
19380
35699
35147
24386
6882
27569
31156
27676
9872
19821
29868
4145
7139
26698
22042
28501
10407
9966
16860
12932
21560
11353
25540
22487
24482
17269
28896
16049
28935
27886
19967
17465
3649
32579
32624
33806
10953
3358
17933
4406
19671
34273
3449
15191
3531
17537
4005
13353
31180
32919
20889
10539
4783
21940
23921
9621
31258
21749
23973
20622
34537
21720
32142
23456
18896
29518
13094
13673
17730
32274
22032
21651
23698
13624
10200
12038
15961
7177
12667
12635
19991
19470
6698
19092
20765
32363
23371
24587
25258
16239
30145
15785
29524
32872
3181
22104
22441
31676
34804
26811
10775
7989
10179
23580
33801
28829
9297
27046
21075
8331
18084
26068
18640
16252
6423
15913
14665
18725
5466
32546
20889
31240
29626
30313
34063
9030
32675
17739
9492
28852
5475
30572
27918
21808
11568
29113
34180
4406
5997
19871
17026
34734
20009
29818
8511
21768
32745
3921
18685
23691
14247
7872
4913
16362
17946
20277
24292
29977
20536
23904
13145
28254
9978
7908
30192
34987
19551
33619
14154
13355
18867
8537
23470
35611
15121
9271
8875
19163
13351
11635
20991
25413
25145
32462
34744
4157
3944
32887
30617
12681
27445
30590
6079
21732
15425
32907
32901
9805
24406
8912
33700
15013
14251
3900
16031
26745
29796
24562
11358
8989
20313
27641
31256
35834
10520
33589
9079
11816
9773
9878
6647
6208
12705
4239
31632
18539
35008
8650
7316
7871
13343
34330
26842
18892
4574
9649
24604
24945
21803
13971
12702
9205
7943
33354
15120
35154
5197
13275
28342
8404
5360
16890
25798
27875
30852
18810
7186
12573
29696
27655
11750
26281
36034
34583
31028
19143
15571
22302
35054
15275
11373
23297
14772
22411
9402
35790
25263
4599
8159
15530
34237
13161
6713
14091
19150
30493
35046
26407
19086
15138
6536
11436
27716
30386
8005
9137
23289
27327
20755
31212
21982
16590
15666
9254
24552
35848
5625
34797
4797
24718
15318
28041
6355
29966
10385
20017
4822
33428
8144
21118
27723
22178
18656
5407
25460
19330
5554
32207
18547
6875
6948
18564
14257
16003
16002
36073
21377
21396
23629
23055
16641
13250
19515
14943
27713
14571
26238
13268
22440
24304
28233
6247
31379
14276
34193
15050
29502
26050
3601
23384
4072
4164
7056
24909
29490
34417
23398
13362
22473
33878
5437
18844
14148
20025
10517
15126
22608
5673
11915
30812
34826
24538
6490
27082
33452
22192
34594
5907
20332
18970
6760
9782
5025
17441
34526
18094
8488
28225
13029
23785
17414
14455
4689
33276
4942
30363
7788
11157
18758
26608
3901
4145
26309
23802
14858
7055
9695
28559
14619
34660
32708
33073
16577
27728
18918
29595
17815
24337
11866
20378
22536
28151
33665
19998
22801
4759
18151
30609
27720
27588
16235
19815
19230
21435
35489
12791
23905
9886
6516
33417
15109
19748
24592
6064
31523
24462
15615
8154
29762
29917
23441
34853
20950
29250
5506
26484
8966
28374
6103
8131
18098
32651
20233
10679
22709
32610
24165
15993
33895
10207
9907
21445
24678
36283
8214
7742
14231
21976
35635
3589
25447
13946
15765
31113
6999
6323
36176
27297
23991
28191
8165
16856
21937
3794
8294
9223
25226
13199
8411
26154
9253
24634
10979
27500
12489
21136
17311
10628
22563
18710
26315
18244
6031
13903
15662
35183
9107
13362
4661
33228
10924
19419
19675
13432
13646
25985
28619
10112
18214
29864
25801
4271
9634
13464
5966
5541
26547
35085
8818
21033
13010
22320
5647
6337
18753
27334
5924
8575
19859
15272
24439
6941
24430
10099
24703
21069
30096
29568
36224
25418
6416
11031
4344
10675
26086
11743
28986
25241
29870
33433
26713
13527
4521
16910
29511
5025
25861
11846
23614
12128
28766
18939
17503
26813
34180
33869
28826
31228
6783
19640
24013
19084
7888
9026
24624
8412
13818
30969
20976
9840
31553
29852
5402
29235
12978
28569
27835
36111
35683
16183
28998
9403
22268
7701
9269
24788
23158
18899
26355
36400
7203
10511
22778
5231
21231
36243
24888
27090
23269
26316
26296
31057
21237
30847
31870
12007
18420
27063
33971
7729
4324
16386
3842
30519
16502
6876
30273
15754
20429
17260
33108
30095
26245
25710
35662
15386
25588
32369
30426
31806
36271
27714
28890
14180
34640
35752
17997
5019
30583
24145
20854
9263
32271
14093
16955
8317
24531
18234
17867
32005
35600
8319
20867
6849
22956
32446
5395
32950
13415
28227
22492
21448
31585
8770
17821
32978
22493
3968
28239
19702
23364
8016
32077
16434
3949
3777
27576
7732
23579
19990
12826
24944
26055
29814
15689
27759
18848
7141
10895
25962
23249
14707
3847
28695
17666
17843
20042
14787
14369
18799
17483
35745
33122
8858
18048
22370
13700
5510
16451
29189
20567
32344
28279
28913
28027
14008
32366
23873
32362
33741
5130
12639
8632
8296
31523
21716
32666
14207
34857
35422
20390
25310
27659
33859
27609
33305
32599
4838
5342
32197
18594
8600
19341
19175
16938
30128
25523
17069
8890
25566
13329
8796
11726
28604
34727
18314
20216
35238
13362
31885
33922
24268
31219
26931
23893
28549
4274
31668
36377
24551
34307
24036
24990
13972
20680
19117
34939
32214
15863
22461
35829
31471
6813
34684
26658
28586
16163
14145
4430
6710
24528
15813
26781
26420
18064
19928
25586
35343
23028
29010
27920
28556
5497
12365
15359
16034
22285
14481
12466
23435
9679
6480
28646
8475
22039
26388
18253
17489
11958
23541
7404
5676
29567
18447
28097
6079
30982
26163
8106
5256
9639
26845
10882
14078
33738
21350
23693
19305
18790
29563
15894
9462
30916
36558
22614
22795
32390
6411
25496
17624
28903
34318
8347
4399
21572
35923
24888
10389
35036
27566
33860
21401
17876
35900
26808
28516
17790
35225
7183
29330
34522
32339
18416
13376
18525
9119
8973
10598
8178
6475
26955
35944
21567
27124
7971
8935
23337
8057
9288
5597
8602
31663
22922
4073
32897
10583
24058
5607
33563
31053
10063
19908
25202
32770
31112
10128
23075
10027
33235
7381
14947
34747
6318
31272
23364
8207
28492
26365
21813
14953
11322
8128
8904
6048
15170
5665
36793
12822
21648
27567
6443
11497
32531
31400
9012
17262
4646
24847
10140
19675
31344
16896
16866
10307
17928
12609
15488
9416
15325
32025
33648
14860
33366
19045
8175
9448
6453
14056
8577
15457
10945
30179
6197
4823
30756
6885
33834
14208
25874
34533
24146
11285
26283
11150
7798
25291
22947
6362
25211
22661
33696
35042
6883
8008
17379
24053
24727
27887
14123
18151
22499
33312
21206
32171
17602
32126
15178
21540
13404
28448
22931
33593
24525
16451
29773
28712
11304
17211
20421
23580
27579
32688
6491
12801
17557
36614
8747
26263
24646
7453
11500
7877
18662
24891
21271
4145
5977
9030
17740
20493
22224
8503
27379
33844
16787
26827
9503
10869
15103
31099
14519
27182
10954
17071
9175
9245
7567
21039
25204
13428
20102
18138
26175
6955
32402
23450
17868
32410
15490
7831
26356
15431
33424
10411
10360
31741
19758
26903
20198
31006
36611
22900
14529
30265
9776
11756
7644
36575
14039
21929
24071
23475
36574
24462
8941
7361
30448
5925
22845
24081
5317
28121
17672
19067
17060
33894
13675
8380
32806
26765
7021
32458
24636
23308
34858
30565
6259
12749
22066
9711
5495
10846
33324
13437
14550
16545
30399
34862
9223
24005
20402
34748
13483
29556
22609
12368
5650
22350
18707
27803
35841
29335
34939
25122
23219
6700
29500
10457
28701
8892
28576
8436
12919
34100
20522
23290
6135
10107
18811
17947
27616
7520
32626
6339
25787
30161
28055
10095
28644
26701
11962
7616
22089
30363
26583
19917
7791
22205
23101
35262
20406
14624
24815
15255
31453
16149
23883
12113
11208
13701
22249
17199
10369
26591
21190
29263
8574
8022
9634
28032
14114
8778
17830
13907
30853
18435
24394
28789
16248
29861
12662
23867
36292
4448
29927
13695
20403
21736
21205
21931
10194
28709
11987
28691
10228
29483
18422
14728
7034
32364
30009
17449
18130
5164
33056
31869
16446
7734
26780
31935
17879
31694
33071
10873
13521
11238
19024
21077
34304
26517
28177
13871
29595
16580
13567
16750
11329
6443
29002
22421
14137
34172
9510
28949
28158
28893
26736
31334
12027
5276
20885
10581
11667
6174
26032
15520
33636
27929
21490
22976
26317
15363
32839
32006
10925
29899
8502
12265
27502
22470
29961
31135
36163
35564
21039
15850
28589
36676
5854
32309
31300
10909
15357
12511
26292
6527
36672
8919
27654
7521
22677
5993
12065
15132
28351
6743
7312
15776
32576
14380
36741
20710
36221
37069
27166
18726
27933
30801
33512
27209
15282
6674
35746
17313
7579
20996
21827
29656
16937
12358
5438
26918
29440
23287
36868
29127
12992
16971
19658
12461
12005
23262
13965
19058
35052
21064
20052
24208
15032
29169
21174
8404
6707
9255
32923
10000
16440
20333
20807
16145
22193
31766
22932
24784
4604
30739
11902
37100
22932
27914
29413
18264
25581
7336
29327
11857
18847
14135
28269
19860
21447
32883
32287
30157
35242
13977
10937
32850
16796
28610
9928
14097
14625
24943
18320
30920
30801
18021
9112
28020
33921
22203
31337
24331
9759
34353
18834
35437
17886
31939
13039
31896
9491
32126
6187
20508
30047
12179
36740
24272
5007
32170
5582
15298
27072
32632
8635
35188
15559
8596
31833
32837
26832
32646
33500
14637
20804
9249
13726
37037
34801
9236
14436
13830
28517
18107
10211
15018
23706
12603
26755
13808
31705
18381
21090
20747
31960
14682
24220
20285
18982
26953
14794
26184
20424
11157
24520
31526
5413
34594
9404
5881
11807
29265
20307
10309
18307
15826
10318
25693
21155
8633
9022
23835
5185
8404
33931
7892
6831
13884
10427
27275
24373
33067
20721
24677
5811
25357
6324
11869
30087
17370
30962
5945
27313
28834
31813
26045
5685
18538
34932
8222
32449
11062
24893
36794
19088
24423
18514
28933
32654
24903
24225
24519
36541
20707
10968
21381
11991
29209
26921
16444
18997
29425
34891
12118
33775
27697
30657
25814
6213
20523
11102
25814
7230
15322
30729
27955
24718
24109
11710
14215
31677
27043
4821
5975
16262
17432
9351
18574
7550
26847
16558
33322
16118
12560
7372
8502
21537
30243
11855
32760
24186
17086
26643
19819
31328
34252
28969
30960
27651
31695
14551
34368
29572
17015
35807
23973
11352
19059
36612
27754
31726
7047
17099
10639
21393
7903
29823
21186
18831
25507
16503
30091
19867
37323
35228
6343
31856
32565
35365
6743
22199
6900
24997
5401
24363
8940
17480
25367
25595
22428
12121
36863
30575
8762
18184
20436
23503
24837
16747
19938
26241
19927
33474
26615
7793
13049
20223
10704
6582
25148
13446
7378
24178
8773
5169
16379
19193
34345
27287
15383
18742
25402
16014
10295
20811
22816
22766
29279
32632
8235
10648
16511
16702
37351
32183
23972
24004
8177
27462
34672
23929
11530
5587
12232
5371
31850
12418
34508
22328
11094
24916
24844
4819
26869
27049
19960
24265
24672
14340
29337
14932
35064
18191
31871
33807
20732
28127
16635
27739
22107
34168
23694
26370
8646
34708
26272
24603
6154
35488
36213
14382
5533
16136
11870
19352
26742
20916
15916
35120
7202
22483
5610
23594
19477
10199
30668
27964
28734
17344
24674
32512
22494
14494
30737
27034
18073
5969
14532
31130
26574
27284
7135
13860
35876
20026
25717
21070
25957
35766
22970
19913
13456
24545
34235
35012
7721
19960
19532
20237
6356
9188
28226
7801
10786
5055
19683
11399
26027
34451
33179
28480
25181
35941
7665
11617
6675
36210
10168
22972
26473
8376
9610
15836
5583
11192
20338
14312
14301
12155
14313
36809
14311
26323
33028
10127
22224
6627
29163
35601
36131
19169
32909
8916
33375
8219
9106
36399
36499
12088
32913
26796
31275
36289
19076
32432
28682
19168
25721
13663
21977
13927
7306
10682
32414
6419
37646
19210
27536
16915
8721
29826
36650
36292
22786
18976
18046
18879
24748
23764
31948
6677
23400
23012
11603
17369
5520
18831
14183
32991
6710
8433
14532
16580
32790
11046
25122
31534
33482
36274
31241
30549
15421
27680
33255
11459
37474
28394
12640
8536
11558
12697
15333
26768
34979
23597
5256
10249
30614
27583
9230
17727
10771
28261
9542
8346
35959
13910
7066
33196
37535
18511
6116
6323
17239
35125
16259
14694
6165
28411
18861
13038
34024
14534
26374
26930
15531
29263
18290
37719
34174
18057
12840
17287
12663
25989
25609
7154
36756
33170
10287
21779
26868
10152
24264
31029
24135
30471
26149
31029
14724
31771
6670
32393
34778
12963
23897
7809
36840
29458
25019
21197
30768
20277
8669
23360
12745
8727
16818
27860
31573
22306
18697
20973
36915
11398
27742
24546
22518
29919
22518
26041
10773
7186
12587
30770
31203
29559
16900
16136
32450
35134
33544
10099
11412
36619
30548
8177
36979
5092
36588
16710
26018
5453
33615
35009
30403
11185
25166
34754
8010
22020
15133
11385
33073
10407
8619
34800
17134
25484
31791
13644
27042
13210
20227
18000
9107
9043
31414
22818
5852
32436
8285
15186
34915
11868
8233
15896
28428
19953
26175
8157
18220
33216
31171
12029
14913
20387
33334
35276
28384
32552
14083
8151
5358
17647
27988
22636
33299
15700
14378
33372
29292
31310
20141
28927
16768
10391
11457
27257
12150
36878
8665
19260
34437
29529
16912
33486
13483
37582
28022
19917
11682
22164
24999
20784
10512
25605
35235
31439
37118
8791
32729
19238
13451
29308
30341
27733
37601
7750
31292
14956
21097
17103
17093
8422
14395
14872
34347
29043
13273
18416
33296
6139
21276
36376
12100
20447
12910
35748
21399
16002
15674
11172
26091
5896
21153
9988
30861
11101
8815
15793
7621
36473
22093
35581
31403
11235
23352
31045
31805
30836
24369
6353
25263
8286
22326
24059
5890
22125
8562
35476
32472
10380
6065
18051
17031
32138
9750
11183
14700
8222
14864
18720
28802
31529
7562
24929
32562
27452
37474
26664
7789
18778
16925
33592
13817
37631
21977
37511
21512
21344
19074
33692
17167
12789
21833
29756
12757
18997
27730
26693
8651
12449
18349
5850
36763
18691
28296
37568
35331
20984
9379
21000
10980
18860
19460
22767
9878
36837
36587
35842
25983
26947
26120
28038
23524
18374
20204
18966
37886
31888
18110
6286
7761
14060
23855
37160
23609
29840
29615
16357
22726
18207
31970
5679
9161
37618
20557
16316
25391
11032
26198
16053
36494
28315
36971
37656
35070
19205
33153
29019
36138
18467
15040
19538
8103
33033
12412
13906
31620
11862
15208
23959
11554
9658
10758
10211
20293
29365
34402
12648
7788
27809
25600
13032
22110
28146
18963
37659
36358
37053
36335
10065
34176
38007
12737
26456
6772
20736
7038
6304
22179
23263
14361
13469
19647
15568
24313
36461
14208
27260
35242
31675
36596
20615
13267
34019
34839
9679
30568
24662
12963
25075
14624
15681
10537
32019
31018
8553
34657
23767
7196
24153
6847
37555
16428
25024
33094
20329
29346
25877
10913
12239
22925
16508
28528
18130
9653
25837
13024
35003
24786
16787
17022
31665
27643
6258
26701
20863
16993
34381
25365
20120
21565
16839
14591
8792
36359
21960
6239
38029
24553
23330
15057
11318
22899
30069
32391
13195
11664
5968
10721
15677
12985
20888
36158
36606
13160
12846
30483
38212
8912
30156
11834
17482
35275
37168
26252
35416
16404
21885
25521
14149
17846
13278
15927
32058
20676
25708
32482
28344
25419
29778
33859
7645
32133
32558
26252
16611
16463
6075
19875
32745
37853
9134
28021
20470
9901
11997
7309
32571
22713
31142
14565
22168
26353
18063
20220
29794
27368
11050
14120
17508
33486
26684
7470
14627
13726
36125
9744
10855
26520
27234
10278
31990
29426
6074
10608
30627
14539
37142
6187
27015
15968
12045
29090
34191
10882
32382
19271
5943
14152
15223
29186
29844
27649
29525
37833
20888
13164
37421
10097
22674
8748
24427
34500
11252
33142
11705
28371
13657
29197
16931
23182
26054
15216
13944
27537
19248
6993
23283
21825
7999
10570
23322
32280
13138
8908
10727
19261
24003
13144
31014
19032
19564
36081
16414
11684
24682
25809
38259
20038
30496
10331
24651
10461
17535
32337
9392
34906
8837
26695
28470
21266
31236
6231
9181
11793
10405
20247
13368
27313
34860
21960
32975
29292
31486
26832
27075
9455
8672
9835
21168
23663
7937
21917
7639
35904
35387
6507
25213
11684
31382
25674
25230
28385
18702
16344
33670
22678
28822
15562
20113
23886
12124
7973
15345
34646
19791
6834
19873
14540
11231
13227
15672
12793
33539
6075
16655
20961
28545
33574
11430
17687
13930
34371
28740
5846
25059
16179
15326
22606
6955
23501
18746
21052
26074
30680
37205
29885
8295
11133
28929
31076
28141
24059
32978
27530
27951
12445
9275
35557
24793
38378
37877
15453
11529
26907
26528
32026
19981
6610
25261
35810
11375
16392
34939
15522
29230
11335
15296
10826
17743
18458
27947
15070
35732
23235
7496
10698
7052
34347
13731
35959
32460
36895
32048
34075
10619
19384
11242
6101
19220
14107
25019
22009
7271
8547
33948
21417
20193
27868
18941
7077
33038
16754
28519
38243
23644
17257
26208
37219
16418
8782
30607
28605
7648
37933
8480
38140
27337
37124
13418
8494
19070
25208
30415
7484
22301
23495
18916
37496
10874
19966
7890
16501
36012
35948
14589
25883
27596
38230
33763
19194
33017
13036
32838
37343
18079
10364
35981
26021
9209
16358
35944
5966
29141
19280
13235
19539
15512
28442
30877
14391
26497
18452
28937
37986
38194
16879
7988
18989
31084
12786
29080
33594
30746
35310
31249
37894
13713
14196
8255
29889
31766
33605
21291
15453
6816
34058
32301
20965
8416
32582
17677
18448
7295
14216
19304
5910
15271
7909
35669
10434
30916
24229
32585
27336
13196
7485
9016
23386
23357
36734
37117
17398
36389
10763
15356
38530
21096
34576
36870
8346
19454
21553
30589
35113
37883
23745
36024
19510
38163
33845
31400
10497
37213
17624
20668
13903
13655
34496
19971
37122
23595
25344
26513
22764
26928
10015
36387
28645
23220
11465
30470
12059
31225
22981
27700
34474
19581
23591
26561
15213
10878
30407
32373
14099
7870
29169
23995
7797
29572
33886
24761
8742
37091
18531
32961
15692
36926
37225
9448
22191
10508
13725
38132
30736
23257
8169
37756
36796
30861
15906
25418
28769
30961
8067
15364
33567
12399
22362
29196
24546
22554
30721
21924
16368
34286
14864
36182
32446
31320
9169
28563
7432
26361
17652
8090
31264
37543
23172
29083
14215
32436
28442
23068
31418
29043
19281
27805
33102
35321
19065
11639
15167
16673
26512
15114
24454
31699
38510
37399
12009
37509
15679
29035
22807
29185
25142
8382
14324
14697
24960
7898
21810
31097
16247
31488
28193
30989
27417
23943
27080
8931
33976
33734
30004
32929
31986
13108
14864
26394
8164
26574
25462
14285
24731
16825
25861
23470
30923
30249
14388
23338
12484
18305
33765
14181
25505
18620
25150
26822
37827
28683
14516
9909
9086
15551
22120
23715
34321
29802
19639
28747
31964
15169
13836
15672
13517
35781
24313
27016
22556
20899
34183
30703
26680
11224
8906
15103
29697
6680
29368
36262
32311
6513
11835
29944
10290
29740
11140
36654
29908
18676
22691
29679
14269
36154
17492
27087
33981
36567
10524
38166
13199
14579
11925
33730
19396
8230
21766
15055
27901
6622
16183
10421
34653
25345
20100
8499
30782
6611
17711
17995
24355
36633
25339
33422
16110
12927
12278
30873
16212
7735
27030
35808
8845
34275
17927
26282
17232
36021
33220
8541
12030
18132
27493
28412
12318
27138
25015
29422
23817
29053
30738
9217
32486
14626
13543
24750
25817
21464
7833
6303
30584
8492
35470
12142
8319
26169
25221
31920
23236
28107
21546
36146
32365
29636
7911
35202
7520
24510
29694
26033
33787
37617
7381
15960
12806
19799
23440
34521
24549
28175
14821
27879
25618
37632
14892
38217
36043
23486
7862
38362
16904
21425
15200
20693
33712
18292
34152
38223
38924
35195
21887
10501
32380
27129
36895
8024
31337
26112
10270
8598
19066
20970
12164
35963
24587
33529
27290
34552
10971
15418
6467
30258
19716
25263
27279
29390
19249
15532
20110
9068
36107
16514
6754
8305
16884
13915
12952
17674
32248
12645
12217
37230
8960
9267
12571
33379
27209
37984
20989
33283
8725
12661
29907
21952
29601
21260
22751
11686
17750
8758
11777
14560
36163
29211
6864
25470
10187
35808
26857
8565
34459
29134
19336
27367
19424
23984
29781
19877
9654
32380
27264
14323
32227
14646
22543
24715
20933
28946
16759
28644
18057
6873
23402
20147
19870
8077
29425
15795
28009
21072
7098
6817
33339
32130
6323
30347
35712
19242
13016
24907
22841
35991
29256
36431
11692
9543
28063
13979
10073
7431
9088
23568
34609
7516
37489
20974
9987
24098
33516
11928
13367
17779
14258
35479
33470
16074
30819
12514
35913
36200
10828
9308
28601
7671
27520
7839
34007
7022
25642
27640
22598
19252
16929
18610
9142
29832
37565
9112
38489
22304
28394
27061
33179
29968
11642
16222
15886
13294
36800
19059
23715
6452
7258
29153
30752
9701
7246
13931
15054
38260
28249
34987
27762
33761
9347
16467
7295
16165
8183
39097
15498
18384
7954
22163
16126
17649
29114
31486
36369
28470
18417
10182
28407
14164
20137
39137
9557
11177
36570
22332
27384
24864
17107
35003
36807
25430
38350
33147
22006
28667
33222
31322
24189
33146
16269
37049
14793
27868
32025
29568
28849
38633
19998
24931
6571
33937
35555
23652
20032
19083
37198
13977
38077
8252
7232
23600
37420
6618
9513
32432
39042
19921
33747
34177
25882
26982
16514
26543
9058
30874
19519
21227
34773
25937
37745
17363
38697
29107
7853
29555
28105
12755
13775
15883
7045
18574
14666
26386
26504
27575
9660
24188
37003
29553
30150
27449
23881
30939
22042
24318
37171
18419
24533
14151
6500
10420
19728
20381
34263
17282
23473
35092
8920
9416
21127
35609
18104
9184
23703
33130
10181
12595
11952
31590
20089
20385
11078
20615
30706
15651
30845
11821
31906
36526
15491
12957
36680
17243
29731
14665
26655
37574
38807
15442
12373
31411
33182
28491
16830
20472
19663
30528
36554
22167
6957
25590
18101
9514
31739
20085
35325
22404
25554
16580
17177
21653
27376
19188
30568
11150
17875
26975
9320
19526
11271
8242
32040
7900
8508
28713
7168
16031
21659
34970
31871
23594
35418
23221
20901
35539
17294
29194
35922
32071
38977
13900
9727
30062
30661
31316
33708
27541
17223
31848
34073
12491
30375
15294
37945
37003
21384
18236
18660
13724
17059
27010
29900
22070
24416
22058
11186
27494
24999
15438
7130
30643
23027
25163
19132
8450
29609
11973
35324
8631
12713
17132
14492
21789
22818
35325
9329
25352
32426
25099
8147
20153
27022
16895
8089
27905
16742
32990
30021
34218
14829
8778
31099
9234
12560
19532
15032
23321
29509
19024
33856
32829
6686
16753
20824
8708
14622
31223
32950
15771
19659
25118
23606
30652
8196
11802
18638
23764
7061
14679
12996
27750
13321
36101
35358
29610
27072
12244
25435
31611
36673
8956
36960
19824
18896
12417
17845
21576
32836
28341
8177
23435
11283
7422
7539
29294
16559
15833
24659
30199
7445
37407
19608
34403
15266
22920
22188
27589
37929
31853
38413
11759
25668
33490
28740
25493
20967
31907
28699
31920
7227
16190
7435
35873
20137
7218
26356
21655
10804
30022
31249
7346
14605
20926
36650
36457
16481
22745
35851
9641
33910
21918
34870
29246
37622
10200
35285
12535
34699
18016
36594
32773
32427
13978
14058
12965
10934
7490
8223
34815
16190
19561
19950
18765
9893
29370
10977
37695
13806
20482
31525
20126
21197
37616
21310
7217
16384
17433
26361
14301
33762
25150
17570
38671
7486
37842
20600
18015
31329
37303
37982
19053
26227
12105
14291
34831
24839
9117
13348
30639
37872
30730
39136
10222
23382
16361
29837
21389
37898
32154
13721
36494
9239
22728
38804
20118
29082
35309
28828
21142
15315
7960
29464
11690
35451
32238
14249
31042
10072
18158
9053
29311
22032
32250
32294
34528
15931
7187
19851
37917
15291
28261
18334
24403
35152
26243
29230
34658
31079
16371
16957
30355
12595
7917
20404
38783
39423
35936
29014
20780
31939
29494
21747
36472
31733
33497
26590
21691
24481
6902
9121
11688
26556
9345
37614
26740
39094
31737
8921
30267
13902
20717
37957
26015
24746
7871
8604
16818
34727
8872
11460
22550
10350
29436
35150
10850
35144
7087
14064
36552
26547
25625
8245
17397
19637
8694
12659
31801
31600
15793
23550
9192
11767
19426
22939
26368
37984
24597
17463
14859
18970
31949
21977
27207
13697
17608
25814
30981
34224
20869
28740
17999
17046
21252
20656
20173
9037
23757
24852
33002
7846
33843
13315
27954
27145
13274
10535
22014
23164
22647
30445
25172
23553
19159
31871
30729
29477
39715
28659
33064
31958
8546
15553
8344
8309
30527
9851
39416
10284
16140
33720
28878
13186
23560
9554
33505
30764
32733
15825
8675
34086
12653
23846
28755
15363
12494
21661
34210
29826
23699
38669
7573
32353
31822
26961
22250
30070
37971
30460
17726
7163
9918
8009
23086
12074
34231
36433
27069
27146
39668
30337
19957
10888
18560
32330
28114
27849
18107
13850
11099
37055
9123
10892
32018
7674
18257
26332
13966
31169
8646
31645
17511
17250
26088
23982
24402
19142
30152
12650
31373
21832
25638
22047
29054
9415
12087
17857
14487
29946
39078
7392
38268
25348
16088
24280
8808
29513
23412
19016
8397
10623
19235
20933
24378
26376
17044
36047
13954
33663
21700
13571
25115
21393
11900
33683
14276
37390
11035
33524
33386
24383
9877
10454
33869
19067
12476
19545
25695
39413
34238
19582
35564
17624
28655
31451
12672
21398
30409
7828
10758
39548
32561
9094
8493
33419
16636
18885
24592
21635
13746
26953
20757
14912
25746
7652
19477
27209
12246
28535
28094
12711
34616
19046
32310
20467
9140
23625
11009
22963
12432
10469
38949
38119
34202
27482
35980
33758
22193
38813
15785
37454
31878
36905
32351
39076
15012
25586
21790
10649
9902
10395
15695
24070
38120
17640
38898
37625
11769
16246
36741
19976
37360
26026
29480
15333
11396
24295
19712
32051
7840
32772
14297
13720
24863
29437
14351
37140
34004
34536
39854
13201
13261
15403
9688
18107
22488
24813
35175
39441
35399
20938
30420
35132
12529
13003
16728
7328
27769
13461
24400
38962
15315
14816
18918
27785
30979
28971
32750
15927
37672
13998
12302
30553
10682
21137
20002
38765
27920
26459
38878
13668
26661
9389
19637
26616
38811
37424
7418
34880
29184
34508
37958
33410
17745
8219
33561
10568
36284
19997
11204
16054
10666
18221
13958
10266
36605
30771
12533
32709
26006
17692
7327
31002
11035
11655
20722
19172
17399
10689
13401
37869
7586
21492
37032
28108
17954
12699
34490
8702
7378
12601
25944
13624
32866
12363
26461
15612
7711
7547
7448
13163
18036
35606
34034
15706
27313
17856
38737
38567
10252
17255
18876
39117
33766
32373
19775
36791
15695
37194
35857
20690
22475
9705
10868
18534
17238
36337
36573
28966
17831
38608
13653
27142
34994
28211
21023
7756
29296
10944
34715
13290
10722
19720
13162
13323
27988
19639
38611
8684
7647
34318
24165
29677
9265
39828
19678
8936
37521
8200
36172
17345
10269
40089
28786
24382
39254
18266
39277
31769
16863
32240
23960
36692
9090
22669
23468
18125
22132
26915
36396
25106
20186
31441
23808
36214
39819
26018
29279
29541
33304
19062
22259
30708
39946
19264
39224
21180
22890
37746
33830
31465
35975
17590
10511
39310
25331
39903
16586
30268
28623
25119
10257
37330
11080
32378
31528
25494
35682
15226
38079
27781
39413
38181
29722
38120
11252
9004
20079
34856
7669
29541
20368
33507
14830
26747
19913
18239
10813
28901
29964
11135
7660
10772
11595
30420
33330
17393
16422
32885
30013
14470
33222
17649
22062
11259
33033
26052
38502
35013
33503
18217
12288
11290
19700
16432
26014
13992
33679
37136
12137
21894
7866
37822
31059
38763
15011
23231
38560
8734
18242
12858
36516
23597
23356
14161
9934
24290
11783
31153
19941
17523
32079
23400
19602
9849
24985
8952
24351
24739
22055
29609
40062
27564
30747
8227
20109
25738
16607
35643
8088
37865
16323
35598
16671
35287
38632
33356
28634
8641
16222
9175
30971
33438
22665
38029
9395
28522
34505
24417
10743
31702
9561
28593
36740
31038
20344
34260
7713
12251
33991
23026
18468
14394
27891
24856
10807
35052
32403
26763
35164
35968
36180
31581
29231
21422
33619
17983
23915
14293
18890
28054
32176
33192
9455
35281
39556
26659
34585
15865
40087
31685
7973
40073
12107
20985
9752
20097
39795
34005
12293
12470
16219
23302
33842
23404
18442
11275
16502
18470
36803
21666
19429
35261
17874
20352
23728
19120
17285
17989
38214
34235
12920
11951
31935
11435
26645
18446
22139
12656
39516
36088
40198
9588
20960
27965
9279
25387
15634
25629
9914
30188
18626
16057
16994
13311
8675
9928
10339
16119
33935
17803
33863
24129
31819
37635
24158
26622
31115
9569
32100
11278
24697
38078
35678
38253
29938
18188
33221
30147
18385
14413
8422
12086
35185
37635
30345
12419
25965
11495
14289
30541
19370
15325
29283
36021
19096
22312
22730
12330
24244
39130
11803
9346
23378
29583
38100
21322
20633
36955
17674
14939
37583
18689
28100
22446
18135
37478
17826
34674
38903
27461
36546
34907
31455
8995
37347
39484
8679
36230
21707
27352
34457
30050
36839
17654
11375
25812
10034
13747
32989
38162
10839
39964
31890
39587
8218
22268
27132
8651
8436
34035
29962
20298
34045
35528
26677
39238
10512
21504
15041
11397
36649
33200
21568
12767
24081
31631
10585
34803
33854
38735
38343
17690
33268
18990
38820
38297
7857
39112
20456
18971
36296
14639
27693
10846
17996
39741
23989
24620
37423
19241
33197
36493
39083
25177
7859
26939
26593
31351
23447
24662
16833
22215
37726
13401
12329
14264
10893
34381
9297
36025
18852
14396
9574
30797
8424
12777
21109
23138
39269
23998
15243
21727
38708
29190
22043
32380
12538
23132
37023
14294
32945
21859
18818
22211
29099
39608
11582
39906
12243
40229
16322
9847
39991
15640
38166
23158
27331
32595
32065
27870
19791
39908
10091
35400
20445
31064
32831
19392
18971
26668
20371
28115
35376
12932
22859
32233
40116
21535
34170
29142
22016
28299
21451
23979
32937
19861
40480
15314
21831
36868
28280
31578
8059
18567
27670
18575
13360
10987
9184
17358
40224
39313
12293
39575
40346
10016
33506
14052
29827
24695
22823
30905
32668
29414
38709
11773
9218
33437
38347
15496
8187
17764
8674
12925
10735
13709
13269
12506
32949
28967
8645
25677
20753
39285
20796
32842
38010
18079
11280
28762
19744
25510
23691
13238
17197
34461
38088
38676
10059
39191
25952
16577
15975
25820
26439
17136
31413
22752
15600
10322
9717
39541
11960
12006
33012
14015
26241
9491
31829
34920
36509
40180
28305
9622
22511
27123
27453
27162
11084
40089
8076
29163
35367
28836
22548
38866
25198
24922
37845
19558
22959
22558
18551
22843
21375
10561
15315
25687
14108
21274
38581
18405
14417
13145
38112
37422
10138
9880
30291
16836
36233
17971
38347
37376
38248
14426
18569
27567
35616
18020
27477
19977
28762
11622
16579
17379
27875
23813
33973
14629
40533
39048
22817
17533
35572
11826
28693
14677
15318
14542
38648
38403
16967
8075
34578
8768
11371
18442
8015
20956
11557
11958
27455
16304
31544
22868
39778
21715
11180
22490
21155
28689
35700
18309
27938
8600
15437
35878
9270
20213
39145
13245
13235
21311
9293
14408
25704
28562
34936
37853
8172
8127
26693
23287
29083
10050
34962
20750
39131
27253
38050
11114
37028
26627
33216
30264
12351
26270
22053
20446
18765
10997
22300
28300
26380
18912
25188
9235
37590
27358
30422
21499
16874
36546
12359
36815
20591
11945
15024
19900
11702
18223
32909
27995
40384
9187
39042
32458
13312
32504
13892
32769
27489
18749
8887
33891
32651
11855
32596
31380
27490
10508
22734
33931
12496
15436
19701
38376
19909
9164
18394
19591
33404
37227
39988
14165
19711
19097
31490
32610
15853
14860
36466
10040
35451
18868
15362
21612
32697
39154
20965
22386
15127
25349
9128
26037
19495
10693
23061
14823
9124
30867
31320
36502
29620
21392
26720
9985
25962
9997
26760
23081
18319
19267
25719
21547
39586
28740
30532
33228
40477
34354
34014
23126
17146
30127
24748
31651
10102
15508
18288
19575
32789
17126
12401
39187
37350
31750
14809
24070
8712
10279
13404
13639
32365
18949
37402
39297
33758
9429
15559
29614
17727
22135
38665
9959
14357
25075
11553
36474
35397
15907
22734
8766
34078
15533
23662
13603
8602
23861
14695
33293
12769
24784
17861
31459
17423
12731
17701
36322
8759
29517
35025
21816
37800
20010
23340
25806
17263
19642
14929
10853
28701
23513
9719
37860
18634
17360
33944
28656
39769
11652
25554
15550
14334
34798
38925
22821
11774
25035
32606
19448
17846
35733
27563
38290
23519
38321
30736
16306
33296
32490
19842
40842
34948
10014
39602
32274
21790
23095
17204
39586
11178
34653
35297
15296
19302
30827
14970
16951
34241
40351
38542
29289
12898
16789
35229
26597
9324
14710
26749
26428
34049
25965
16381
33297
14085
38234
30409
16752
10276
9675
18061
19041
13078
26920
20573
12476
30497
12589
20565
27710
18656
35997
13436
9181
41028
36149
39662
17241
10200
10719
31547
36628
20809
37161
32522
10787
37669
32757
19970
17061
13283
28786
20714
22611
17956
13643
12302
20825
14904
21790
37093
20837
10468
14895
22258
34557
15202
35422
27624
25365
21674
15190
21265
28385
24560
14088
35824
13288
26734
9304
34854
27226
24163
10261
14482
24995
11612
12847
30140
22336
34738
11044
18292
12241
35668
38332
20406
18032
9158
30966
23761
17986
19818
9794
26312
16971
40447
12272
31737
32647
13927
9193
24828
9526
33197
24221
26574
18295
25926
35388
16943
32792
18071
40489
21320
35245
35256
29356
17553
37087
28024
15591
25074
12295
26785
34571
33065
18684
27773
30923
30827
12584
12440
33809
26702
25570
27592
18928
23782
12024
40555
19419
35374
36234
20976
15636
10154
9503
29081
34918
12107
39154
41086
24087
33683
10125
12502
24089
16633
18073
41074
12928
16015
12533
16010
11833
33250
39685
24252
17400
10786
33101
15698
26994
38531
17726
30916
15053
19426
35919
17533
29268
23980
38224
14562
34928
24060
30715
25745
36819
39171
33485
33510
8695
40877
11028
31684
28615
25985
17224
37010
19100
30154
27550
23171
14698
33780
28891
32283
28220
23352
36198
14319
12253
29052
16546
9900
35800
8564
12410
30298
25763
20494
18750
20706
12312
33037
36781
14286
31268
40691
22867
11089
32707
31269
24341
17031
30252
17226
24074
39165
21064
34036
14988
13684
9321
24706
22927
19938
23609
37445
9266
36026
35057
32993
27028
15213
27083
23542
37609
30257
25273
36352
24013
19713
10583
34172
37079
30181
15902
39245
24178
29811
34267
35933
27112
23190
38752
29831
8896
34446
37242
34997
27210
33336
36131
39493
14200
26512
32760
15794
11503
28276
8941
26224
21854
34731
12607
31255
31247
10533
37802
40644
18364
12164
19421
18620
13731
30940
13355
19283
25308
40119
26499
28941
24043
25949
26018
24322
35474
28242
18311
18311
39401
35871
38951
12298
18608
24917
9571
20030
22499
17616
23863
16505
29583
23865
35636
9562
31717
38350
35376
22190
25740
20582
15932
19348
40508
30895
27350
26080
16009
23739
14688
11966
23036
28347
33745
18072
17512
21514
14251
35897
11131
25965
25901
16178
16276
33945
20169
41340
24276
27381
36056
23648
30328
21922
39309
11412
36454
12985
22823
39335
13061
13267
29291
15518
12626
27087
35666
23008
22833
19919
15871
21071
14848
23428
23027
12216
36210
41132
17796
20589
17563
26072
37771
30256
27463
21619
41310
15443
21904
15872
20734
14622
19376
26787
13201
20081
10259
34019
14354
28074
39857
12462
12871
21193
35994
11165
19955
31443
17106
41082
16974
22900
22368
10240
22962
37351
39330
26849
41367
14107
24291
30990
22209
22286
28719
25650
25016
21885
35430
31615
30585
22976
9360
21166
12907
21488
28784
36417
14228
23882
18780
26380
15373
30680
34124
34547
32435
29006
23600
8949
35360
27954
22919
30314
21210
23103
35885
33672
34249
22284
26740
15660
39663
18921
36983
32216
32851
12297
30379
28663
28990
26599
36535
19305
19882
31458
32902
35899
34296
10794
37274
34486
28385
17120
14499
31900
37295
32121
36688
38830
19629
27748
38501
28017
22492
15852
32782
28722
33255
21855
29810
29000
14681
32624
33932
39065
13838
17882
16182
30048
22247
9798
40071
35885
34754
12399
13151
34349
17322
20356
27968
26027
34634
17102
11360
25559
18344
35218
38908
23494
16656
17977
33518
26299
12877
23726
41090
36261
22560
20488
31622
13288
15594
9065
25504
40800
12460
16933
17637
16803
32049
13095
40358
9863
10890
39825
34445
11237
26555
21667
33001
26268
27572
39134
32583
22744
25219
35945
23618
23956
15047
9395
13212
27997
26472
13146
20877
41049
27013
38988
11354
37257
13998
24364
39978
34635
20308
19447
17686
34083
39293
39655
26495
10938
21436
30615
35492
33831
13409
28521
13683
12142
35053
25381
10656
31558
27081
15330
21749
25376
22071
26410
27881
35940
19592
24153
26739
10494
12944
15686
19488
25369
41559
11301
31844
13866
28433
41132
35373
22833
30288
14965
11710
40508
37241
16036
25531
27436
15220
30409
24704
12219
16040
30472
19895
31934
32551
36727
34346
41128
13605
27847
17365
27984
11183
11303
29760
35572
22426
26213
9996
31869
23225
30294
19147
14596
18259
32377
11285
32406
14291
29143
27352
16948
36546
9261
23023
24862
29427
9549
31990
30546
23549
27586
39005
32591
17134
37555
34748
40734
19262
12042
20070
18067
30722
32724
38465
33489
16738
32235
37077
11020
40525
36563
28322
19091
22124
24291
24759
27661
12372
9893
22656
10754
20479
24447
31200
10398
22909
11154
29567
23730
11239
29922
12646
17404
18581
34743
40393
29352
14992
11332
25635
39446
37450
33671
27273
27870
18829
11120
30007
33810
9138
28229
10352
10691
24083
33093
23685
11462
17603
38540
30771
41399
32636
17974
17713
13631
10968
37575
29450
29587
37316
36043
15401
10557
39730
22969
24882
16671
16399
41501
28313
17333
40309
10998
32877
23450
30497
40541
30836
33614
15911
18280
23165
16438
28644
17742
17138
36580
24885
31180
11181
25753
18918
14023
29452
27144
9326
28466
22856
21341
13785
28466
26626
31102
20997
24448
30751
39057
12305
38928
18902
22462
25363
34288
25351
32310
19209
10354
10191
31092
37395
27021
24921
39107
35295
21889
9975
41472
32100
30138
23921
41889
19155
21239
16541
10230
22986
25259
11055
11695
16843
25507
37075
35231
13550
28138
24185
38335
33490
14826
13552
20854
18393
25299
12727
22295
40085
10305
14864
19116
22909
29465
31829
9714
17125
41395
39823
34212
12589
24383
14661
23548
35128
35425
20882
11384
39199
28447
40314
13530
11559
22525
28542
10098
28913
14950
15982
23199
28913
33358
21119
37268
20513
16662
18590
16984
34295
17328
24579
32016
14484
21507
17928
22657
34622
10641
21564
34769
22800
19799
29875
32141
33776
29940
41121
16369
24514
39182
11559
21091
39387
19186
23149
22592
23737
36218
22769
21723
40945
13620
14623
11459
13416
37824
31009
19525
24774
29306
9464
38706
41512
41050
15564
34275
25878
38680
21888
37753
19124
31635
10122
24937
20028
32115
32770
13369
24235
23053
18424
11652
16571
34440
38411
26436
19730
17726
32311
21585
24249
10853
37871
35364
34255
21487
21100
22497
21119
22702
24388
20117
19503
12988
23358
40635
26874
10522
13669
28422
39265
31895
13403
36954
15421
23540
10736
13083
36600
25413
34035
33195
28157
10906
13641
17454
31085
10207
38459
29073
29204
26625
21268
20938
25243
25427
31212
38241
26879
28975
12479
34351
13378
40672
16578
13670
35424
28095
27638
19153
27268
15517
16637
22877
40828
24673
24877
23769
22122
12274
27875
17658
36285
34648
35353
12706
28768
34334
14651
17505
28977
36090
27703
11069
15029
16048
37844
18606
18186
34867
38724
40173
13341
29709
27132
21614
10269
19714
13251
40875
23087
21488
16137
14372
37731
36090
41339
13988
15334
26597
21204
40645
18554
18370
9718
17334
39972
11726
22585
27196
12836
35734
11011
19447
42026
32863
15257
24551
24775
34244
36148
35887
9762
20385
31064
9496
38124
25392
31329
23896
28566
10610
33887
35733
22977
32977
24611
26917
11254
37379
15514
11800
12183
27697
27226
11896
22293
11353
30075
23759
18020
13297
37288
21994
16300
13005
35957
23005
18498
34882
14835
22087
39382
16268
36739
26071
13294
11117
24807
26895
41363
25879
29599
40008
18249
12876
23666
20215
19781
38596
23371
41006
31195
38095
10566
25702
36918
24891
27915
39035
34635
36472
18779
34296
11535
29434
14824
31893
35304
20191
12906
17662
39010
29906
13295
12502
9508
31279
19570
27644
27426
12903
13488
29453
16404
31143
32823
21290
25894
37556
37824
38651
20465
39962
21950
34035
32682
24709
19767
37590
12953
34415
41683
12921
36813
25339
14387
23498
39183
29729
18819
30735
30996
17932
19795
37491
33271
18368
34466
29118
28646
21248
32060
32612
17435
27503
20551
40897
19469
30965
38680
24483
10472
33124
17483
39689
27451
9564
16146
33066
38641
25708
9933
39353
41859
27769
29915
12136
19564
30820
28848
17323
17884
33255
10792
28606
10672
19136
28187
22249
12450
33042
26930
36355
35773
33544
27897
39989
29205
34235
35637
30976
14004
41814
31607
11137
31447
38008
32497
28404
20571
39129
13961
32888
24690
21297
40748
31249
27290
40021
10341
24307
12240
37283
39214
15614
40448
25249
14086
34693
20417
41441
25411
36691
13375
40232
41642
15344
29560
32974
17213
27168
25260
19048
37972
37805
40206
20133
25839
42086
38080
22134
15435
41064
12286
38770
32947
32668
18074
35704
32921
25217
37800
27542
37349
33836
28538
21033
15245
36237
26063
18502
40294
11763
31815
16985
35386
40146
15642
20492
34842
26821
23050
33643
10997
14287
31638
21317
32106
23782
36977
31957
27611
26290
12594
10401
26051
35730
27725
22179
10569
38624
36418
21927
27925
15222
14868
18932
23650
28528
26109
34606
39252
13620
36960
16763
14732
30128
16639
23013
28923
20451
10862
18944
24307
33183
32712
29388
12676
19853
21152
21212
37637
33393
36154
26552
38385
34735
23803
16001
37621
37647
41247
30675
11590
27581
12714
17135
28984
24212
37537
37914
16653
18331
26489
39488
33802
21712
15056
14301
19409
26149
28251
33566
25578
11977
26400
37187
32675
31656
18917
37191
31258
17205
23528
31171
23704
25191
23504
19984
40736
11009
26340
16043
22344
10007
15995
10462
18760
13774
33203
14749
36689
25955
12134
14255
19232
11887
33882
14606
38354
29801
35256
18319
41466
28524
26560
14533
17393
25402
20666
15651
21613
18306
38960
27234
41301
17758
19034
17698
24788
11808
22490
36308
23213
20302
10666
21719
15310
18411
12626
39393
18471
17144
18782
31393
24252
15163
31247
13475
33785
11327
30289
32371
26182
21660
25837
31749
37084
28024
18944
21076
16599
31566
42156
40522
37004
39919
38157
21216
27932
30150
40558
17030
35402
11359
22973
22469
18569
32299
11325
16675
16729
28541
22139
37959
28116
9945
28547
11357
39812
24174
41043
18364
41848
36577
13200
10438
38807
14156
19832
15888
23092
26247
24600
38340
21474
27046
12223
41027
15241
17346
31666
34318
42169
21245
40737
38118
18495
18112
15962
34866
15094
19271
21565
12450
34528
36448
13296
16146
23157
33135
21204
14001
16955
31926
28343
19042
41111
10195
25675
10594
22499
19338
18902
32555
23232
28869
41516
10905
38574
28889
15323
28748
27866
23307
37029
11341
11574
21331
14643
18164
18383
20064
18695
28937
10332
20187
42675
27433
28690
34800
13384
23659
33216
35083
23570
31812
37911
22239
21890
37800
15945
38317
13932
39282
13015
10435
42099
28166
40099
27459
15041
31285
21069
26149
30715
13665
21436
10111
18547
22241
17915
40708
32928
13990
24903
41931
23500
41247
34150
34643
21261
41563
26682
22979
24694
35950
37525
17270
33422
15637
40783
38838
37889
26269
28822
33992
19350
24576
20358
34090
30817
16466
10745
30232
20026
18779
25249
30548
22126
25990
26452
30759
22708
15610
33190
38307
20578
42502
38333
11820
16864
29890
17249
20023
33885
28147
40275
23120
21442
24880
27360
39522
16100
11843
10165
35379
17918
14802
13813
37678
15710
38207
30345
37733
18526
24012
15288
21974
32918
38659
18935
24557
40272
33877
23298
14411
12092
17921
22315
35526
17510
15671
14578
19889
34916
31613
20183
19549
13524
16723
20332
15071
26118
20498
29614
14100
10229
37658
35733
23267
20348
25644
16618
17346
29638
28437
31833
13180
39943
30861
41159
11825
30057
35934
37094
14750
42314
22217
13062
41374
35748
11557
26414
26097
35276
35273
41835
13629
41312
32556
10856
39250
32634
26187
36927
14514
18474
19531
33167
20817
13860
25440
32975
20633
25269
31469
36321
11441
18940
17133
27626
25343
24406
24209
31074
16364
17946
35370
20071
21479
33415
22602
38231
14764
14074
18982
20893
37318
16740
18239
35019
22354
19708
14402
33258
29191
11313
18732
36621
10611
36579
38577
38189
23943
26834
19167
17968
10326
40023
27903
16715
19738
15698
26812
36234
39032
32867
36999
41645
38405
10845
40761
29750
16136
37879
31994
12992
34434
38341
19298
14226
26219
28775
31967
20084
21055
34049
31575
20930
12985
29163
41486
19646
20190
26537
36553
38954
17982
18973
36404
42263
32887
29179
42881
27128
13818
41598
35666
42490
30226
34649
27097
28312
20002
20209
29757
15209
30254
13513
36160
25661
42652
36925
27936
17769
31548
15220
15546
32351
34695
26256
27637
32386
32804
11047
18270
21560
40369
29687
37136
29248
40127
36053
41175
24390
32542
28391
20373
33716
29276
40211
12772
35276
32648
42167
26108
33780
26683
38555
30936
19792
21722
35876
42644
22678
14357
36042
31258
24862
35763
26571
36861
12857
19090
22049
32933
30916
19433
30898
13741
21245
25553
34504
11913
37525
27908
16576
30828
25862
40932
31494
23912
22054
23231
21825
36568
24828
16209
29130
20219
33491
18826
16739
24033
33934
17298
14118
11659
28219
15115
30907
41294
22763
23446
24270
23672
37568
21144
22976
25654
18759
41022
36509
39093
11784
31166
16463
18824
18780
41184
22801
26954
28543
21694
43046
42116
35814
16327
42954
24528
14035
34570
24425
24895
18726
24242
13839
10489
25206
18380
18720
15651
38240
23377
39753
27910
11807
18016
12214
20333
18269
23499
25989
32846
41289
24277
42875
25005
28394
27450
17398
25534
36275
40560
33059
38986
23383
26157
16753
38227
40415
38953
19526
27387
12793
14117
36592
12450
29587
35116
27102
27983
38056
25369
24080
24401
22106
19801
11980
26406
22594
26098
19347
39323
29188
41924
38483
15669
19238
24335
23006
14032
42274
17206
33947
10630
35769
36291
31611
19922
24459
16042
39215
17397
28389
40402
11673
26009
37082
14801
37248
23221
30357
17400
41607
30128
42733
28047
15200
39625
22586
10849
31805
14006
40039
31868
30599
34955
37705
11570
38611
17118
38703
38755
19474
18473
38843
26367
25351
34415
38640
29126
34559
13859
31883
36178
20668
32837
13207
34392
28850
20430
17980
40235
18806
21070
27608
11137
36467
27604
15697
22394
15071
41486
33705
30686
29933
17073
21714
36262
12612
18715
29380
30399
10929
18232
41166
15882
33304
21922
25385
11431
39601
20236
23763
32883
34416
23264
16282
27599
38597
35623
33399
17060
25990
37290
21022
30884
27178
20566
28627
21714
28471
18661
29311
32324
31741
12219
40451
17959
34437
42510
17612
21253
33221
24394
26536
37187
39957
13748
34776
36078
16871
29261
24422
39095
14514
19449
29625
26171
26159
25056
13926
29576
38856
13589
43081
29149
24142
25974
13013
35250
20970
13779
11176
40952
21078
39762
13922
32930
38732
23569
30904
37476
42303
33038
21700
30651
31306
40772
40351
16685
34662
15383
31282
38098
18911
20722
27209
28435
39177
12847
41449
24754
31791
23863
12004
28171
40140
29162
40106
29593
43261
23361
35426
13243
14903
27441
26426
29112
37941
28115
18683
15873
20533
30659
37088
22455
18532
29638
21160
18285
22423
13231
12778
38703
16699
34947
10665
19395
21903
42459
29224
33582
42513
21642
30975
23675
24117
14464
40815
36023
37981
11758
13043
17728
42758
33195
21527
20288
31295
35031
16269
32884
43360
23486
11646
27954
33016
14334
15134
31658
21767
19949
37507
15468
34670
32053
17591
11306
21155
17601
35340
17087
11433
27101
23727
29553
22080
39576
41344
33395
27225
36717
21281
21422
33228
28707
25421
38594
16205
32754
18028
29767
22429
21735
23908
41048
27133
40586
12721
30290
15592
16317
14264
33241
13057
16359
35672
39196
35915
22354
23235
27738
18328
39634
29580
11942
14404
35496
42497
15335
42018
34981
29370
24610
32183
31123
13938
41980
36518
38352
18454
17018
42604
11580
15644
11276
41293
25173
18454
15050
23438
41121
25991
31741
25829
21069
19189
13025
34862
39187
19519
30889
31583
36449
11057
40388
19390
20151
34134
12383
23122
21584
21517
19499
31895
25862
13023
38752
38262
38768
24592
37122
14963
13133
11124
37987
14633
28965
18308
13801
37107
23853
12465
23825
13549
24940
40697
16308
43547
15132
13751
41609
21991
24403
26047
33516
37073
37602
13738
36317
20834
14717
25711
34892
33633
40989
39476
35988
24394
18083
39779
16709
22012
27838
12799
27942
25778
26126
16697
35962
25908
31114
14142
19331
11855
20511
20820
35397
39042
13977
26149
19852
15098
14023
43610
16688
29889
19418
41836
12184
38450
13839
15543
37501
16048
12686
13009
41200
17047
38033
18713
32415
11635
39112
32147
28756
13424
21501
12019
14782
11538
41972
26871
34932
23590
37269
19194
36919
12537
28492
15559
15479
16583
14001
26027
39705
38518
26980
39374
25720
43652
31035
12738
17578
38719
31648
32861
18948
23860
11316
23236
40160
19433
33465
26313
25757
25295
24622
41847
32232
15986
38715
24554
26170
26099
21456
37989
32930
36024
42506
20894
38853
40034
13398
14940
16675
39679
22744
15172
34204
16769
11790
29936
29490
22128
20144
35906
31760
41179
19675
21752
18124
34708
42095
35456
21481
12445
11446
35597
40096
13533
19782
18666
36575
15383
31272
26127
35475
38173
15161
11762
17443
40513
17105
24991
12348
37389
22435
35339
23764
35892
38372
17573
23401
23239
19376
15919
41098
28588
29865
20428
31897
34381
39137
29274
37327
20877
37626
31745
27520
17920
33163
23564
39585
21595
26566
18680
31623
43049
16728
38091
35057
16064
36241
39848
24649
27252
38341
32927
23335
38410
29426
11465
25111
23664
38562
17557
23708
18603
23315
34653
25205
21008
24214
19773
37406
26807
11829
38692
12442
42541
33688
25899
30320
30313
39466
18214
11764
19713
24439
23417
34503
15006
33496
12334
17057
30382
43091
14916
40782
12632
17085
22345
41463
16821
22817
36139
42915
33853
15206
31819
24317
32127
27179
14291
36696
38166
13814
30794
20720
31960
22926
23653
39539
38992
37797
11296
18368
30831
33722
21006
32238
16254
20030
32493
37008
33111
19446
11134
19511
29653
18592
27796
19001
33673
38105
19818
12721
41134
28478
42041
35271
22623
35026
38154
33074
36360
43168
14025
20219
26907
12961
36508
36995
19204
38367
21875
18631
24926
26075
15327
25827
43111
41772
40999
27093
29105
30570
27289
12164
17179
26698
33822
19713
41472
17930
39697
39436
40622
22800
43601
27098
13338
37582
30357
25365
20434
17896
30208
39205
38450
43417
22006
19118
14043
11347
37677
26969
25953
22949
22535
20184
19012
22370
38175
17188
32802
15872
34849
14345
28970
20542
42208
24037
43220
22025
38050
30125
28111
40609
16318
33840
14395
28152
38250
19104
22553
22875
34254
43086
24576
22355
25181
18869
43025
34510
39012
18618
32045
29050
31203
41522
20581
19826
34973
42149
31409
33308
30571
15441
26853
29777
21973
16498
17378
23999
39395
42433
26889
13196
31793
14907
18166
24636
23106
20003
29290
21717
37654
28234
34696
13633
37375
37774
43845
41971
31664
27553
16666
28878
12695
40716
43259
12098
40813
14451
39309
30648
34571
37146
27284
22576
15999
26280
25514
14376
37983
32299
25399
13248
20061
30813
29085
12829
30236
15142
38067
15115
26690
37985
30581
20454
22991
31203
14842
19386
18349
35513
32166
36521
33927
13746
33184
30861
22751
43294
25478
30431
26971
28628
22624
43480
22368
24442
29139
25813
20450
15360
17304
36352
31867
13422
32044
41261
35514
40160
19400
23042
15805
35278
39059
18779
15874
12433
30487
23020
39802
12579
22513
34857
13791
11559
21453
20834
32584
20521
41618
40499
19707
11558
37594
44059
43650
38223
38309
14955
25345
19466
12878
32354
13510
15418
30398
41622
25378
37568
14303
21909
39543
25154
13907
43981
23187
13354
31591
22697
23356
43762
33346
33533
40716
39328
33123
14500
43136
13452
26698
17768
34123
16233
25972
28961
41968
23683
34957
26913
42895
24902
21730
22736
11775
21504
22549
30100
15390
30440
39188
33268
17509
33886
29515
35836
31680
32884
12825
27363
28828
17326
32897
16363
38977
41734
33059
32393
18018
22835
41578
16326
17138
38187
33542
25829
29242
20967
31389
19782
17193
23398
39613
41866
22507
42228
15382
34296
40125
21676
27622
36383
16639
43068
19892
31677
18058
38632
17729
34528
39749
21714
31932
40267
28915
39800
39733
36635
18255
23422
16212
28331
23643
15278
37451
42932
30453
35133
34569
37305
16299
32079
39344
33186
39888
31678
41802
40615
16079
12055
38328
32367
26048
42470
13290
19577
28985
21812
39510
32956
20839
42061
43938
27018
30813
26055
13732
36026
18091
25023
25229
41990
42547
21862
19041
14514
18232
35773
14507
41583
13240
29596
31342
28030
11516
22265
18526
27672
34669
38759
41296
30478
30889
37853
43248
41389
35798
39865
24242
25828
12343
37636
16651
34217
38396
44024
12512
15000
19807
22975
43327
21725
23532
24702
40781
28757
15392
42642
40575
28400
31542
43802
29965
17242
26942
17845
33956
20186
36719
37773
35676
22138
24766
13716
30953
21352
22704
17421
42005
41628
31852
39759
29806
22459
29204
26053
21563
14139
41557
34618
32437
39881
38973
19795
32372
19175
37709
35165
28712
31962
32720
30537
23945
39875
18795
38389
17553
32268
15348
21678
40680
40965
26247
14834
32160
41167
13527
26490
36130
34426
12995
40824
38248
36202
11818
12061
19053
34559
43775
25182
32994
35701
23968
25848
39715
33544
40803
13489
17001
19036
37234
35041
16449
30237
25050
21298
35901
31202
26334
15780
25065
13912
33937
18900
29440
12956
37028
30077
35296
34024
43132
34879
12348
11890
11655
28319
11793
28305
23505
18000
29915
20770
11986
32689
19208
31786
34955
14486
19373
32957
20177
13387
36472
13086
29416
38102
35814
20007
38739
14717
37301
26091
18411
26248
23453
28059
30767
39496
42043
21670
15323
13144
16974
32548
28092
19491
42533
40309
14530
28582
19288
42789
14167
35704
29367
32019
40175
17159
14464
30419
40416
34852
23253
24400
35189
40130
17516
42166
19005
25082
12169
16271
16553
38995
29993
38188
43990
30017
23680
22854
38056
12779
32422
13029
28440
30513
37518
43137
26063
19182
13623
38759
33779
25210
33318
14943
12609
32372
36883
33676
13404
13246
42467
19859
12132
17864
15318
43008
19147
30226
40194
17125
33380
27884
15616
15811
18621
40833
38373
23982
29871
22291
41587
28333
44339
15752
18577
21600
18295
37670
18425
36325
19250
29083
33073
12539
37172
16448
43196
41064
12353
15774
14993
33177
44063
16946
16844
13705
39662
41069
18596
22756
13496
17919
33949
36715
33097
33365
37630
40602
38977
38496
22918
39816
42855
29081
24411
12304
13120
16450
12867
15150
17889
12014
44054
20651
32769
34627
44148
23549
16466
35327
39603
27241
21778
43577
17435
24682
27612
36330
27222
40534
13253
30635
38434
22591
26020
32192
33353
42263
42673
12886
13011
35096
31058
41225
35962
32611
12337
17833
32862
18152
38802
24638
40954
30341
18660
19017
44375
40050
23701
12621
31615
27868
28203
23182
13109
17360
42641
21529
20451
32347
16558
14084
26836
28400
15420
24311
39587
28937
13016
15084
42228
24593
33621
39730
36961
30082
18262
41144
28856
21067
18204
12680
38755
14196
24476
38546
18983
12804
36565
42667
21010
15907
39520
41685
30382
42364
33865
42945
14715
40165
16925
22674
26012
25922
27204
42724
18385
29606
19345
23565
41637
25788
41752
18338
13033
16230
25664
14142
22624
19107
18201
39806
14012
31414
37103
32336
25289
14725
19231
44654
28649
36415
23593
17445
29120
26689
14087
25435
17968
37179
38077
24272
15240
35470
27698
41124
26360
23033
39998
31770
16201
35189
31748
19611
20426
24157
17794
34302
38798
35794
36454
39430
26836
25694
17187
22316
23751
20183
22597
42143
12136
33415
42497
16266
38856
20105
41489
23957
28794
28790
27583
22702
17480
15938
24127
18441
37669
42848
40257
43621
25443
20781
20423
34194
29478
21131
32052
40752
40473
21196
16550
12985
19295
36819
18054
18626
30669
36725
18526
37757
12374
32805
31466
29827
37062
36049
41585
36816
39604
43015
16725
36879
30897
37468
38122
32793
33222
40974
21636
23992
37150
33256
26324
18864
34303
38246
33140
30976
32767
32794
26304
19301
43892
39502
13800
43808
12844
27883
33091
39417
42078
18074
40678
36740
28129
44072
26486
36003
43932
43055
22330
34892
30014
15859
17780
39308
28463
33674
42482
33484
14534
42816
35040
33364
35516
25657
19680
35853
39392
43608
14173
20619
37389
32096
26395
13642
15705
20313
21779
41528
43920
23094
22399
18548
28129
15540
23345
18006
15062
24197
18216
19631
36490
24494
15973
43346
39702
38702
13307
23251
40268
25824
34150
37262
27048
23202
36637
16875
17795
32951
28523
44001
24714
14698
27514
31673
33391
34804
43697
26645
16606
16032
15423
28976
20915
22573
39672
42343
19818
32884
41825
36601
30166
36939
12294
44811
21782
32936
20500
43503
18630
39178
19491
34981
19826
23828
27988
13218
40528
32123
15004
35537
32046
20515
41055
16088
13993
37765
13889
20380
13984
33108
38713
21511
16616
29792
32743
28425
41537
42426
42791
38364
28041
17689
34022
35725
39216
28796
31540
13752
37100
20241
38299
44691
36782
21334
21167
14381
21972
26750
44007
29944
36768
36630
20395
35206
32745
44264
16814
35728
17168
37920
21886
25148
15926
34221
14170
31647
36524
13034
30531
31617
36267
33406
19029
18273
15430
40065
30296
37817
43932
33248
39827
22148
13650
13058
20704
17148
38977
43435
17926
12968
19819
43553
24642
40854
43316
44942
34087
37862
40143
30630
34729
12936
44022
29065
27508
15685
27358
37867
29314
15364
39018
24178
43244
43334
43167
35423
25344
18420
21336
44657
24981
34394
31546
23046
37019
37491
33003
27524
37878
33639
22143
42487
38541
15442
26419
18940
36765
27719
42846
13789
29268
20373
24740
20733
31643
38472
36461
18039
37427
37875
24213
21250
27907
40109
43622
43544
29616
13146
31683
13911
36207
27948
29349
14631
21015
44649
40652
36253
20859
42094
41390
37535
25846
41204
44212
32841
16199
14994
44965
44176
44703
22147
19298
33573
17657
32682
23765
13468
23210
44755
13348
24782
40761
26684
19498
16508
44144
21076
38439
37429
20403
43458
44470
20089
32145
13993
35072
26398
41881
42794
31024
38387
19567
29483
36647
32420
18975
44375
14448
42973
23216
25958
43126
36786
31485
32671
25076
24383
23488
42395
29870
33163
44272
13387
17247
41395
13133
19261
26098
21572
23609
24858
31732
28648
17353
33140
33610
22853
24860
38846
34591
17954
19691
27548
15137
15307
22114
12894
22253
19639
23086
22982
17863
22889
36824
28690
32399
22676
16721
19766
38896
27266
41166
24938
27867
15286
12501
19684
25908
31441
29336
42215
14027
26034
20099
35324
12941
12769
27409
29568
29180
21550
26083
21598
30940
27541
41747
32030
40751
21349
42694
24351
22372
41122
44288
38176
42188
36519
29629
21765
22093
40719
27453
44760
22874
28886
16543
15631
14626
37564
30385
43533
40456
21738
33031
44779
24916
24024
38218
28535
35112
34414
42707
22397
16565
16746
16504
23878
41134
37377
45222
19807
23549
21961
15281
33691
42166
26070
18535
13659
23881
21283
15083
12557
27131
16948
29121
14067
13975
43514
39205
20262
17504
31223
18593
16602
21579
27555
40670
36579
33131
33549
20411
40313
24493
33477
22684
25912
29381
22266
20228
22378
37224
15328
32103
22409
35004
41812
16953
28160
37901
40387
25931
38962
31937
19016
22359
22973
30350
37396
36826
29440
35818
13075
32033
24795
44739
24013
15015
35253
16753
27274
33182
15300
44009
27065
34764
24712
20787
37778
16536
35225
31006
23291
13413
15011
33330
42920
25118
38063
28646
31623
24338
18084
43283
34651
43267
26381
31401
29350
24185
39708
12961
23245
20828
44783
26418
19831
42946
33555
15944
16950
32518
29511
18738
22377
17690
39554
18586
22113
15390
38967
27835
17090
23601
15063
26062
31020
34695
13208
22725
41243
17595
14197
35900
30220
29543
12661
25005
44002
44787
27185
28387
29319
21418
18576
19377
23766
23059
36822
26595
44729
31870
16093
32117
22158
23261
29857
29443
38352
37077
32259
17025
40179
29205
28870
14380
40591
24807
30686
40384
40385
29444
13546
42476
31695
22701
23295
44035
35082
14839
26279
39924
40185
32359
38697
38524
31155
12990
36107
42394
32397
33046
12758
38212
28149
28462
19737
17496
19102
22275
27312
33237
36830
19872
30278
19019
18772
27702
45081
31120
19917
44911
24317
17589
41320
24832
25508
36920
17145
16254
37148
30331
26796
22642
28313
37493
28651
18607
18037
25256
33921
22243
42613
22611
17151
40045
13646
26344
23134
45166
33128
42944
28903
35107
44257
26126
20560
34674
39637
42770
40232
24770
33245
33423
40309
23312
34773
24446
21147
36671
19171
26884
27263
42416
31668
20386
19437
16659
27913
43692
16951
35709
15475
36348
35871
39354
30810
42983
20983
39140
26436
31600
18183
31284
21588
35516
31279
37145
34065
34246
39374
22407
15466
20820
44770
19602
28406
31274
37744
41275
35968
26749
43046
42890
33474
26538
36159
14301
23921
22056
25255
32895
42874
37307
21343
29564
29068
29675
28708
18100
41430
29365
40267
14895
28946
14720
38896
39088
14530
20051
22095
42637
30393
38724
18290
29373
43486
21556
13837
15923
27693
24761
21158
28010
28158
21084
43256
14402
13962
18181
33946
35850
19883
30643
35036
21470
13027
25456
32754
39731
17824
42629
42324
16048
33470
20970
28516
40768
15182
22272
40017
35685
43158
23426
34364
21199
33112
35257
33434
14381
29784
45296
20698
13635
44056
18984
23623
17724
16358
13581
21807
43330
13848
16680
25925
23373
31639
22357
33604
41784
29850
22392
43477
33306
35508
32364
30131
26579
23569
26684
28429
26341
28669
33430
33324
23174
38053
33660
27477
13043
18978
14397
39409
23558
24243
16548
20203
29195
41034
35439
31322
14544
18251
41218
40032
35067
32400
42333
44369
42912
44208
33356
20760
15379
25217
45277
22999
22523
37595
41239
24014
17832
30623
39657
25726
37031
18424
43873
28430
31891
41953
29215
24557
24109
22760
25352
34233
35503
25649
20543
19808
20830
21949
20561
24453
13151
30956
21679
44325
19915
26177
33890
44922
43526
25190
44794
24351
26700
44656
27591
42614
30860
44387
14668
21319
21882
33529
45297
19369
30176
36767
41720
35366
26676
28097
44722
42266
19568
21575
43763
25948
40990
33376
29379
45088
37042
39038
27222
18460
18461
33442
20543
43498
26527
22489
44768
34734
42205
21254
33317
43000
15667
18659
25970
44012
13131
16195
24025
32928
35567
35226
38033
32709
30491
36542
38307
33674
44631
39919
26343
29117
22851
26902
35631
33331
20340
45642
17858
17515
38526
35480
45580
43118
22354
19460
33683
36601
15819
18635
33325
42206
30339
41451
38513
36264
16107
26341
31339
41342
15259
25282
25236
16970
35046
14932
45824
35866
14770
16318
38106
25798
14470
40759
32782
44755
16101
18698
36165
41879
22235
15585
42006
39070
39637
39492
22906
13389
42934
39517
37505
21957
29990
22270
16196
13322
34861
33509
16923
30821
13314
30526
22288
22534
23837
14953
36755
28910
29331
25598
13935
28172
37283
33294
45052
13990
34700
25516
43670
44283
42402
27820
45903
16423
39841
22187
33505
21830
19521
33616
38631
19420
20491
17360
27468
41333
39530
14776
26627
30856
29957
13543
22264
34465
17740
45785
30279
44479
20561
25388
31405
17659
28890
21852
38459
21611
29620
13266
22354
18502
36426
45085
29643
24393
41846
33919
21622
22617
19094
44715
29894
41833
19683
18381
27338
39326
36094
40395
43871
32945
36044
29130
24229
23958
34180
32757
22703
23131
17926
13433
35455
17234
19311
45524
32561
24434
18410
35920
14710
43003
35785
24266
34116
41817
34004
40120
37324
26443
18400
17771
26541
34372
22692
23697
36711
27666
41929
19453
31762
28093
24384
37547
36432
37042
17624
25854
17280
19744
23312
41549
25908
20387
16425
17310
19685
32288
43904
42929
36838
17392
39195
24641
42903
26944
21378
25734
27099
31159
20432
19710
26060
32346
36873
31853
30893
36525
32686
23075
44831
32027
32399
33149
18072
41624
36321
35502
25362
36229
21392
20671
19712
38868
26583
22741
19334
43116
41229
16051
28393
41935
20930
19071
24389
20474
44298
37833
33662
44941
17689
21961
38008
38955
22544
22760
28811
34852
24343
38275
17201
32593
37804
29675
21762
24384
24378
19888
38883
38545
26862
37919
17274
39840
13766
16393
38373
31333
36587
28358
36011
31128
41536
20602
43506
39704
37179
19351
39411
31629
25076
31139
19628
21836
34427
24892
22484
43644
28271
37209
13588
23159
22220
33234
45172
42611
19461
23843
39700
26978
37459
38765
38428
34583
26700
30397
35317
22185
22455
28817
40378
35868
34975
32920
17129
25918
19110
23738
43359
40400
18588
43608
44931
28390
39504
39125
41665
40337
43174
34133
25658
23738
38890
35780
17849
34385
44132
43291
45801
28584
23853
21214
31430
23833
35137
42985
19794
22767
33492
40557
16777
29060
25834
21302
30614
41638
26402
24111
43847
28223
41938
20519
19135
26677
33881
15829
25963
14736
18353
31770
34615
24283
22340
29063
21505
42444
24065
41247
30541
44583
21934
21086
15419
29151
32384
31354
25015
39038
29929
19176
32496
39368
22961
35106
35851
29595
16456
37800
25368
30490
22363
14404
19781
28939
32677
16275
28753
45436
17672
20929
45124
13997
28124
39060
22878
32554
38023
17068
42573
18232
32589
19465
30371
13682
43626
45005
18822
15028
14430
26435
20649
43320
15497
23073
44924
18175
37879
41994
15008
24435
16509
21335
19358
38986
31237
34071
31960
36269
27174
33364
25024
31130
17912
17049
36679
27271
14886
30640
34969
19784
23876
34480
25607
20018
40035
37432
15428
21889
21987
31221
16853
41719
38537
29546
32963
19654
44241
40944
44691
42416
34438
17403
38007
20077
35983
33696
27078
30285
28940
18516
45738
36638
41890
46071
30489
30800
24594
17681
26118
25943
35601
36955
14552
33617
20820
45953
27419
41449
15594
25894
39541
25467
46286
17960
41692
14457
39613
22566
19207
43533
31557
15680
38178
14335
33823
42270
34758
19930
46270
35636
33576
37706
32040
43588
30353
39881
16133
18724
35342
14714
25845
17601
36968
30549
33831
31588
21846
32389
15400
32052
39922
27406
18680
42493
24938
21427
31587
33839
14328
35095
35726
45354
19988
20514
31185
32440
30184
39846
29124
40411
16644
35139
25501
41674
33875
42376
18361
35382
22605
15194
16504
41937
26991
45722
36430
34321
44264
16898
35351
28465
19862
30800
39339
14202
25904
24743
21171
14528
21957
17970
16315
20271
22373
23306
31624
22344
36382
18010
38571
19750
15402
24001
31574
28934
25702
36343
17263
38150
28934
14004
46307
30765
45703
32205
22589
21164
19174
23968
23927
30563
22800
29363
17167
44711
30873
19608
29534
44611
27056
17940
19494
21180
30035
43136
17514
32218
25023
40558
42114
15971
35627
14736
33902
42282
29877
36822
33899
27464
26013
46039
29636
19882
26289
35954
23019
16844
46088
20405
38344
26563
30451
42237
34641
23937
23601
45663
30555
22357
23138
39239
45487
41393
15550
42591
34145
28720
17927
14515
40797
40407
32700
42002
29507
17052
35216
37559
42613
16932
32027
43561
45422
14289
14798
30559
43861
25596
44332
26152
29649
32383
27447
18378
44832
37495
43817
44265
18531
18248
31845
38571
28220
15073
18349
17178
15771
20801
28821
39114
36565
40249
43832
30139
39159
18036
23081
25984
24409
37046
34989
33441
40310
26721
21799
34623
42234
38973
24531
20726
25117
35960
37303
23560
31280
18156
20439
31159
14453
26785
28329
17906
15668
29843
31176
41012
41739
44981
41964
43946
36486
16949
29466
39572
23536
32258
32024
18669
24424
28300
18468
27214
27447
38347
41957
20240
36960
31362
36514
33969
19833
27589
31410
21880
40890
40377
34868
27484
43604
33691
34560
39459
26627
35587
21725
38087
39655
40042
27636
37405
28304
34026
46468
42168
32856
44358
29912
18956
16885
16938
24182
29903
27214
45492
44954
38565
26766
41522
23010
27899
36215
17966
38731
38195
24314
45480
31324
44034
18948
38050
20129
31767
42650
32482
23899
32766
16936
37107
27254
15171
25622
15981
32187
44762
32925
34166
19527
27838
36313
16265
22076
36569
44831
28534
36022
38180
43664
45226
37889
28431
23790
43953
30217
46115
40879
46073
22801
20454
21840
29401
36520
42239
36844
17361
36569
27546
34317
42516
45987
20238
18882
26435
18601
36541
30194
27516
17193
42556
17903
13971
46642
16565
19278
39583
22290
31625
46583
44985
42510
15417
25208
30976
36695
40326
41631
23265
38969
14295
29767
18069
27796
18652
39538
16106
24720
32369
19608
39495
14989
26821
28735
42474
22873
22459
37068
36469
35494
42896
35225
45481
42427
16575
38471
15729
15977
20257
15702
16418
33857
29785
18674
36353
41476
31087
16912
40966
45403
17339
41402
20447
38600
37125
44199
38200
23005
16106
44303
43066
19884
41345
32445
44369
40318
44351
41318
20019
37320
30744
17721
25630
41306
21991
34231
38752
41690
37904
18117
38941
45681
39012
26624
21581
40900
26437
16976
20228
30758
21770
41920
31990
33035
26277
15757
19002
46784
42370
14460
44366
41818
27315
25457
27484
41453
25931
45118
29115
25086
24583
29369
26809
16186
35380
38417
25496
16744
18380
15458
20950
22684
19683
31878
38322
43437
34881
45615
25579
32490
41297
37938
20683
45321
36154
34086
44644
40032
32587
21038
40986
30296
14492
21523
34657
38686
31474
42646
44488
35739
41700
27140
20535
33703
44348
17162
28532
28793
43936
36043
35308
26466
27762
28976
41649
40124
23028
23423
14783
35613
21680
31024
39299
39632
36119
15612
40350
23941
41064
38966
22246
45639
31955
24158
45229
26031
20703
34548
31559
41559
35337
16778
32710
17810
42669
36893
33032
27738
24362
23461
19956
19594
27202
46827
18688
44622
24767
17307
35062
39383
33884
28058
30457
36179
28130
28825
36291
20252
26258
23531
40496
45103
28867
34963
15616
21217
17356
46498
15832
18893
16164
16064
24459
41745
39112
41224
36248
46010
19165
16921
23284
46972
33943
44393
39433
39079
41561
15325
46590
29782
28958
22935
45369
44777
16663
24080
27938
44214
35733
43622
40746
33532
45098
33271
38669
46360
36107
20782
14931
20988
30393
22173
22813
34268
21217
25164
16414
29738
23168
40785
44008
28101
18250
39841
33129
22382
28749
33318
28597
21627
39378
15122
24326
35279
31876
26226
20736
36105
18388
25862
38458
21500
41883
25424
31995
14432
29953
39659
23873
25542
27295
15902
42504
14290
37856
16817
20424
34468
34733
30975
22592
44951
24137
14413
43890
29742
33401
29018
40431
39243
40425
32311
23636
43170
42187
36441
29717
26222
17601
27117
22905
20322
15101
32619
36582
45795
21926
28526
20831
15732
42110
35523
28235
34674
40131
30400
42616
31745
46163
27607
16991
44102
14355
17003
15274
25303
24976
16865
40947
35695
28647
26107
37071
17127
18403
36449
34059
41825
24422
19585
44853
41159
30730
17305
44382
35188
27911
20242
26143
32560
39000
25360
46810
31842
37657
23367
22338
14721
21812
44048
38430
34508
30780
43452
21322
28219
41369
23080
23294
45493
22502
33937
34386
31107
18327
29610
17666
18181
15071
40428
29807
32675
18641
43054
42983
41991
32709
30325
17958
34697
36605
16141
40989
39915
45960
21465
25842
42311
27751
38375
38727
27205
14831
18247
26559
46225
27758
44830
39102
46477
17937
17398
20337
41795
29701
20568
30223
41373
41693
17821
37726
19416
45620
45313
15224
29238
19347
34553
32207
24563
24725
14535
29807
15739
21576
18507
22659
25306
21463
19996
16411
44660
41574
42455
26924
46070
23614
46263
46552
22412
29994
32358
15856
43349
30240
31763
39352
38164
15908
27077
18922
14888
19050
32239
24829
32702
18875
16196
20902
14661
32537
27852
34464
28450
47014
44088
42921
40869
22466
29299
45005
35900
17268
23161
14566
26343
42507
24172
41060
29676
23813
42725
26954
29644
35375
25736
32633
26997
37134
26587
16433
37049
33662
27480
27605
39167
16793
17344
25838
30777
20698
27315
24691
27158
44674
38782
27464
28536
41275
23092
26884
25128
19964
27904
28663
28873
37932
44985
42604
38666
29962
33207
34091
26144
35404
28133
41794
45428
20486
23832
28421
29592
17870
17055
30804
32640
43806
30492
45084
20975
23290
46482
16672
38703
35538
28350
26106
14597
28841
26283
24668
35044
38007
20609
30108
23137
20684
23709
38000
41447
18103
27879
34806
27564
18662
25440
23543
16099
33294
16123
22124
16692
23182
31406
43585
44649
24911
25288
18266
30826
15342
21637
27604
41835
25117
39904
23181
45668
43078
25512
23270
47041
23922
27606
26055
24155
32874
31262
41956
32424
20507
47300
41279
37934
15167
30641
23022
42814
29498
33734
33823
32478
42562
34928
15193
44807
42179
44925
28933
22289
30210
29486
17964
42091
40960
22157
45698
28047
42657
30720
40100
31029
34317
45599
18334
17863
44119
16067
14768
25878
46685
36959
32850
16459
29679
21908
30069
22560
30515
23295
27148
21840
45895
16214
22987
32075
28201
44467
35886
24367
35284
37423
18110
19700
26796
31923
29840
29926
28956
42507
26382
44889
29822
19260
37881
21656
32059
21272
29871
44830
18483
29199
27306
24073
27999
16456
19786
15307
31668
30193
34004
40227
35915
16851
22202
31820
37056
28201
18205
25716
24792
18354
45968
45423
19302
31493
35615
30637
44655
23589
18320
43113
23180
19541
35816
17956
17808
45613
35889
15698
20587
47086
41595
46419
42062
17427
46369
28068
27408
24616
21069
31575
26321
33247
42174
31424
44253
27233
42441
35186
34770
36834
45214
40042
17670
17784
23245
34441
28963
38189
46601
17224
18452
32851
24363
22951
23589
39447
32378
27494
47205
45145
40233
17528
33359
30395
29729
32437
24234
26616
38913
36303
40366
20856
42595
18311
29288
15649
22626
15392
47456
44399
40537
29460
37496
24519
43244
24583
21015
35080
33613
41977
36231
16484
41656
28351
18076
35950
36672
38068
31383
18035
35278
44204
38985
18446
21351
18985
41340
38647
31149
42962
31630
33564
19625
22048
45919
27379
25031
16987
47214
39438
18466
43461
21310
30192
20994
19733
23295
27935
38819
30758
28266
23674
38713
45553
46061
24269
38448
43193
25864
15011
42936
44677
43255
25179
31873
22995
33425
14974
24515
40587
21872
39504
34178
29490
18002
15013
36368
22112
31423
34550
25299
18548
31724
33972
20552
36230
16608
17628
33096
19357
41941
37836
16267
22818
18145
23381
40298
20373
43989
27409
27881
46719
33638
39671
42996
23208
30602
31788
44521
42377
29989
35868
31319
35076
47333
40394
47366
21331
41834
28004
23351
32575
39083
37403
37420
21650
28309
16946
21227
27854
44789
40276
18240
28703
45207
28970
20481
40591
19375
44077
31893
31097
44409
29369
39863
41280
36637
35427
18808
15168
21461
36749
40579
29701
21073
43320
25765
29115
19803
44825
29837
19174
24503
30190
41168
21844
24397
46610
21040
24911
31626
16463
47389
46359
39683
29940
47228
23695
15451
45352
28072
41270
24167
42622
31158
15961
45969
20682
28670
42375
42106
32306
36310
26438
26084
40328
40865
37892
42446
18135
46857
43344
37856
45627
38536
24394
18698
37110
30253
27224
21097
31937
34205
34075
25450
29024
20312
22178
29489
33913
24893
35037
18748
20390
24145
41812
15683
16585
23996
32280
44643
17568
15124
24826
30076
32665
15326
41724
22232
35047
44626
24069
46861
23509
25951
35545
38692
29530
46575
39239
39930
17390
22892
22693
42215
34717
22915
17529
46494
36954
26920
35193
46932
38037
20186
22198
21797
43536
17448
20244
30643
25326
28276
44797
42000
16653
21751
31318
16862
29589
30725
18098
36020
37585
28050
30150
46276
20030
42742
29726
29371
16610
17389
20494
37609
24543
38626
15594
15266
46920
15981
22137
29412
26931
30746
47272
42809
41744
36972
16252
16351
32057
37921
33610
30759
30922
42680
25898
35355
36786
41521
16297
27747
35594
25620
36798
42858
37798
27572
43520
34236
45290
44469
20501
41907
43487
16588
47726
41554
31878
18374
27185
33137
24429
15564
22391
25882
33151
33253
20408
18996
31776
23228
39043
28254
43898
45988
43635
28446
24849
23001
39006
25659
42142
35080
30415
31079
30490
29202
22455
19233
19481
40718
44639
35546
44377
22669
44961
44631
15515
28705
33368
44630
34737
37920
21525
39028
25305
37029
42516
30798
15689
41432
26222
23527
41995
15215
43407
30538
26379
26997
38891
43888
37999
44618
25581
29795
15910
33260
23600
33444
15812
22132
28146
33738
27277
17892
43974
24173
30159
19743
44168
25922
24950
47161
22166
17799
17626
41969
27453
46242
21467
47228
26226
41221
23600
33157
34499
27220
44284
34673
37261
25802
40098
36327
42862
43993
41179
39824
15613
34832
44294
44827
35769
27714
19135
17797
36672
19941
41138
38295
25282
23736
23473
42160
37556
23977
44549
39108
46793
44277
22786
27557
26654
43921
29919
25473
26548
39881
27332
29868
35108
45351
21795
28832
46478
22422
47692
42563
39635
30151
21820
22376
23300
44756
24758
42903
20506
26403
39062
26641
47079
37006
25953
25871
23628
33216
26144
38987
35757
23778
19567
25793
30114
18808
16081
16311
16367
34181
46406
27387
26551
37366
33824
42092
17132
32317
35090
28347
46602
38717
44682
22387
29189
32102
47424
24119
20095
26145
37903
24907
37951
35950
36357
45911
19423
38091
16054
15975
25796
26713
34005
22581
18516
19258
21253
43947
44386
45629
16108
23460
16365
39869
34441
17139
28939
28614
32712
30118
33568
43898
42580
26508
42579
23475
48045
23540
47427
43754
44410
33464
33269
34392
46624
26234
29458
40538
27539
36910
20815
17946
45165
33752
19756
30316
47933
31383
25825
30710
43041
32227
41621
30868
18583
18451
35538
36859
42384
36386
20278
30620
26566
38578
39275
31179
39504
16977
33369
23584
31603
26876
35225
18717
20412
45281
41261
32018
27467
17001
41327
47678
25970
32118
47432
18487
43647
37866
44706
33420
24533
44392
33568
47784
20034
30814
20748
28921
18060
19523
29841
43346
46157
16669
21802
24206
21249
24647
25434
22903
47454
21105
40606
28390
44772
44776
47008
26923
32692
20504
41645
41134
17061
20815
44649
34775
17813
39363
29377
44588
37885
39127
44066
32441
19400
38810
22248
15797
46182
17296
40730
35170
19484
22198
30804
25141
16286
32960
29188
32311
32735
30117
39897
27563
27176
17757
36473
18161
46696
24809
27763
34730
40907
28821
28532
43293
31629
24442
21949
45530
45585
16454
17364
24220
20013
28480
28282
29812
38600
38278
41182
32292
26280
29081
29456
30921
46725
35100
17592
46014
36194
42969
20488
26556
19229
20485
26863
18758
33092
32709
48272
39492
20010
28657
42226
32494
28218
45079
25849
39403
30604
17347
24725
46010
29622
42237
42297
29010
19429
20500
22159
24069
47916
48282
21354
19626
47899
26544
42748
21499
40596
21380
39497
27196
20186
40983
31195
25630
24299
41284
25527
23266
26896
38398
45457
15809
27314
25817
21308
37516
37487
33227
44388
43408
46189
24884
20607
18620
22766
39965
39937
37382
39205
43453
41423
43274
15945
21058
24055
23540
22247
16078
38558
21409
46716
19135
30778
36609
37699
31283
16897
44480
46668
47563
38560
20005
29134
19376
17713
33338
20926
34260
40551
41005
47776
17787
43532
29174
27294
48121
20654
34874
37079
30909
19861
46191
28409
21646
31992
28226
47378
41493
23152
43061
42915
18332
17324
22413
28663
42517
21351
45931
38578
29022
26775
28473
20653
24003
44519
29767
26113
18117
46440
24246
19298
45849
31875
16790
26031
23028
27699
30283
43974
36230
43377
31541
39581
44740
18927
42384
44943
36459
16648
43672
23795
24386
39159
17393
44275
40351
19528
29511
34460
36908
21389
43314
18737
17899
47954
21340
45509
46456
22099
38373
16136
24975
24556
46086
34658
42701
41680
27637
46398
38587
30718
18953
40361
33800
45553
46879
42267
42006
18455
17980
26260
27065
22149
34164
20715
32059
17897
22026
44643
30115
44992
36824
19072
46902
21193
29681
43545
39743
43961
45702
35245
17676
34352
34822
38395
18489
39404
46473
37580
33841
34877
22639
25620
22769
19896
25924
44345
39183
31792
18919
31411
23803
20706
31468
43477
39814
31472
28734
33514
43936
42513
21769
47492
37734
40326
28375
18193
18524
39760
32761
21423
17654
38816
43304
41282
38750
44175
36460
44227
19825
25103
17213
31195
25098
30241
16872
48304
36740
30025
29237
22015
43898
46911
33607
21867
28625
37864
40131
30228
21753
25732
43829
18796
24943
42281
19375
33862
37511
19056
39603
41520
17000
40814
27218
21251
44888
16358
41878
26296
34874
33468
22302
43901
41556
26797
16648
29192
48214
25406
17428
44076
29336
34802
40965
22954
18596
33728
26443
46921
27636
25284
30688
25641
37885
32821
31600
29012
41836
45719
45756
36758
28335
34866
36928
20367
19383
42946
26131
43014
20220
43376
43792
46720
22978
31745
39731
28177
23963
43598
46917
43123
31022
38132
26556
19797
21046
29772
18141
33781
20686
46750
22051
41713
40939
36497
41700
21083
38698
17894
40498
37899
29132
43110
44032
42553
30462
39705
44421
29771
30558
46009
35558
35307
17340
25702
32783
48221
33053
36763
45281
32271
32262
39009
18579
36978
27895
17091
43090
34825
43061
30849
26923
22208
25292
17929
46379
20606
27349
41890
48069
24061
24821
24299
17779
20954
35110
47236
43680
37864
39098
35339
45510
38602
42397
34890
39124
19393
39642
30126
19922
35010
22112
22779
39623
38092
21511
35903
18651
20088
35278
47109
32441
41170
22886
36554
24119
47719
47861
23733
42297
47775
34068
16258
21970
18765
30233
39616
43437
19589
25244
39996
21676
45230
44340
25789
23246
30423
27522
43249
32086
32079
23665
24232
33578
46703
37819
19008
24697
16827
32432
32864
33184
39722
42547
45034
48463
21697
20997
18474
45543
36454
28998
20308
37415
40948
27704
32045
42248
43403
17223
28168
31973
32298
40774
33268
43487
40063
46844
48180
27520
43517
44511
46831
42399
42032
20511
32553
40067
48205
20454
27890
48203
37134
26591
19421
28556
47804
34549
26548
18749
23949
26973
20842
34256
46641
17110
28753
42914
21672
24111
45965
45717
31062
22026
30665
19195
18521
19169
29993
48055
18202
47686
18815
42910
22562
23407
29377
27172
43312
42225
19899
27444
18312
24524
27905
27231
20109
27560
23592
34105
25746
39006
41781
32000
31214
47290
40534
32639
32334
21120
32208
30514
32848
36780
33337
42667
27469
21758
18663
37684
22389
41398
48296
33462
40994
40093
32435
37082
46182
29252
23519
40813
21990
26768
41491
42505
47596
19318
27134
42226
16567
38660
43272
16190
46870
33441
40840
16441
22069
20885
30519
36871
30134
36044
42469
23435
41987
35286
26730
29576
39139
25395
27104
42758
46668
17870
27407
40184
35705
47047
32297
28955
36411
48245
43704
38945
32404
31148
36308
20239
43138
16955
19097
39396
30745
43449
24280
38267
37844
34178
45069
41138
28973
32508
25745
41164
38763
39711
23825
25876
33980
23348
25151
28099
27011
23260
23239
39460
44531
36693
40325
33270
30173
35833
46069
32274
38598
28679
41195
42062
46141
24998
32644
47776
30316
47655
36444
25991
36588
18315
31489
38310
32734
18245
33192
30898
22839
32321
46367
29071
24667
37412
33539
23478
21998
34774
18483
40410
19942
35646
35204
20427
19941
25676
42167
30618
42439
48445
36264
41470
46710
40474
27591
23030
39686
16770
43980
17328
26622
42666
22951
24234
29939
33954
22198
45847
25692
33498
16443
28292
23969
23268
39437
46011
44405
18299
37262
41448
16486
25797
27868
22266
43954
26069
31308
29004
47197
17268
37908
21637
42112
18465
35911
46525
36580
40278
38151
45793
16591
48653
30966
31064
18974
29315
47085
16358
41876
47420
23537
38865
19314
16711
39522
22851
36936
22979
38262
44784
32266
31394
20966
34040
41318
19117
46311
24335
38229
18120
40540
23003
36593
28280
29514
23453
23430
39330
44172
47124
34027
23446
48584
19359
36883
38731
26785
20897
35295
43244
20526
31273
22070
18580
24747
33491
30040
35415
24431
22249
45935
40833
46878
31438
30312
48418
21536
18077
40448
19402
42322
46093
43554
17553
38139
17304
39792
24410
36353
48348
16928
30297
24925
20033
28425
17107
40908
20444
47869
22309
48071
44435
22618
31240
34742
48258
41692
18195
25697
32670
25013
47234
45991
40856
28640
32309
25458
39429
48818
17916
42218
27579
26290
22801
41961
47742
47786
45798
21167
16860
37118
29985
40408
34645
46909
23781
40075
39359
17398
40276
37107
24553
47821
17234
19699
47743
46797
34443
20245
32045
36608
43959
43972
33543
43325
23581
38588
25129
28482
38485
41150
33434
39427
40019
32136
40055
18241
33441
26116
24909
36189
17644
27328
21702
33135
33730
19102
39048
25491
20378
41421
44890
25987
42261
34039
31624
49003
32387
23740
31881
34552
40617
38240
36832
31922
30914
30400
47424
17293
22979
47243
46579
46778
46819
42670
24445
20931
17755
27152
41340
24279
49002
18816
34514
24419
31389
30444
41478
25314
45901
48339
21736
49141
45417
40956
47988
25526
43638
18793
48633
43849
34003
19591
36475
31669
24642
40359
38229
35826
34724
19633
37154
38212
45060
22551
28126
24007
43223
44041
38729
20810
24962
41448
19084
40032
26653
37884
43807
32181
17783
22889
40682
16799
23130
48735
46507
39925
41488
19602
40855
21540
32293
30698
30532
30591
28527
33659
25286
34263
24652
45751
20505
19532
25643
39650
20671
25186
36942
43207
22697
32088
20942
44714
25691
36277
25823
36477
19020
23331
20821
21591
48011
37504
36967
21793
47016
31283
49075
42387
30674
49340
34179
32095
38205
39311
35407
23211
28359
39971
43907
31173
37338
39238
19329
29970
43668
23219
25322
41288
48933
32998
46874
31197
47737
29487
23025
45504
35352
38406
22233
48198
21322
48030
45316
25191
33662
33469
38646
47146
49132
38858
28484
34398
30842
35880
41627
31883
41436
47042
18179
48936
23296
22759
36965
42510
33193
26201
43595
48941
31322
18336
24296
27006
44917
26532
44888
39992
35748
21883
49449
44615
29560
26496
17689
45562
33360
38053
47905
47356
36477
30730
47027
38021
47267
45774
36417
26065
35426
40997
34046
37586
26678
36778
30184
29474
23196
31223
33030
18747
29303
25459
46062
23530
19633
24940
19083
17409
31013
30054
27933
16973
18621
45746
36737
45511
18135
25154
21939
27150
25070
39099
41361
42517
34678
29388
44514
17177
46855
27583
23190
27607
20670
33357
36431
33787
41697
40887
20769
26587
31425
29970
33942
21605
48357
17122
23798
35670
18532
48875
32709
34734
43411
35908
27532
22112
24544
31149
36061
26445
47870
31266
42129
27251
37699
35761
25428
36194
24910
32904
24164
44272
30956
24146
49557
20270
27453
18372
25241
31131
21522
42098
39294
46999
38554
31464
33400
25882
19774
45302
36065
37285
28873
42571
31614
36729
31436
23877
47620
33544
34625
42504
43994
34473
47470
32718
22561
46735
26636
42110
38642
47356
21673
29311
41958
38578
29259
43214
47580
30635
32598
43342
39926
38921
30383
46432
45029
35152
39970
22708
36199
37843
43009
30303
42765
19564
22030
44077
28738
45680
23451
32824
42121
27106
35056
36025
37894
26087
39405
40479
39232
38778
31217
30558
39973
29793
32506
45194
17999
27232
24589
25508
19589
37548
27352
39860
29061
47522
48278
47639
42496
36537
33331
17947
27111
37046
33712
23241
21221
35359
32458
42754
23597
45553
38102
46030
25461
17557
20464
25840
30530
43281
33620
26558
23143
30332
35596
33839
24776
28084
44748
33846
35172
47955
44058
42318
31123
38366
43953
18518
48523
35904
42536
21408
29225
39031
31695
31557
48111
19086
17370
25531
44873
40907
38593
21161
36372
23081
22502
25081
32352
27656
17017
26927
40565
19492
48536
37114
39445
17860
48059
17673
42241
39220
43344
30752
32447
32884
44706
28267
25497
27698
18687
33298
36585
36086
32538
38413
45716
31901
46254
43834
34773
39944
24932
19373
23868
30997
44791
49223
17910
20686
17046
17546
20046
33249
46474
44203
22900
33617
33048
45545
35965
45930
25001
22814
27308
37626
29992
42900
34544
49342
39084
39449
28333
18715
18775
37462
45503
40462
35966
44636
43965
19302
41737
48768
29306
47921
35869
19817
36306
40564
39673
28263
23715
19999
42014
17926
19225
47167
34227
32996
48687
44406
36647
44223
22642
41640
35864
42962
31752
47864
30324
39522
44530
44531
37854
44692
48782
24074
33363
31361
23392
45894
30733
20620
28177
36407
47783
27124
27832
26414
37251
40869
32601
28076
46953
42324
40619
48153
36720
31434
36895
29625
41250
34688
25373
21725
40923
37997
21393
42838
33138
38940
46502
34607
26651
35073
20177
27036
25484
43533
49170
28205
19807
34176
25975
20551
17592
35327
20193
36053
36135
32230
46602
36923
21712
48351
38343
32907
42441
29620
18059
30716
34499
20065
17453
17304
36589
19566
33003
31284
28949
44923
27054
32677
49680
47133
32656
18481
32349
42216
43675
28740
37637
42957
43475
31844
28101
17831
17527
21863
22639
21520
41093
21732
41870
35193
25212
30183
25673
21370
31333
32233
18826
26470
49684
45567
19551
49443
20652
27729
49056
33848
42849
42446
33490
29480
39810
18462
23627
28927
41398
23512
48791
49450
24198
26358
32027
31115
40987
36742
46072
23245
42313
22178
26418
33525
21965
32673
40210
44602
20435
30607
30664
31255
28348
20699
37461
24222
44829
42832
42152
21007
37899
32838
45831
19113
29078
31514
19633
37568
49299
26075
40386
41744
24479
35398
22614
30545
25952
18165
47345
37132
26638
18643
43551
40108
24114
30931
19287
27864
31918
29154
24357
49152
46590
37658
25737
33846
48829
33336
24474
36160
47979
45648
38254
28907
31597
49855
48958
32162
25941
19042
30918
32574
30820
25349
28139
17952
34637
35102
35744
42109
36924
41916
47114
22010
22039
18618
21986
34169
40708
37176
38684
25906
48171
37451
25286
36101
48829
19956
21042
37646
32309
45135
35159
37499
21470
27917
28277
38042
44949
20772
34040
36918
27088
23749
28575
29476
30431
47503
24029
27161
24434
24834
26752
23231
41564
34614
41360
17415
25494
40397
23418
30912
35975
33574
27501
26729
49538
45523
27397
27203
20625
33870
48423
48811
32113
24807
23084
47783
20189
25089
42817
20927
49424
20094
23821
29198
33157
30328
49557
26264
38913
18482
47453
46046
41171
45390
29648
41648
31834
41024
46818
27971
38857
47618
36340
49795
45863
38921
24568
37802
18586
41593
45269
24594
30948
23189
37389
29511
41262
43385
34461
18785
32261
34571
24101
36241
32674
36143
19272
26361
45934
19258
47446
34753
26309
28074
42280
45671
26362
36372
32076
43350
33436
48989
19811
48315
45048
43565
47302
27284
31967
19873
34928
17673
43946
47168
20504
37632
41338
19761
28317
24300
35269
27051
28071
26597
21262
32428
33932
43262
26867
29422
49776
27347
20333
24855
41905
37729
33620
34351
38530
43035
50209
29784
45781
46650
43768
23993
43391
38228
45798
35772
44694
47152
38503
22137
25374
32729
42539
45170
33253
17649
32025
39552
21420
35656
46485
37901
44679
37805
33790
23428
33927
49156
23163
37638
17813
32153
31224
40287
39073
43444
37995
18232
45053
42094
25692
37005
48387
34242
23972
43618
18174
43239
23413
31922
26952
33245
28570
18601
48303
28999
46848
47891
28701
35448
22390
33555
21625
32720
35505
49432
24520
43337
23187
25101
27544
22861
29357
47824
45726
29643
43778
30694
20894
31625
45069
46445
20363
35260
27654
21329
28912
25558
38242
22979
23182
41887
34457
33255
18246
42375
49963
46797
21818
45370
19941
41635
44592
36982
46176
39977
36663
34841
29644
34917
29580
26495
39659
33943
26302
41482
19808
27759
49681
42754
35882
36990
22816
27552
26476
45291
22983
23397
32111
36967
25408
41648
27369
45922
39052
34704
36992
40831
45589
17623
20874
44870
21137
39792
45079
19994
41769
36338
27185
45162
31451
31348
31842
23595
38173
34468
44407
38277
39875
37395
34692
33740
34850
41683
25128
41651
40822
32836
25106
21436
36481
28715
37316
41971
26741
18948
30615
39388
36116
21658
19712
40874
47638
41428
47889
23985
19403
23762
49219
39198
28929
48696
41842
27366
22056
39626
38953
25340
35764
49210
30752
27591
43971
37949
46595
33235
33536
43492
28021
37831
49351
49450
46165
40599
29322
25802
37184
23034
20083
39507
47959
35103
37194
22653
34626
50075
29594
47038
42357
19111
31247
37145
38321
48776
42275
32567
29646
18510
50169
30136
33209
35777
28297
25291
37561
30105
27390
36604
48118
47597
33372
44878
28219
38638
34918
23946
23803
45013
39615
27350
22162
37914
23375
49289
29134
18151
43496
49982
46254
23244
41258
27688
39017
30132
23204
36005
36530
20760
48699
28693
27707
35442
24784
20460
23672
22517
46621
19974
49829
30075
39392
26939
44042
23999
29756
41012
46974
41932
32092
46716
38442
32949
25689
20442
35215
27015
23902
21983
33483
49532
23306
23483
18199
31857
30485
29781
48533
17818
20023
44698
19017
32373
21317
44052
23140
43516
23966
34239
34249
38943
30405
29465
27082
25969
43855
26489
41266
41762
25344
39329
32137
47917
33841
43414
26003
25810
26228
22704
32026
48455
22651
34797
31213
22699
48438
28810
18985
24379
33852
19157
28599
35528
33132
22333
46358
39017
26580
32171
40795
33389
27602
30485
49526
38547
20600
46416
21686
48254
25653
32037
47760
32867
45234
26280
19356
46597
25083
47045
38880
18403
43231
19740
31825
34479
40089
34063
45463
36099
24496
24856
47121
35664
35867
20832
50457
36887
43689
24206
38281
41051
47520
42461
18813
46166
34468
23410
44379
27755
24539
18156
37905
37468
24655
28220
42654
47805
23444
25271
19668
39592
44202
25705
37724
26035
27684
20397
45818
18463
20874
35067
40210
20818
50173
23296
45420
25223
24089
31476
33076
30149
26912
42792
49989
20749
37716
37854
23975
31192
26020
39518
43093
31937
48267
24134
19780
23934
18486
23842
27042
49940
22501
39996
21595
46155
29843
26806
44514
30816
36569
24021
40238
28667
50192
42400
24067
31328
32438
42922
33906
47849
30226
39468
39331
21172
20763
43350
30162
25241
28823
43239
31640
26975
42112
33788
39020
21039
20651
24357
44649
18248
50348
41150
19282
40181
19188
21373
20691
26812
45884
38727
29193
39129
23591
37960
43589
40939
32802
42050
37133
35052
18831
42533
44900
34662
29220
45025
47692
22500
29069
37496
22152
33959
32601
25687
18854
25243
27667
34278
48189
23178
38319
21598
29044
21134
31529
32475
38851
19404
45928
45490
38654
34911
19304
35844
32655
19859
20376
37779
32514
38484
33921
39637
32200
18918
37545
19783
18996
19158
43447
22020
29898
29232
24279
21654
49593
19186
19040
37900
21414
41409
43189
47180
29611
48347
33385
21931
39584
20557
40870
42683
40857
33382
19151
21604
44975
37995
42596
33847
29444
33676
39462
41214
33537
46615
39804
37272
38370
35052
21782
20996
33653
20785
29136
41659
34590
42566
36569
49731
25375
34811
39188
25857
18710
46337
39358
24399
43975
50591
46674
46542
24092
24230
26537
34813
41834
37031
44134
35083
38134
46947
47761
31466
32952
28035
29826
24485
42335
26762
42241
21747
28565
20743
50859
19980
40067
27407
23192
40891
26008
41706
37434
37557
39302
21005
20616
28713
50830
20552
50780
48280
23038
42305
44570
38119
22776
28193
27283
25011
38516
19341
36137
21732
35464
27608
34611
25989
44776
34167
35491
48595
33961
21941
24038
20371
42826
30632
42763
33449
37108
42851
29224
45543
29697
50541
30457
27171
19900
44658
25035
40844
38503
47929
41880
19774
45699
31958
36212
45843
35147
35105
47911
42428
25730
27494
37148
42257
32110
36190
20858
44198
23333
44126
35984
29343
26119
44751
28790
35013
21644
28126
48113
37849
21824
18292
22680
36136
39435
35945
24629
49759
43190
40693
37230
34721
38059
21863
30629
20439
34300
29977
18972
40775
45479
22947
50781
35945
42777
40015
35289
49909
38640
20429
44751
48449
30469
42024
45167
42954
42922
34553
23104
41744
32304
37851
50879
22440
22701
26910
45385
37004
40699
46272
40762
20405
21764
36248
42071
37100
41533
27861
50793
44765
29297
23463
50219
40557
37824
43324
50022
29773
30183
48366
43611
26831
28354
22715
43105
19961
43023
24565
45519
43993
39540
30266
29468
30487
47556
35495
32581
38353
46718
41801
48495
42658
30870
31956
22990
48644
46968
21144
48581
36313
21323
25264
21327
43844
21362
33405
38813
26301
44633
22355
49409
27237
48750
34673
31754
37526
34925
30519
33777
46271
46817
26259
39475
18543
28392
33469
41344
42671
25142
49188
24532
21397
49756
37032
44004
34326
31050
18953
35259
25116
19219
20639
31397
39128
50417
23116
33868
25434
40329
23984
45857
35679
27248
33179
39933
30314
20205
41160
41224
26390
34817
46536
32219
26794
31140
49980
24289
39150
41298
35911
34819
50237
37318
45379
20100
34780
23558
33971
27177
28298
35231
44153
24990
47960
35890
25418
38421
22203
50735
28254
45616
37344
37089
39788
32801
46143
25515
23253
27408
34675
32913
18976
44988
21833
18937
49830
32870
35863
42419
49294
40939
32079
37176
46588
47152
27219
19247
40582
28610
21387
46646
26344
33470
48566
22750
31992
25327
24957
40695
39900
41783
31054
49167
43130
45616
41319
28469
45616
43026
32305
47107
27589
43992
40144
44251
45216
45982
49656
19056
27192
42062
39682
46216
27084
38011
34111
45057
35412
46733
24460
32274
44727
44575
39462
31956
28734
21669
30912
45313
37193
45394
47827
40187
34881
43065
40502
35088
46797
42162
28654
41212
41289
49919
40775
35503
47732
48431
34596
23121
38760
40771
24979
34692
40912
34448
39332
51177
36437
28772
28540
29413
21849
23532
41637
21157
48104
50005
38568
34399
50923
45106
42462
23003
49823
28446
38531
46643
32838
42658
26124
36823
39965
21849
24250
30163
24461
31569
43888
42581
37797
29365
24002
19561
22472
48041
39502
19208
20643
49014
24399
47441
50018
20199
39279
29718
28964
24563
31453
26778
50860
20123
18592
31897
46169
42262
37419
46985
49752
44844
34609
37152
46360
23776
24506
35094
22014
47185
35447
27692
46171
29410
38226
27245
29339
19865
33866
25268
29631
24773
35454
34670
32013
34532
22919
49313
40965
28355
31499
28462
32920
39143
26767
30035
19349
50220
21901
43123
29028
36268
24519
36890
30966
51170
39386
38460
32508
19728
42006
36029
46423
20701
51085
44086
30416
30019
51050
28663
49930
42664
23685
29512
46772
33611
36660
46069
21507
20962
25443
24073
44896
19330
35559
34009
21598
48318
37391
27972
30446
49683
47740
19770
50390
41860
30771
42107
27487
37761
50417
37537
42318
21773
48575
20065
25878
36128
48837
41486
28492
49994
29027
37214
31067
21914
32894
35953
41081
25534
26392
21519
19674
30059
36132
29490
21795
24576
42648
29124
30241
44902
35011
42153
29371
38458
27105
48896
28709
43310
48877
34982
25175
27052
43958
24060
40126
25533
47413
23787
23345
25386
50718
25381
22310
33761
26037
49581
48422
41369
41187
18841
38526
27321
19849
38423
31544
39542
28692
47022
41033
40508
23378
42182
38412
43600
33412
37739
19183
33203
45492
41038
42605
30025
41032
26380
20540
24122
37336
28595
30663
38809
31037
38275
45022
47940
20970
19185
45740
42507
41856
24306
41450
34580
25500
42869
38739
32381
43507
46385
39256
36676
27298
29858
51220
26724
43711
24654
22146
51521
25396
43085
41966
34118
34253
29448
35241
27341
22671
39745
45313
37183
39756
36692
34160
21116
43892
46524
38676
29565
39470
31448
33119
49208
26791
27631
43536
40643
24234
33651
27746
23997
44914
35458
33923
49642
24764
46002
20295
38685
43040
21262
45598
51291
45728
22364
48964
49981
35458
26786
27191
43670
36699
20456
24686
40022
46189
35902
23112
36526
31026
47361
30787
34933
20537
43355
32878
47307
26673
23817
36897
45564
35652
45665
38379
19367
34982
31123
42956
28703
23661
19759
35236
22801
35235
21479
30700
32615
23193
20375
35492
49773
31615
40322
50316
35378
41778
35806
41623
26930
48725
43156
49053
33073
20643
27969
24656
44906
32899
27776
31601
50153
32989
25707
37444
51254
19757
23135
27969
39219
27606
41984
37132
22599
43704
33149
32679
30652
35332
44310
39399
26214
51535
33755
46372
40582
19174
43958
47413
39917
49506
23211
23195
32101
23420
41823
50429
21836
25122
27351
51669
28034
31946
27523
26472
33414
36870
27003
48123
47579
27224
31752
47428
22449
45896
36966
44063
30657
20661
35272
27778
19833
46697
41629
51635
44889
21488
29458
34488
29085
38057
49368
31504
21532
42525
31783
43936
34672
30864
36355
28656
36183
44502
23486
30615
30809
27240
41918
50164
20139
48311
38784
27167
37972
36544
22237
45343
49294
21985
45196
24670
41583
29931
19433
21082
30920
33912
40948
40860
49486
30079
23453
30190
33527
49701
41791
28617
38823
41174
51050
32781
47372
28053
22757
50676
21702
48528
48627
23881
27596
20728
44246
32469
33035
22287
44946
34075
23376
47235
38131
43333
40551
23546
29393
35933
32645
39150
40339
24768
39139
19643
47346
51152
41132
50678
50688
47082
34585
31233
21096
32408
49114
47324
44279
45831
47801
21310
50011
44219
20346
26341
36139
21121
41221
50474
43048
21925
48071
42968
35267
44390
29525
43070
27103
26279
50002
44163
19159
39911
46996
48954
49859
43379
40834
34102
27127
29146
37056
50592
37581
50850
32015
47174
44709
51513
24430
36406
33833
22574
50309
26764
39638
23713
45636
45448
32696
35833
45768
35812
51060
29141
34430
19556
29068
22084
49546
45486
37087
21560
22634
20060
23919
46136
24534
22864
37735
24406
33771
22599
50013
32353
31369
22705
30676
39259
29946
43713
21509
19245
21716
21184
36831
23962
43040
42150
30028
24946
45243
48619
49846
38664
31485
20891
38602
47845
51097
31401
51579
35518
19652
34949
22090
38564
37530
31216
48069
45691
28349
39440
29774
39853
25407
29631
27678
42784
25794
36649
39050
35685
19421
44438
38020
39730
30146
30596
26212
33810
22558
20729
21225
25947
35905
51223
24954
21344
38271
20977
30130
39657
26326
51613
41500
22752
27601
25995
38971
47693
39083
38676
22990
30853
50616
34902
36689
26013
23041
44096
42951
40229
35118
38121
42423
44307
43178
33830
48501
51966
24577
27227
43170
27021
47245
51089
21238
49710
20561
41673
50237
42763
46117
35728
27552
45370
42260
22996
45094
40755
19714
40950
27259
30600
42641
33568
44015
50128
40006
28121
30401
30692
41704
20695
19358
22863
21289
26132
45157
31487
50825
43556
37933
41281
47990
32709
46217
41452
50360
45496
26635
38107
34828
50895
29190
26785
20495
23624
50072
44921
30046
31321
19944
47228
25340
38668
51629
51479
47604
47949
38896
35515
22591
32321
40978
32982
50919
51930
20240
39683
21357
41897
39942
46973
22633
22771
46578
43482
31088
25862
48827
39414
22074
25293
46962
20269
30980
21155
33239
48077
33844
41317
39711
23754
25404
42443
29684
49588
33472
34808
35262
20711
21499
51023
42273
39938
40799
21129
25030
22682
27259
26116
25439
20783
29986
42078
23525
25182
37322
40259
50980
22617
23858
46723
32634
49301
39240
43880
36828
33730
44873
38470
26393
23552
40234
47187
20579
31568
21047
29625
21771
30280
48890
44010
27532
50956
40030
32820
38859
31865
44564
38037
24733
27043
33846
23760
48778
27010
32810
40384
26577
35560
41162
39149
40363
47286
22977
38493
24276
45648
31288
49325
41800
26702
26291
34656
34122
37237
43573
31606
31659
35813
41643
23104
35145
24211
19591
47732
34262
28410
29100
36733
25563
48910
49034
30484
38908
51058
34954
34068
34173
49642
46252
33162
37893
30739
42350
19724
21154
27218
37105
24397
19470
25354
38999
37870
28721
51730
40303
47510
46822
19558
39828
38724
24578
44060
34770
23524
29843
19610
31819
44065
28005
20231
45785
49787
41675
21247
37621
21913
27035
44939
22232
47328
33147
47184
35807
27460
47195
25350
29236
34910
26435
24876
32683
20415
44111
33274
35306
46725
34296
28824
23501
46892
45972
41613
47625
21414
32544
35450
39695
32173
21566
25352
38451
22872
51322
42527
19981
36332
30929
33881
23071
39157
24692
28854
29625
22422
36041
38033
27162
47646
21171
49106
41432
21979
26899
43366
41858
51507
35983
37868
32131
42480
37010
43697
32073
21980
33171
43743
33703
44430
48283
44273
30840
41347
40961
41578
41350
20849
47480
23495
24746
24023
38221
43698
40244
48089
37609
29816
23692
31563
25245
51389
19994
45836
37023
20591
20068
34709
49487
43256
42358
32721
33471
32696
33927
39984
22387
33202
34521
25591
24165
29573
47585
23770
48204
34207
28840
41164
43550
47277
26225
34326
19668
26197
29852
36262
47725
49704
24522
35754
20533
26322
32834
48734
48711
50068
51604
50978
27729
32245
30076
47568
39831
39860
22024
46668
27195
35072
37629
49245
39867
20203
22136
51643
51899
36381
44241
41577
26629
37317
39876
49988
43726
36566
46291
42717
22075
25455
42726
42116
30755
27290
37685
33189
34071
47162
43367
44376
30111
20799
20219
23091
51399
46108
21992
27234
36826
50555
34432
25082
26478
29999
32922
21387
33184
44906
47088
31477
42401
28208
36806
31356
51314
32523
22989
28190
41707
20737
48198
51491
26882
24259
50026
45559
34378
35111
41482
20533
33722
30168
25971
49412
31408
50764
41108
42406
47413
47863
21091
32846
31619
38591
35708
21298
24261
22191
38667
46562
28957
37359
43757
21720
33515
38388
25362
36688
40269
37620
35878
42842
49634
27805
33136
47149
22484
33542
41466
26302
27157
34790
41202
32913
39656
46084
46416
31951
28836
28910
27833
37786
24500
51950
42403
24477
46563
48954
29883
48615
51927
47723
31107
24569
39386
23344
26176
50205
43233
19780
48915
34810
24774
20637
37990
51558
47833
49383
48265
35195
26519
45360
20637
50669
21177
28645
28850
48282
43121
34557
37676
36195
49136
35956
25451
44603
36651
22267
29611
25981
35807
27374
50728
48771
40402
45958
29062
44148
34397
23632
25713
20317
24871
24285
35969
36740
41523
39099
25696
33529
46365
32165
44334
20845
41376
47607
22308
35399
22876
22885
23928
41205
37590
50667
39297
33664
21953
45831
20764
32612
40060
51495
33870
26782
44763
42333
48683
46854
39466
33114
27894
36319
27247
38810
34185
25005
35056
38876
30199
45126
25589
49109
43889
32556
50127
27685
44902
37914
28953
46474
40942
39901
36926
28244
34665
45925
22076
37913
22371
34588
31399
35241
35516
31863
35568
44356
45829
39370
33511
40715
29996
41056
20095
52149
47452
36043
39121
36739
37407
29049
35940
34166
40646
24456
26796
22207
27914
20955
37072
40567
40435
20078
30641
46480
20985
45542
36135
31500
41066
22893
37005
27756
40459
40636
27777
41580
46850
23161
32741
34285
24563
24772
30761
20787
25194
44045
41165
45392
51321
43560
52257
39904
43938
24483
47440
44279
27382
21847
39836
41304
35967
33853
42731
49384
52700
45955
50563
52578
43051
31967
23314
51531
52012
27428
47345
43817
21410
26387
42921
20720
49405
26227
43447
51133
28215
37220
23436
48070
37372
20976
38104
42129
35341
33251
44808
33125
30182
43740
38157
47615
25759
36005
32864
30597
39440
24000
34627
35264
44856
31298
24649
44165
37344
29925
32536
49524
42875
48728
28270
20966
38737
22233
35682
27936
32732
48646
34285
46797
39794
38128
51880
47531
38949
42610
47575
21124
42728
51649
20391
51040
34291
21315
41396
24313
35432
34725
21966
35951
27958
50472
30205
33597
24381
22331
50626
51052
43188
43087
31904
36358
22472
50663
35291
33230
49798
27374
50560
49198
24571
33870
45733
41585
48282
25534
46834
42802
36318
38107
27489
36884
43312
34939
27201
34740
25098
35390
48769
25564
37725
46182
22571
22522
22576
21992
43567
43984
46986
32450
21858
51820
51091
42640
33990
48475
35830
41306
24332
26650
37769
22193
45399
38861
39216
28410
46915
47923
44031
27401
42022
22234
41630
23026
20886
35215
24050
41243
46891
46361
40697
35478
36741
40743
29686
36270
52881
40582
32975
34240
52489
43159
42675
52045
52538
21249
20223
25420
48394
40355
23907
47301
22841
39117
36161
38043
38375
48047
48725
51114
28759
32529
29851
47889
36338
36933
36717
23249
52367
45146
31724
36504
42993
37779
26274
46295
39057
21783
45158
21530
20382
21226
43647
30361
29763
34332
24076
25610
50728
43841
25251
44474
51515
20257
34872
49372
24240
37808
22592
29473
28486
49472
45591
48521
35533
30709
34463
39288
41189
38265
30507
46092
46856
41714
23451
27566
49099
24369
29640
52199
30560
47404
51234
31605
26976
52911
32151
20639
33735
49998
41143
32709
23361
33694
44054
38971
33956
51365
52722
50008
42941
28558
45334
31177
44879
31137
52478
41771
47705
51315
33084
21466
45720
27226
32795
40195
44109
35620
52353
41729
29504
23817
53018
28134
26885
36317
50866
43095
39038
40075
38883
49310
41633
41662
49137
40954
26747
26337
28402
27705
38517
51786
36146
34697
29911
26546
45013
49804
41354
30185
49342
29866
38690
49863
23984
28331
42268
23142
45747
31621
48483
44686
21434
25458
47897
21105
22914
42310
34453
40601
50621
23040
47784
20766
29296
30367
44837
32284
37018
24631
36000
25700
31254
34371
52597
31346
23234
30525
20493
51104
29921
41836
24156
23961
33982
49662
52910
34319
34707
35926
41380
30897
27048
50087
49529
44375
24511
46274
50826
40576
28592
44588
25878
36863
27729
40052
26690
44529
26776
49347
24160
38898
26116
46517
23152
44177
49720
46695
28391
43265
42986
23506
50608
28945
34555
50263
31089
37725
22503
22938
37903
24006
44640
43156
22132
38433
24374
32740
44432
43820
48506
51302
30877
29126
45795
52231
33960
49759
46960
24280
24909
35501
27727
40545
29378
42912
24062
47927
25879
39833
45488
32977
25787
29911
49650
36759
49219
30769
28302
32060
22375
25611
41904
53070
31565
24451
23623
33803
41995
27115
41902
40311
40807
24188
23180
25259
40160
24648
49913
52080
47859
49777
38882
51724
31127
49305
45998
26460
46602
39833
35361
25891
37839
28278
31105
23202
30456
53137
46840
32617
29601
37405
23098
39020
22205
48086
52327
47961
44053
33520
40499
23593
25997
26702
35140
22774
34729
49653
41180
30732
32593
51648
30135
35906
34001
33877
45367
45963
45092
37975
27582
25544
41586
52702
49755
47584
26839
40484
28586
48915
31846
39809
27637
39051
33646
20889
22687
21812
47099
40404
47811
52686
38816
45070
51480
52033
49268
33680
20760
26416
40795
25663
30561
23248
21383
21524
22363
45051
27454
25804
50715
34944
24029
23009
48263
28606
26397
42680
44219
27249
42901
40220
50860
47307
44672
24555
28683
32455
20673
28175
29549
50874
28964
22960
43688
37418
40423
32680
43136
27876
42873
21304
42371
46665
38017
37369
46129
38121
38690
29717
32864
51283
26493
44214
40415
52522
42872
52927
43610
34684
46014
27067
50813
26448
34312
29458
43612
47998
35994
53123
22803
42692
39696
37070
47017
27413
22618
48049
35643
32564
52742
43542
41558
41602
31933
23947
44452
25365
39441
22002
35787
51721
23414
49274
35986
41499
29325
37582
28486
35955
40617
26252
41052
22466
30604
43256
31319
52621
21873
29426
36332
27081
31312
40229
46436
45223
24669
25730
30531
38577
20945
45805
31783
44822
44526
24629
39922
37954
32573
32586
50731
48818
50971
35754
51618
48647
41587
35613
48979
34905
43981
30626
40077
21453
48776
34217
45140
44650
32611
39554
36867
51240
52803
34582
46902
41802
34096
23253
24294
40686
43168
25327
53206
36835
27896
43463
46126
23482
46416
35493
44134
51744
28534
44458
43878
32875
28982
32778
24044
23410
47833
31861
41261
39842
49900
22486
52415
38734
44867
26176
21430
26439
40765
52261
33038
49581
27464
53194
21321
30468
32168
24311
47960
50570
43125
40179
49855
30408
40163
36016
23797
31592
26567
43842
26633
31046
38742
36501
41099
32714
28207
23648
36010
22132
51100
44373
41626
39352
37140
45211
44601
39437
32005
41853
47601
45377
21201
29028
32480
33295
32790
36866
41014
22003
53043
27601
46559
36157
26376
30908
27235
21861
30717
47899
45066
39326
47685
23781
20803
25005
41316
41761
24646
37628
26862
22430
51705
51178
24210
31460
36880
45414
36184
21098
28281
46780
44583
42762
28663
51118
33162
51121
46605
38087
30387
42075
30749
41452
50113
38207
32209
26420
21310
41542
39098
29690
43756
24258
24887
51248
44993
44381
47769
22517
27440
32847
25220
28010
46506
27093
36760
23746
27237
37086
25425
48793
34908
24071
45868
42119
25751
29897
27916
31732
20908
52465
39643
37678
24710
32849
51572
29880
40549
41142
22209
36070
29734
43546
27424
52646
35525
25882
41484
50337
22816
52650
42489
22403
48893
20999
50047
39574
53583
32237
47035
30102
48053
26123
48627
35521
23364
26548
41080
37933
30342
37079
53457
43870
46786
50225
51989
44824
50814
28097
51353
47986
47427
23420
34251
26668
41120
36419
40798
49474
29297
38674
51880
44481
42082
21626
27976
47322
41134
42065
22539
28981
30765
23976
43281
21128
30093
42749
39211
28007
30175
31922
47240
49502
43606
31678
24209
32061
42828
50339
53521
39347
25734
35488
26265
33310
37561
41767
43043
49058
27213
43409
46581
23160
22368
35601
29640
25993
42766
36582
49194
26684
39408
44757
47905
39564
32738
21463
24593
42845
49418
51983
30431
26896
30742
34558
41047
21589
33220
33018
33227
34112
42408
52956
21501
41632
48170
49402
22848
35724
30158
40021
32473
33598
42936
50451
44459
53029
49519
27951
36372
31541
53217
39791
49938
47234
45479
40598
24746
35341
24715
49371
41354
46045
29767
53147
40941
41042
49808
52043
38335
44983
49235
21424
26625
42518
34879
42066
33136
43856
43651
46382
49249
37228
43481
21419
31728
21808
51651
51151
25689
36078
37396
22963
49830
47521
43955
52020
23435
44601
31388
39404
31118
33074
39207
40289
25194
48235
39053
21883
48054
48950
43688
32060
41666
34475
39162
46507
31682
53315
44273
23825
48174
51874
28009
26216
46184
51379
21875
50449
40096
43770
26709
49349
26869
29478
50898
50638
43228
46566
43435
34167
30150
24318
25957
31425
46333
31642
23373
42839
45263
32482
31674
40132
52463
46286
48530
42468
23064
22332
44815
42136
52467
31040
33731
30654
23611
48315
50138
32097
51743
34351
32928
34092
23784
41681
45635
50981
51931
38112
41689
45720
40289
31286
35492
43344
53093
49437
49557
31501
43774
40803
43536
46387
43598
32689
47343
39616
24490
22808
48841
22656
43258
42221
22132
51588
45667
26327
40136
24528
35876
31526
38310
34132
22462
40806
25145
35102
53336
26932
44156
27853
45665
40785
27645
42569
50807
43253
26592
43441
37768
34662
39462
53141
31799
36296
22576
27494
52097
52023
25726
42538
29856
23315
52669
29044
35375
36763
48897
42644
45200
43710
42319
42507
36747
39213
52830
35650
34615
25525
25758
51323
44062
51916
27770
48903
52892
49258
42714
42937
37256
46106
31981
24476
21526
25936
22821
27873
29436
45053
37251
53275
42196
34657
50964
30127
30146
37664
24252
23429
42582
41625
30514
48900
29108
27251
32844
26430
32498
49272
22397
24423
33217
51623
36252
46476
52816
52868
47590
37249
25709
43443
32327
47132
46574
33989
41173
52896
44111
22354
24221
29308
45468
23624
23459
31030
49297
29058
21540
27810
49153
38301
29470
38743
44404
30727
29203
46435
23316
53080
26121
40254
50378
27110
24021
29949
49316
44179
46489
51144
36474
29674
50060
36750
35537
35691
49657
34551
35071
44834
39563
22427
39056
52095
30407
30833
47593
28513
47578
53386
50731
42100
51093
29183
36442
41405
48310
33064
30143
35955
31849
39950
35722
47889
46862
22051
26556
44713
52797
39985
53060
46715
47623
38033
25448
29126
21375
53149
24679
41950
43130
23655
44893
36479
48274
38316
53094
50785
23409
47875
23046
46604
24652
43610
42697
49902
38573
52643
53798
51371
39030
37067
43945
24244
52515
29676
53074
39963
28239
36291
28216
52646
46457
37476
35441
53794
38665
45612
43574
37113
44686
25848
50755
48903
49226
30100
30589
26026
29680
24951
42967
24600
44204
24749
51830
49910
41572
43540
24340
25126
41022
51147
50338
26848
35938
36840
40753
47108
40193
38249
21778
32430
24214
42350
26428
49419
28523
42149
43247
49516
37983
24837
39575
32665
35560
43967
27635
49768
48212
53105
26998
24462
46676
46749
22766
46516
36026
22107
35171
36046
34946
45386
39490
53416
51215
34508
48571
22977
46264
33395
31335
47197
29059
32694
45102
46550
42800
46569
25704
32819
53626
24684
39234
46075
29081
46882
46179
47180
51723
52004
47312
41255
34708
39863
22541
35854
31620
30588
40582
43729
52024
32231
48941
28837
47331
21746
49763
38262
27023
26387
39964
25470
52318
48491
27966
33559
34582
51776
29771
47309
35804
47021
28992
51640
48192
36504
32957
31241
48506
51685
45669
23010
25075
43497
24200
21611
52232
23586
32512
46370
44554
52005
36696
38770
52105
43735
47156
29832
40914
38112
51692
50018
52662
51549
51835
24360
48269
26581
39576
42944
34427
46191
30242
37021
39922
48482
54209
37335
49272
29868
26571
44929
50347
37383
52836
35639
41346
53529
41194
46070
22741
24555
31376
43056
48928
37276
45128
48672
37508
43351
49127
26204
33550
53634
47747
31913
36924
37688
44576
39698
24509
25082
53900
41788
29049
36769
32136
29172
21713
48279
41512
28938
49960
38983
24445
31586
50082
34258
25201
51016
48171
30980
40689
51972
37820
40838
42066
53166
51673
43605
37101
42564
42847
52082
26893
45818
27772
48092
21772
49873
40959
23995
35512
24427
25554
52958
26107
38174
29380
32615
29884
24391
43916
41157
31232
44769
52491
32995
44117
48982
51154
42399
45936
44436
51428
48254
43285
34148
25021
45726
41271
47351
29075
35052
32097
46786
46043
47254
36692
37261
38927
48068
52978
28358
50863
36483
42842
44826
30598
48129
40789
34119
32046
52224
24817
28459
43478
42117
25707
50465
28995
46032
49746
54158
27669
30353
28906
45751
41036
44633
28879
53462
45834
23631
44250
25196
26522
54308
37192
44248
36786
31561
40473
24361
53493
34911
30903
27953
25532
22255
49368
41178
44822
41819
44197
21950
26126
49940
45084
37617
35372
44302
46003
30497
30526
26225
40510
43746
23639
42898
46610
52547
50713
52513
40299
36517
40496
27044
28171
28109
50207
35619
47140
52023
41791
35109
26744
50861
27140
28380
22975
39705
50819
21917
38217
27800
52273
50067
34532
48335
26350
25267
43008
31106
32578
41970
26129
22882
46054
41654
51253
31527
52358
23691
38935
31455
51653
37144
37395
29062
46722
24145
24731
37590
40537
27886
26329
23904
52589
49435
40597
37084
48485
33649
36186
24254
54197
22053
38100
35082
54559
35455
41597
25448
45689
51854
33401
27259
37552
35611
22973
25967
48653
23003
35703
50641
52919
23528
36266
47524
51834
36978
28953
41905
35270
43954
41063
28190
36859
40480
39548
27458
47331
39910
44075
47288
24448
47252
27921
22706
25097
27413
33728
30096
42799
36322
29981
33714
34980
44917
33542
46474
50910
50945
24120
30197
27161
41312
44912
23755
46235
39501
48081
53684
35387
30163
43142
53566
28964
28165
41384
34861
36823
51440
26722
47379
52335
35534
35923
40992
28969
39037
54323
51514
31267
24111
39354
35920
28772
52834
40125
41964
30237
52499
37275
37384
26670
23342
28375
50979
47340
38474
48646
49044
26658
24723
29676
35613
48214
50439
37858
29379
41293
27622
41594
45277
53201
45923
43878
28524
41649
49312
24214
32938
48394
40153
34977
34278
26053
45792
27238
30862
48225
49353
46067
51598
43762
37350
42662
35544
47466
38134
41617
22340
42520
41625
41763
27803
26478
34823
28421
44014
31495
43522
32579
29741
42473
54281
25004
35573
35335
34767
39547
34728
46346
24811
51511
29891
35920
24785
38103
39788
47669
46849
41770
44363
32914
22910
40822
49307
38020
33154
37984
53889
26479
24688
40203
50076
33090
41226
45444
33501
53244
35044
37470
23193
36975
52760
38809
37852
46147
30012
26313
25601
26943
52113
54387
22655
42436
53629
29883
46342
24218
43324
40764
30667
51696
24018
27192
30752
54173
38468
24817
54087
42668
35079
31062
39816
28696
50105
36066
32129
48852
39695
22722
53182
42254
22287
51510
49289
32437
28543
37945
38403
33081
27805
26468
46196
30866
49168
44304
24288
54659
43551
44219
26075
28960
32545
35501
47261
43406
24884
27354
35929
48138
49714
47883
36299
32812
49633
26681
53521
26733
48234
33593
29627
27624
40205
39071
42277
48477
51474
49116
35077
29563
46851
42409
43072
34399
34328
38313
25602
50776
43507
51017
40717
45037
32397
29164
37201
49441
22641
27717
31165
46069
25896
23299
41558
49711
28660
45748
27270
54874
24257
37091
52150
52750
31576
45188
35871
45425
23766
32147
37852
33790
34140
35831
38980
37509
34825
30124
37240
25203
52005
25633
44600
42580
47775
51423
47611
23446
32442
35180
43326
30096
35587
41583
49180
47555
39302
34324
34591
45407
26177
47538
33366
54281
48857
30380
24231
53211
47756
53909
35175
37548
44647
45719
26152
30866
45497
36373
38610
50086
50887
50319
35318
49415
31681
35526
50014
48930
38901
45857
37609
47408
43331
54608
44438
23551
34257
39215
23774
51190
38400
43245
47175
46164
31390
36461
40246
22456
25437
32748
22788
47590
43395
24549
47445
53960
33508
29745
30373
39603
24845
39027
44324
28652
53443
28595
22468
30059
28076
22857
33168
52958
48715
44285
41279
24049
35890
33388
54025
25805
35954
34734
25785
45534
27735
43829
26628
47322
38482
40184
48921
48383
49975
27345
22393
28828
43944
48164
34569
44498
28113
28866
48997
44188
31575
42765
35704
23053
41866
27996
35658
46297
36322
41633
25112
54039
47273
51785
51882
30021
53237
22371
50657
51853
28889
45829
38800
51782
44252
33259
34188
50878
25002
28002
36103
40247
47370
29540
33305
42799
25872
33285
52640
53477
27796
25102
48458
31000
39907
46311
39408
32274
28083
35258
30758
39909
32861
52693
30480
32757
27462
40016
24951
46518
34974
45296
25883
53431
34638
33356
54347
30688
22827
50990
42420
46584
53616
27452
42615
45929
34667
46808
37502
48456
53622
44612
34575
48528
27689
27658
33697
34990
41422
31387
27887
42051
34325
28982
50764
27429
39434
22539
38198
45735
27715
38817
41773
54554
35166
30581
37318
50579
53419
28644
29947
37103
33061
54090
26565
28693
37543
37484
52973
53115
44892
40979
48670
28652
24952
47098
45888
33928
51493
36074
39937
29196
28352
41508
22964
37715
34118
54271
46943
42781
45321
54226
34319
51984
42664
39700
54127
43004
46653
39362
28313
45923
38616
41985
44844
43577
34349
25349
45727
43240
37001
52529
33749
33943
38155
27008
24817
51628
23056
25123
37739
33679
50671
43628
36452
45489
36839
48106
50998
36302
32085
44758
31824
34671
32554
45485
24129
39090
50077
42015
53010
22605
36893
22824
43993
27857
30602
50301
54411
50476
49316
38697
26130
47730
37060
36728
23199
32477
44746
32788
33858
32274
29270
53870
38328
37541
45883
34911
44420
46304
52528
33040
38721
34496
35785
34071
46902
24897
37542
24034
54315
50907
38379
31833
45947
24397
30447
29375
47979
24729
39225
50649
36794
35152
33704
22867
23673
36879
41457
31583
49949
44106
47695
54175
40403
40008
27509
47429
36115
52335
50888
46201
33656
33730
23243
44795
50127
47528
49626
38921
34158
30959
35100
32643
45767
29712
33715
27725
30268
44725
24117
29173
35125
24696
34400
51605
31088
29934
47881
29179
22681
52452
22614
39688
35355
42216
46125
24662
41781
50444
40684
38685
37200
24038
23643
45912
31376
46811
43231
34851
36009
37278
40688
26472
44532
26355
37068
25786
50370
24761
43629
49025
35056
46375
28601
47192
37819
51030
27386
54707
41430
45311
40845
23493
48058
39303
38110
31649
47166
32312
36244
32159
52583
53202
48904
27393
41857
35138
40188
31446
40558
41905
36234
50719
53567
35776
39258
34609
53249
31762
27672
26714
54233
24844
47397
42439
25940
43480
22669
34469
33016
43696
45114
29063
27167
29785
48487
40968
40965
50413
53847
46513
43295
30174
23622
48669
43182
35640
50592
54874
29333
51238
51313
34195
37223
27832
50460
35052
29381
32995
29009
38574
44519
53450
29497
23716
39032
32315
48371
48581
40359
52093
48196
37650
35707
33609
45706
29634
51814
41494
51442
51357
45854
42138
46315
44710
30376
40845
32987
27900
52405
33968
52496
33282
23602
47374
40185
35774
37403
24705
33942
36735
23184
33401
51757
25795
28714
27641
53311
51031
46479
29410
23482
54464
52548
32372
35440
30938
25539
30994
36296
36287
24526
36677
32179
45802
27906
24580
55266
40861
38063
33331
32567
29823
22759
33641
53113
53386
34261
50166
39243
44324
44368
54309
39519
50572
32944
46782
50663
36216
31969
44239
29004
31485
40118
28332
47395
42926
34175
30261
45661
36104
25053
48727
48061
24590
24277
39894
33680
53296
32548
37705
38296
44401
47314
53350
34121
47561
37130
41599
34872
43464
43561
41549
38096
39037
30741
25837
22854
29334
36560
24616
40656
40136
48973
25591
27922
22898
30338
52550
33241
45437
37566
54777
28940
25734
41789
42541
32992
42047
50682
35520
38474
40722
38852
29971
50618
40456
27284
43022
23558
47594
46622
46693
29604
27558
30374
46618
27165
31731
28181
52548
51646
38456
31564
31758
31633
33450
31672
51202
54668
52149
27430
44168
55559
53918
46553
29865
46452
38758
28890
25113
25418
47089
27792
50549
27458
27240
54672
27593
44486
30427
55222
34133
48806
29739
30581
27025
43278
52263
38251
23662
44981
51957
53305
47327
23894
48564
47249
42136
31076
25695
35729
45333
46330
47860
26447
36319
42001
24022
44469
45067
55029
36208
35215
37635
43002
38172
51682
30345
37226
39235
34687
48632
40899
37061
51417
54477
54303
28059
38932
48231
35572
47291
48990
42763
47869
42299
40834
50219
41080
24250
54458
41448
43154
38652
40389
51157
45344
38612
47418
28414
28815
54855
44316
31529
39454
24558
44206
39259
37450
33692
37001
42910
51082
40001
38123
51714
33597
27918
53842
53474
50913
23002
42058
54376
35205
32453
29315
43347
27009
27419
36902
37624
42596
33659
42345
54919
30510
53048
55138
37776
37056
46335
41496
34246
28816
27322
39136
37890
49057
40117
32999
53387
25011
36863
31243
52884
33975
50196
43503
28934
50309
55224
40270
38528
46801
46374
54159
50844
29531
51562
43162
50293
27751
51980
37099
43622
43885
54254
23524
29460
50705
53879
28776
37806
40789
38385
47013
35699
51470
31280
43569
35957
39317
30325
45913
41373
51646
37778
24246
30192
44814
36174
33793
41232
26152
41738
25895
40198
33161
23461
29344
51518
36981
49310
43517
40659
37425
54392
49857
31246
43379
51299
40306
40233
42007
46360
43248
53336
43795
23301
45573
49930
44717
44458
53564
37483
25324
44611
27383
39214
24652
55719
30140
27787
48309
44400
31440
43651
45230
34908
34055
32107
40143
27123
29146
30888
33652
54634
55482
45752
51897
23496
31908
49266
23202
37191
31734
30094
27545
29181
45697
36455
39198
31163
33247
42752
36026
29494
29702
41797
54580
49764
27678
27796
48648
44585
55696
43132
47893
27955
41312
52421
48278
31267
45500
46256
32595
29421
29653
39807
44313
34689
36845
41016
24935
48043
47025
46759
26218
32823
27338
43426
48683
26458
27055
37521
52232
30797
51901
27181
45665
26171
25993
38535
47251
44637
34933
39500
52522
24932
44161
51528
30802
39959
39780
42538
53903
29501
48092
52615
54190
54973
30786
37409
36348
45060
29537
44648
43445
49063
32648
44865
46271
32329
35806
31751
39576
33984
31734
40911
55438
49011
40355
47089
49710
28934
45326
43972
27134
51258
46853
37288
33391
36110
31126
25930
51981
43307
33501
29475
24057
36734
30234
40258
29081
50983
32518
23884
25230
40338
52072
42945
39398
50147
49891
38016
41875
23448
28946
28814
35100
46697
54743
40211
50323
52595
36847
24485
24519
45974
38346
34761
37818
34588
28826
36279
31830
42651
44459
36446
46171
44316
31218
51368
28060
31100
39912
32767
55659
50451
49049
26640
30034
36244
51447
32207
36868
54836
41077
29115
39570
33807
44497
34659
39394
55751
30001
36393
52318
54894
35442
55110
55273
31654
52925
52494
37911
48902
44123
36725
50333
43712
50378
47571
55302
29057
50448
46564
32424
31129
54351
49171
44503
41820
53402
33016
25432
52936
52743
24607
48408
25704
35845
29707
47390
25975
54512
45946
45503
51017
31715
52203
27153
40423
27854
49502
48802
55802
33480
47963
52841
40426
39078
41781
45052
28230
34764
30608
34564
49511
35139
31009
36334
45648
44300
38069
26596
56025
23476
44661
52988
39181
38441
45672
29359
50128
26572
36409
39564
37573
48839
30779
24877
48494
40609
42922
39787
38293
24848
25140
49102
41195
30990
33463
25159
30192
27694
23885
38946
24594
30257
42118
55350
36633
35540
46068
43871
54722
43501
25581
49454
48042
47542
51852
48350
26222
23401
36345
52874
40465
28173
44010
27806
28830
45967
55914
49548
47374
52244
26074
41408
36203
31630
45109
40405
55350
28045
46488
34057
41223
27481
47617
27630
51315
47165
33878
35683
47922
34853
51882
35779
24705
50284
46013
36956
51142
37615
37313
38691
55667
54118
47716
32933
36652
34548
40970
54337
30508
54780
36954
38037
34533
43063
48125
47158
32998
33539
27554
39588
29186
41470
34374
31101
35247
32212
52402
53744
53676
46421
28229
45685
35047
36043
56051
54459
42397
30602
30350
37858
49859
24520
37188
37611
31909
41135
51562
42861
32973
26289
47736
23689
54566
27164
40276
41503
39521
47086
48595
31810
52632
31978
27005
50922
52529
34539
48016
25065
42246
28793
27208
55585
26050
43674
31070
23795
35726
55530
30158
40699
47086
46062
40670
26362
49893
26022
41052
29715
26464
37985
49703
32315
36562
36821
45297
27627
32795
54383
50242
36887
30126
55528
26048
33892
24307
55833
32175
29590
53482
39184
34996
26695
27154
48995
47838
29663
44425
24004
54246
49600
39284
47318
34998
27329
31905
55360
42537
40158
53099
35839
53522
27438
37854
56320
34687
55829
33052
38382
51007
31674
32255
27977
32161
45243
44800
25016
42111
24864
39768
24480
45179
49550
44389
52981
46217
30909
37454
33872
24238
47404
48362
51266
45575
41748
36830
26857
41484
33434
29446
35264
29462
48712
55319
42427
33823
35262
29314
30612
26057
45221
42651
48223
25250
36325
29690
33893
23719
33560
24353
34351
41991
33854
40544
42977
43817
35762
36342
45770
48111
35421
44921
25912
37437
43049
47224
54929
32693
26808
29790
24991
31941
34903
32153
35116
51940
42285
37372
35535
35864
35000
34402
37893
29628
42363
40341
52611
29824
40176
50798
45259
36785
25028
34109
56318
43451
51779
35946
55281
34796
42770
51293
33922
56186
45596
25244
40749
32200
27086
32819
38874
49637
44167
48985
43001
32597
43082
47184
24529
47637
29367
34189
40469
35801
23865
38681
42425
45720
55680
54583
50691
26698
33330
54855
51429
26609
39901
44010
39818
50134
41521
35687
25903
28949
46444
54606
32820
44123
31765
49243
35187
39919
52461
43932
31184
53999
46371
56278
32273
39389
44743
43046
33009
41050
39809
55780
39791
31792
55171
50124
24428
39318
30908
54368
45173
32944
36430
42888
40670
37974
29763
56188
30992
44566
36731
44259
34595
47996
34281
40509
42160
49296
50944
44670
44256
25505
30823
25339
27849
26177
39668
43146
36859
44945
31704
53221
47957
52159
50711
43344
51742
33996
51260
33660
24913
30867
49738
37290
52535
53255
53237
32019
23867
31676
49938
42376
45563
39337
33357
54614
45467
26668
49178
27756
38494
27214
40430
50880
52087
41289
36782
25070
35868
32583
37736
34338
30941
30573
37185
30265
38708
53016
30638
27427
28509
37990
26599
24204
48231
24057
34457
26811
25228
47095
50395
46522
40894
25173
46436
54711
43650
50262
49659
27818
45825
47438
54574
34104
31324
39596
52295
35543
29761
43831
50556
44852
42684
51096
40550
48850
48207
32793
46773
43251
31812
32684
52001
48827
40258
25647
31908
28051
42527
27630
55270
30924
53493
40042
28921
30340
42104
50777
26438
37838
46982
35565
26055
25613
54016
50777
29559
49057
26073
33682
43015
30150
32620
56658
39123
54712
50195
28771
37396
54044
36853
49946
28759
51611
48159
50722
44590
41936
47575
53882
31269
26980
30764
51393
26871
30839
51154
46514
38914
28226
45357
40939
54265
33531
28844
25330
38873
56569
36184
47993
30750
40729
48557
26849
52790
46688
36520
34814
47158
43746
33057
35610
49356
30690
37211
29500
50036
44858
56538
44714
24815
27646
55924
49324
38898
55388
55467
38547
54811
51910
46650
44538
38184
48724
35054
28748
55403
43619
42679
26502
40569
32131
50431
45118
39715
49040
41530
52453
52647
40734
28095
48713
50983
28186
25046
34141
46425
53679
50194
29245
34177
43367
49121
25709
45980
29075
53089
24673
39390
42220
42613
40515
54367
24954
54297
30192
36114
54453
36338
52292
50166
45803
55849
26007
26512
48609
35706
49543
53656
40637
50056
25592
31731
38691
28532
44890
33249
52639
29357
46123
49528
47427
29706
39356
45393
28817
33046
33847
48769
24475
31659
39905
50890
43368
34242
39325
33555
47258
24457
31922
30230
49998
27574
52685
45913
50756
52763
37706
37471
47936
55419
55983
41503
36527
47517
31609
28853
39054
41630
30492
31576
40072
54923
39493
55948
38238
55344
50018
32408
53132
43562
29284
36923
38698
54596
34243
51611
32016
43264
51395
56190
30525
27251
46839
45756
24698
25942
39171
45557
39738
37723
24229
45951
56261
52669
55799
26530
56725
48411
49134
25352
34816
31622
37415
29039
50712
40153
54755
32929
38352
37192
48208
47014
37472
38460
40970
36408
32234
43359
31713
30839
36445
45554
48861
31454
33178
54375
41343
47734
48341
42028
24650
56649
31550
42949
32642
53018
53217
25373
31796
48723
32459
56350
36470
25919
29039
52607
24816
29561
51784
31709
24987
43941
56255
24846
36809
35165
34382
41394
27494
33646
49638
33034
27005
48709
54926
50958
37373
49828
34894
52409
43710
35994
47691
41640
37823
34481
52531
34275
47282
50537
48347
38651
48058
38629
49447
34645
48499
47845
30251
45253
26163
55028
53135
52062
38031
31459
56120
46473
54561
51573
38692
33365
34697
39260
56982
49678
54450
41572
45684
47377
55895
35567
24813
30942
44997
27041
53342
36719
42978
36700
29047
49353
29806
44399
40090
32464
36489
44042
56963
37727
34933
50422
30766
45208
44190
46722
38389
56185
36311
41665
33274
25776
27879
28402
54724
25521
38724
46912
28461
26629
41758
43692
44155
54501
44191
25415
46029
39687
30834
36516
51641
50360
40834
31373
31539
34859
43012
55797
40624
54289
44983
54830
28812
35433
35690
49244
52905
56730
32704
30506
55130
33727
30512
54459
28543
46146
55631
47332
29681
41900
26450
33688
39456
29115
49614
37795
50170
48566
31683
40347
51983
54525
57049
28436
34547
45028
50409
29204
37604
45249
43711
33991
38573
55620
24607
31091
38602
27143
30981
53933
36813
41062
25649
36814
24833
34449
51939
40353
51788
35295
40420
48990
33114
52070
29637
33756
41463
57032
40043
39682
32189
27471
36300
40831
36592
25405
36339
43194
37542
50525
48714
47372
36395
40158
27672
56366
50083
45921
51785
35309
55793
43345
30830
41253
48088
26739
31492
36588
29280
42174
35065
30222
32380
24428
53868
27322
30185
41041
42165
38522
26457
55660
36773
55400
51665
43196
28686
46496
31568
27732
33670
44529
37553
56498
26985
51416
35026
41293
46365
28334
31990
37741
30106
25120
39016
41791
54825
28128
54626
37673
48235
39578
44332
32091
34718
33066
29064
55207
54556
36108
54606
27026
28196
49939
26708
26795
49885
24670
35472
44827
38552
25993
39553
49278
49494
25120
25290
37105
43658
37977
35617
49772
24864
45314
36967
52307
29885
26552
34840
49479
29769
30554
45798
42818
46507
26301
41633
38371
51923
46497
30554
36614
51198
39396
30664
50584
48949
40182
35051
50858
38167
44429
51438
47299
37593
31130
53586
42363
55691
42107
25673
33093
39581
44402
35168
25997
47521
39510
56673
45315
47954
47752
39288
33334
42454
38441
38292
49252
46656
56714
51728
42640
36697
27876
38035
34006
50592
47178
50229
44028
27791
46043
45283
46921
35104
35900
25092
43162
36240
49990
34908
35506
49763
34043
53041
36306
49320
51391
51373
53897
24958
37573
31108
54990
50903
27079
51159
47436
24956
54522
53591
50941
38994
30273
27821
34554
29915
38048
55834
47250
30975
43764
26458
30617
33293
52962
35535
31490
56573
33806
47579
41393
28664
53133
32398
49546
40218
40860
36993
27854
49782
56210
29953
41383
31578
45075
27248
38913
34517
27527
41705
41372
30583
32458
37411
53343
36952
30245
53912
55024
29531
32382
26086
55169
33972
51915
54389
38125
42920
28109
28762
47619
47252
31738
49019
43809
26673
35259
53492
38406
56342
55767
33210
46049
47231
53295
29822
29101
30540
31917
49365
29377
45133
53879
40341
41379
46780
57192
35458
49950
45067
38848
48426
49044
34785
35354
54541
38549
25951
36767
39681
45231
34215
52346
53205
33672
40863
38027
52789
48171
46322
34912
33741
25504
29784
32353
34226
45503
37144
35914
50173
33349
46027
50399
41145
41000
26722
32219
28159
56104
44394
45609
38751
39847
34959
54358
31362
26810
50271
42311
45838
38016
47953
25383
56778
33459
54278
25764
38659
48508
37582
29787
47150
52364
25710
32912
39118
33384
34337
29475
54936
46084
44764
50623
26837
36500
56790
42581
33545
32671
29256
49097
35538
25429
28785
31467
42258
27938
38878
52136
40528
32387
44776
56962
45660
57369
42878
47677
30514
37116
33061
43483
28449
41041
35900
33483
34349
50463
29317
39774
32433
43102
43233
34170
37193
38225
44635
24978
50158
33814
48232
56789
48227
45692
52333
46502
37329
48916
38530
50509
25006
31371
28022
34284
44002
25398
39955
34228
47661
32495
42915
45144
38595
34592
39859
31682
54842
39709
49942
52486
47270
27831
29229
43412
26115
39694
50790
34993
51667
44966
32515
55592
53767
29117
54045
36668
38179
33756
26856
52962
41886
32685
53816
34349
34951
33804
45636
35850
48495
26976
28842
38701
38274
36908
40372
41291
25591
32225
27610
35466
25003
48119
25224
37174
38408
44347
44577
29109
50988
52587
45379
49853
46407
36608
47949
25028
42309
52043
34846
33720
32430
30915
27936
48625
32970
39838
55174
39780
54024
42142
32721
37401
29856
45614
30361
27871
53112
26541
28298
32062
29253
53002
26541
43437
46578
30865
40936
44037
53829
52484
27849
37942
42432
50670
25215
25400
46277
32820
27689
53829
41982
56557
47444
39494
45564
42099
42174
53131
29726
57274
30816
42430
55989
56289
45740
45082
49253
35847
45332
29144
35023
48480
25547
53994
37484
53640
28367
52460
32700
29463
56359
25688
39841
30837
50025
49657
56581
26864
35456
32930
52675
55307
41900
33567
55493
35609
27850
26220
50026
40203
37846
25637
54826
38023
42158
47422
30844
41018
42009
25844
50167
28014
56327
54275
53944
52447
48411
52250
52485
39370
31078
43916
31279
38728
48246
53576
55485
47066
42127
49419
33222
33605
57656
55252
56223
36512
39673
42137
57271
47787
34916
47416
30654
44130
54354
34736
46605
46034
47471
40849
27970
38188
30457
57265
27434
26648
33476
28705
56037
33099
40066
39007
37444
39516
42561
50637
52854
43987
26165
54882
41956
44420
38328
31648
42329
45339
57743
51654
34406
35575
49007
51014
48389
32060
48319
36985
26236
39203
43680
25490
29572
51861
52011
43217
57259
49657
25593
51961
30711
45130
55785
29699
29900
35180
47645
33300
27407
49344
54342
51373
55436
46070
51746
29217
53141
47138
47171
38221
34284
32018
56337
54147
51940
47839
56082
37575
43202
56771
36713
43070
46441
42026
32157
34531
54839
25356
55196
50812
31530
25721
45312
38605
38215
38006
51344
29451
52284
28679
35594
43411
46916
27277
45856
35804
40267
48466
43712
55978
32851
54627
37272
49797
30742
54174
36058
31850
40940
54027
50236
26304
39920
26992
45124
43661
31070
38431
40386
49386
28224
37651
35486
27829
48202
48187
49107
31877
47874
33046
52412
26851
52516
38016
51087
41655
50500
52940
30503
42496
32181
30226
51718
42184
42922
57546
48794
56920
38299
42650
41151
30376
34026
54125
49286
57881
43719
53445
34356
47462
34897
31058
34702
35288
51709
35523
33364
30138
46652
27100
57356
47373
28504
27849
42752
26237
35999
40882
31882
28819
52932
46991
40079
54059
29570
42814
27210
28969
27778
35538
32331
31336
32127
56623
54719
28147
34216
43988
34545
35960
30790
48375
40721
52985
51358
56279
36149
46533
52505
48974
48797
33703
56738
48805
53307
47453
45392
51373
31090
25931
48965
53515
37919
39793
42710
42964
26070
43419
25324
28506
36462
56279
52393
42053
49087
25900
45391
27621
41642
49289
32606
40134
36186
40444
52989
46469
28362
45092
51611
46563
37767
28137
46294
36376
42936
40042
42140
39018
39515
46391
39056
53501
50641
31937
34991
49133
33181
56591
42291
51610
33129
55474
52663
55619
42313
43514
33693
39383
40772
57962
56237
45319
37393
40554
45822
45216
36126
41276
43802
45592
35287
27953
45405
53350
52772
44061
38302
29719
55347
31752
29714
42399
46969
29734
30316
55789
30451
30218
45129
27970
31922
40726
39628
49218
33430
28214
29573
43852
35930
29134
33432
48135
32464
37360
35867
28989
48238
51923
28863
26861
27402
27520
49587
46235
50914
44239
52165
51179
42719
46226
56779
46446
38427
55568
52801
44476
42656
47285
33843
29891
57715
31239
34654
49502
30673
51164
56210
47914
39352
56778
43866
35477
38313
47328
34271
44855
42413
49299
46090
36966
36246
31739
26857
31748
28295
42816
53588
34716
29622
48463
50896
34733
48241
51665
43443
37190
42847
38749
42633
47571
58121
36332
27319
35127
26520
54670
35934
53787
48608
37212
43394
25733
47006
50862
33388
52908
31998
50318
37708
40971
37729
40812
28963
58036
49500
38163
28128
48871
29700
27867
51145
31971
35177
43040
26653
55548
42080
38644
29944
56814
28038
42257
47734
47473
25985
29457
44827
48909
44169
36834
38771
36144
58152
26228
36085
34942
34877
46004
27693
41320
30791
39102
28187
38912
29152
40270
28886
45579
50056
46712
45940
38744
34468
42394
35118
51281
35782
50062
51136
58064
56367
35876
29967
43316
29843
32207
30734
32691
40220
41374
53474
54258
33457
53102
40005
41682
30071
33375
26152
37005
28824
53636
36764
50947
53060
57567
52210
36430
54006
56972
31009
54172
57081
57404
55145
37438
36138
46309
25654
54012
32767
32440
56391
46508
38344
43348
43279
47363
57653
36921
48476
46250
35609
27007
42294
47508
33133
51400
52490
52368
38808
52851
50184
44826
31726
55058
32201
43639
42614
48926
55093
37121
42224
36586
58020
27071
26646
41686
48963
31288
30243
41925
32698
41609
42642
58321
25611
49078
52008
29501
27325
34878
27188
33194
32059
38642
28182
57230
47991
38918
28158
46051
43730
52329
29686
47644
52288
55122
25635
40029
56743
35356
26951
48619
51849
41555
35467
35298
36835
44559
52860
39462
38741
35456
36691
51867
52610
45259
25721
35993
30650
50452
50506
36506
36055
39900
51482
35894
38244
43406
43125
55890
55045
36948
58283
33684
53010
49199
45708
35098
49286
56647
41329
39787
55576
57472
32636
57261
45479
42573
33312
38169
44507
57289
49635
44717
32522
39428
29794
46368
52824
53146
34710
34075
53795
47243
33367
48550
53918
52294
52766
29409
57787
43527
52751
30964
51791
56163
26423
56136
31345
42274
56850
54264
27938
55884
44368
55170
55092
25990
47576
35011
39780
31903
34830
43298
51658
45671
54865
55563
44659
56000
49352
48287
45900
29943
53855
55465
39233
36948
42764
48084
52391
57071
33623
51228
55511
27334
34073
45187
48924
41229
53636
32517
46288
42949
58467
46797
36033
45456
25763
26281
53210
50116
41491
49084
51455
41662
41064
33907
34872
55417
54148
58298
41234
35167
28920
37999
43074
35678
31431
50454
46220
29503
26477
46031
26339
35891
35615
33414
48594
28079
42581
39786
47130
41850
48518
47520
35485
39941
40498
27192
28026
53498
46374
39264
50298
56855
39420
32727
42667
31293
29665
33957
35146
34500
39835
26378
37350
43282
40650
50356
54211
41580
34925
53300
31869
55819
37545
52147
46061
52595
42438
39905
45904
56064
51323
34607
55206
39618
25963
30014
45913
47499
35311
49815
58143
35397
33302
31900
43553
49545
30186
39359
39261
36718
27637
33265
50761
35743
54532
31581
54457
42929
34091
53079
55298
39859
48649
48015
53088
33030
44621
33675
49557
36719
35449
46676
48083
45162
41703
31855
47068
56513
39689
33294
44392
30814
42484
53640
53959
41053
27680
45575
53447
40806
32361
56960
28120
31802
31322
43241
29806
54923
50091
56742
55463
34321
30472
31556
57646
45018
31253
37481
55135
50658
52398
57867
33452
42211
32627
33761
29503
50286
29572
48407
57312
44347
51081
51014
39706
43454
38390
42403
58265
58618
26765
55927
37847
27546
34084
37071
29944
49982
30632
36468
47346
35859
32098
33309
57328
57510
46457
33252
36089
26618
47800
52727
36300
52696
35474
43920
39439
38246
56675
27687
36265
31227
54265
29926
41581
53810
40531
55901
27896
43325
32680
58487
41180
33404
54188
36524
57342
31566
30990
55417
39228
48936
50501
31245
47699
33252
25996
53574
47360
29787
53547
39643
46950
26421
45305
52187
51120
36864
57375
40790
37623
42112
27166
44121
26470
49222
43540
38944
29084
51332
28475
47240
42321
49696
51890
47811
39229
52743
27264
41551
55861
49092
42454
46121
31128
33361
40596
41534
56041
48941
39951
35618
33981
31662
33553
41476
30936
41113
36642
37602
55187
40944
45318
30457
53889
44299
46727
28032
45649
47850
40821
44181
29686
46282
50154
40568
49414
42230
45010
57079
51040
48608
55211
44329
46098
31088
35466
42335
54650
49820
50527
55128
43179
56633
52089
36020
54801
32785
43085
54187
57689
54581
32371
41471
37003
54421
51185
42031
52857
44237
27580
36078
35933
44610
52348
30931
26302
27758
46224
47698
37267
35192
50002
41451
53163
57352
49052
38561
31052
32601
29579
37550
54811
44432
30082
55413
52795
58444
33394
29624
46777
31614
52569
56075
48424
30331
26633
50569
46728
42831
43307
35013
54637
40020
45955
37636
35677
35844
33398
54697
39289
45836
40905
46064
37983
55457
26283
51679
57168
27927
30710
40826
57998
30384
50098
39991
33032
49330
52187
52913
37177
32956
33891
56480
56654
26201
29819
44809
28295
51414
32015
44722
42975
26449
26767
42201
29679
28435
42997
37925
35344
48160
57604
40413
36544
34827
45517
51032
37703
31503
52600
46005
47258
54108
54849
42444
31103
38575
39105
56931
57330
33317
35951
43686
43463
44113
48486
46801
41106
36236
33641
31024
43204
57996
43556
51529
52246
40249
28340
30552
49963
55227
30314
30715
49776
32216
41676
30767
36424
41085
26333
28027
39526
42906
33183
30315
47225
54835
49621
40768
39439
54453
46861
57062
43443
46470
29662
57382
32601
42975
50543
27421
29693
52446
33848
33517
39046
58071
57869
35762
37872
47852
55640
36024
44202
44253
41382
58091
33085
32033
52581
30606
46127
26933
29931
53040
36647
52788
37563
34012
57681
40360
29956
34193
40196
38047
26731
40945
30883
26882
32778
48189
38593
57635
40633
53377
31112
35221
42380
58636
50523
32064
27549
48419
38586
29620
58123
30711
28518
35262
36674
48596
32454
30777
45181
52634
51594
44327
51338
32369
29838
31489
56525
35257
46849
53835
39304
45376
47046
47466
47706
38328
55834
30394
56325
53608
48504
41180
39796
43809
29881
35149
42492
30068
47232
46397
40674
28194
39125
55454
32285
45524
29200
34683
52318
38924
43257
37259
57422
35676
29229
48134
33046
45526
43204
52663
37413
31171
30768
41299
44077
56984
56680
45577
51055
31269
49991
54874
56121
46608
48686
40235
38573
45442
43761
33048
38595
44832
46321
58892
48530
40765
34693
38158
36555
39501
44703
43614
46470
57245
27308
43457
38721
44098
31675
44313
38949
32336
42978
57656
29836
38988
32989
50422
54209
55523
44281
56961
30726
47835
46897
56053
45020
37195
43670
52269
27774
54279
31988
30936
41391
36959
36018
29391
53941
53769
46586
26534
28838
39003
49946
57216
28130
43965
48170
56872
43745
26463
55791
39518
41007
52007
40960
49007
27060
27118
57895
27913
38713
34795
47370
26956
58920
32111
43531
47396
51347
45523
34412
37591
56696
49839
50615
57050
48708
43853
57181
47849
50581
32862
26525
45910
45892
37867
29607
42658
53667
38286
35074
34634
32771
33505
39979
28643
50810
31799
57983
48489
55011
53642
31578
41941
40741
56245
46209
28909
53433
30179
28093
29024
33126
43848
57289
44050
51535
27919
51822
26549
33328
58515
52717
44697
35813
46545
29597
50373
47660
50718
43477
50246
53163
56085
46860
54215
43573
42452
26687
43874
33865
36456
32404
56246
28635
54149
41020
35642
28247
53882
53405
40400
51684
35685
46001
31390
37862
46499
41129
58393
27846
30859
51159
38498
30965
40028
28618
40918
42798
51059
36283
42977
44028
39874
48424
38930
54909
51325
55998
56181
41573
58390
50812
43037
43845
41580
37142
34560
58638
47936
39063
36360
48593
38120
55371
32870
36040
34631
28636
51498
29338
51964
42427
33808
36571
26842
26817
34973
44754
48536
38167
43883
55680
58826
32851
43458
56541
42512
37091
29543
49253
41870
58543
50873
49363
32924
51962
54009
47405
45502
38281
54506
40192
40662
34056
57754
26605
58520
54441
54143
42596
51775
43278
36293
31664
49022
58985
35303
51508
30394
45538
58237
56052
28534
41529
54869
48471
34063
58284
58052
41003
54697
54043
35902
27369
38249
54378
58917
58938
41445
26663
58079
40635
27096
50284
39211
58621
32027
29959
29621
36561
55504
50905
32488
56770
50144
33404
51459
44770
53161
47657
34927
55242
53488
44760
31824
54492
58653
37032
47962
44235
55207
40578
58597
44382
31693
26873
26692
58736
52871
48245
54867
32828
29884
30353
29008
58839
27061
51905
28396
50430
29138
47672
41121
27154
42363
49929
30277
34657
43098
35468
36576
53927
57543
34563
52155
39893
50052
27773
39353
49424
34731
57595
58602
41981
55012
48082
27230
33852
52699
54352
56375
58162
57586
41890
35842
54540
31027
48629
36680
58112
56712
59100
37471
58070
48174
50418
52614
59304
59495
30912
53298
45030
41071
39649
38562
46236
28594
58723
40377
48632
33084
35953
26893
41223
30321
35375
44860
35519
38398
57830
41087
31810
59151
40545
31617
56417
36035
36759
58481
49759
30172
35722
45653
56824
46268
46702
42658
41122
37773
38414
49930
35859
47295
29804
45462
51715
28599
54695
29428
28979
27077
34082
50962
39854
35671
32227
33772
45647
39277
45625
52898
37251
56141
30370
27341
27472
33912
37867
37907
35479
31452
50329
38393
56214
52555
41352
38393
56752
28204
49618
50133
57969
34417
37362
58410
48589
29897
42538
26952
52136
52502
35874
36417
28316
27681
57297
43072
27638
29580
42912
41500
51457
49673
48077
54829
36232
48074
48398
47711
36758
30521
56952
37508
44160
41448
34462
40175
37669
45515
35837
27966
33653
46757
37016
26999
42800
57280
49375
40279
59376
35297
31189
55270
58986
27003
39538
51023
30449
42275
33862
34543
51004
29764
36704
54188
37224
38420
30062
55944
32832
46278
30758
54645
43197
35074
50916
27244
48329
53650
59284
32953
56136
29534
42706
32921
41305
54682
54096
45318
57561
52798
51320
42962
41002
45750
35923
32755
50994
57563
33962
51742
40358
54307
34667
27543
32392
39700
51789
57159
58606
49407
30135
36111
46598
32746
57055
43868
27735
52942
44335
57083
34889
40963
28396
36143
27112
58360
57625
37889
30693
42023
28313
56536
47069
51784
43669
32073
48094
59333
51741
55856
35112
37231
57618
33024
56368
41839
58947
43863
28139
33151
49878
41174
40520
42842
28906
27439
43007
40304
28026
36991
49545
42463
33156
51167
53103
46495
42603
56373
35784
36348
35227
45393
50941
35402
29547
40757
42448
30164
38215
38835
32925
32277
33550
51774
51167
38187
56249
47610
37365
55432
58686
31253
46631
53227
40883
33882
39140
39054
37815
56835
36173
53409
57358
32463
28664
55032
51851
44629
57069
45825
55347
52120
45813
47352
45215
45787
40469
48734
53410
46519
37717
29351
53292
55658
56261
45107
49006
53106
31938
55679
57151
56411
54134
38557
47295
41173
35230
34529
55354
30985
51088
47838
44879
58925
51068
35472
57937
46678
44530
39899
34029
56974
52132
44340
35341
47911
44142
30879
27389
43599
38803
49881
51660
46308
58698
27350
37622
47497
52601
36206
57919
52729
37824
37203
44770
51867
46265
44870
33515
46167
30846
51850
49634
30889
36460
44441
49833
45043
38439
32535
49319
55832
47582
33540
59431
51526
48593
31797
33274
44819
43280
49669
33380
32716
27525
56904
32566
40969
42292
51072
53559
36997
29378
35668
58568
35885
58164
32061
32200
52343
31482
48515
29366
59381
59436
44136
41749
32554
52243
40354
44309
43932
48619
57359
42607
58666
27367
28069
56465
53664
30582
55208
57339
45705
34245
49951
57065
58693
34181
35208
37682
43355
45294
53707
51056
41232
56068
46445
46945
49208
29465
50694
53133
40268
57747
34549
36905
55485
41455
44882
38716
36488
48646
51236
38400
34315
36495
31444
46475
37910
58598
41954
44718
58182
33292
32215
39198
38542
32494
30843
46545
31255
35306
36935
47275
46666
40335
47645
54618
47403
38052
46903
37759
51688
49004
58718
44558
31409
56873
57180
33271
27851
42207
33203
53254
39648
44122
42895
54791
40346
29810
46074
33583
40560
56206
47951
52151
27839
44903
57585
57290
59676
47887
48444
51617
47849
30257
57276
46829
33830
47514
49565
29045
34698
40184
48227
51968
29906
57826
55516
32885
53082
36889
35410
55361
41706
42766
43524
32761
31442
34980
50904
27968
53049
33078
40266
50668
56498
37084
52136
37732
39440
55786
38529
50508
49276
55482
53595
51045
39364
51372
49060
44718
35062
55914
33259
49616
33070
40817
58192
57528
57004
52941
39737
36742
54825
50979
55111
43174
28267
29173
41353
31292
47128
27682
30447
53958
47048
38828
41473
49405
46685
31422
44496
35579
27543
36846
34093
41123
46819
27583
37402
36158
55924
56170
29054
44130
27797
57566
36637
42520
29502
45061
48582
30269
56805
37193
40910
33577
53654
52567
29630
34703
31558
34338
39241
54180
56421
41259
57985
43396
50610
42753
34122
47313
29779
48131
49422
32157
34085
38509
36018
34442
45649
38291
57545
58927
36640
56935
29192
54206
46608
41281
28666
48868
40231
27872
39925
56049
33927
45740
52301
58681
45891
57405
44999
43706
30321
45601
58705
37119
38528
41946
48112
42564
46796
41255
44793
31962
54128
56453
29316
54733
53595
28404
42014
57029
54439
42238
29630
34602
53542
40182
55547
45195
35133
39550
43131
48705
28405
45899
40367
51279
39759
47405
44221
30093
53208
34121
45246
49414
46718
34985
51754
44702
54178
50680
33168
45816
56942
39046
33419
53910
29545
27795
33521
48194
54600
52425
43597
58029
45064
59658
36240
55639
37433
31340
37635
30894
37021
43138
53888
36218
51185
54238
50658
38776
45323
59859
56762
56133
31525
42368
52804
52094
57465
57865
43161
36134
43278
57896
37925
39752
53201
45285
48220
52701
32231
32673
50857
51183
53314
42329
58535
37119
39794
41769
54932
56741
41406
53775
29187
52086
28532
40434
32976
37930
53629
29155
35929
31743
39476
47522
59627
32600
43129
40036
38267
33706
58624
54483
50071
36760
43503
51799
39836
52829
51369
53140
37160
57963
41444
43572
56274
52049
33794
51174
59417
58082
50078
50342
54427
46484
49765
42560
53128
47654
55335
28943
59477
44166
53805
31243
43445
36849
31950
39427
36805
40028
60221
42534
44678
39699
29093
53704
40081
30368
34168
56675
30214
33262
30724
46812
35782
47790
48967
28424
37602
35578
49412
43119
59475
52792
54294
58192
48363
40258
27653
51941
48523
42436
41687
59367
35735
37093
38184
56405
39335
48425
50301
35954
49279
53141
29654
55565
41026
57365
45698
52996
41442
50460
35127
28683
44251
49802
32098
30890
58657
40914
57020
51077
34134
59740
37662
51680
43329
57640
54422
37218
40060
58037
38330
30489
33132
48673
32828
28607
58486
52881
49599
30012
36720
53203
39657
43371
45398
46914
58554
38433
44607
37866
32796
44652
43919
47597
58299
29976
44141
48422
48150
27768
53880
32523
53719
45923
38581
54232
43615
29564
36556
33514
38566
33974
37493
42600
42050
59928
54573
44585
42181
35774
51245
35282
48972
53793
55452
48703
49237
34456
56836
59941
39889
40222
52483
32245
54651
52053
33347
43779
50023
37067
47531
52711
57054
38012
34263
55331
38761
31641
56262
32007
56364
40328
34515
42450
53109
47404
39143
28954
55445
36710
43756
49518
34799
34524
33157
40761
33102
48377
59900
29161
57468
43061
58236
54353
52240
44950
59520
34892
43655
56182
27787
52644
44438
33672
57882
41010
42943
40470
56534
41286
57379
38028
41999
45129
55447
49466
51558
30368
47609
31318
38857
60116
56005
52800
28325
36592
37859
54538
56662
28203
55235
47928
37603
40391
49068
59844
30184
50489
33617
28518
30931
29066
36518
36626
32339
47101
43505
38849
57870
60402
59428
59764
31123
60426
53098
52086
41359
51852
28672
30690
43843
54536
56646
32870
48693
48954
48406
28742
33318
30000
57684
53156
42309
55471
40902
60414
37538
28116
56358
35320
27877
47863
30838
58460
41280
57300
40852
40031
42658
42989
40462
32550
48430
39978
48439
50312
49643
55235
54395
43798
60093
42079
34031
38232
32404
41342
54060
35930
56803
31508
37726
52071
28500
29558
56216
47381
50362
50298
28779
29058
35910
39898
57270
50652
41471
46810
48575
54567
54636
57643
47235
41530
46995
56078
30027
51979
34088
60093
60544
50477
33022
40198
47040
50071
53953
31033
34353
43431
48615
44100
43798
44903
50404
28445
31392
39694
35997
44128
59654
46026
37920
43322
40920
53692
38034
46469
32144
44868
40296
42804
45930
57216
49371
42226
30069
36367
58517
33798
28906
60443
35505
48506
31933
28310
42722
48764
47219
49603
54258
38916
36147
38393
32111
53687
50463
43428
53665
58380
44261
46220
36798
40365
29584
39002
34401
30752
48293
31320
54841
40870
39019
43640
52478
45667
54922
31640
60586
31424
59095
28932
29413
43278
48239
58684
29889
53356
59139
36344
58023
43754
54898
33130
34962
59630
31901
41155
56954
36823
49527
35832
48404
44001
32091
33478
51896
55624
28067
55028
46242
59569
55158
54232
34910
41669
52449
48924
49534
28447
51241
54978
57230
57960
37216
28774
38986
30656
41527
40387
31246
31072
31763
31353
37517
56446
42083
34574
28102
38001
47920
46386
33076
41238
57333
35143
55109
56434
55474
29984
36622
52121
44860
53257
33853
30414
47319
36872
45903
36075
48134
43107
44547
54788
43170
45410
46094
47431
38442
48470
50192
55846
31834
32474
47303
37049
55807
42073
50818
49501
48649
36049
60633
55202
59106
47574
45212
59492
60414
41689
45577
48951
42420
52650
29506
56073
51020
53308
58110
40450
57177
40873
32638
46255
45641
53365
42435
30816
41786
44055
57598
53454
40719
49077
52808
55553
48579
51248
59539
52081
36350
40800
53472
31084
48870
36513
59059
53687
39992
43662
50372
47736
37015
39948
30200
49747
41508
31371
30351
60628
40270
39816
54687
40461
57836
31574
35521
59776
34441
41759
54282
51263
50686
45094
45117
31313
60231
57422
51518
38744
44943
51168
58058
37489
48781
38025
41318
46428
54547
33186
48533
55005
44516
57780
30542
53345
45255
57660
56749
30437
38873
59051
48873
39700
32551
46001
54406
54447
37500
43963
32716
40242
52600
58299
43639
32181
33250
57127
40880
54288
38975
40516
28988
29506
48804
57764
48372
41748
31176
50925
58997
49913
52317
41693
39192
37945
59553
48267
42533
28494
41008
52720
37699
59534
34332
60837
60723
43019
30527
50670
45758
30904
31952
48376
60396
53965
48437
29279
49527
58732
28440
46579
43135
58244
33469
56252
30335
38902
30099
37180
29056
34038
33801
38899
45197
37556
44450
35113
57446
37180
48972
34535
49273
37275
55278
32327
60429
55876
39744
57069
50113
31410
34527
60374
35637
49742
40353
35153
36615
40594
56613
44106
59137
42095
45487
52942
43152
51436
56371
36300
40312
36113
32432
54297
53959
41219
49856
46775
37895
49776
52844
58967
42680
55853
31556
55836
55806
40222
33712
38818
48790
46167
39553
48191
39694
45184
41163
43913
28726
52350
60919
34584
41426
50000
56852
54157
38801
48438
39534
28370
59971
38937
53346
48036
28998
36647
51824
42575
50241
34238
40850
59065
34069
31115
60620
41890
34321
57331
52485
56106
41062
29361
33557
46228
52954
44993
35359
40777
57536
36989
32801
58144
55591
48135
40649
34268
52818
47334
46731
43511
56680
57844
57328
51870
34413
41591
55089
30972
33905
48526
46596
32443
30215
42191
32694
35272
59897
41518
45946
50519
42042
55584
55553
33832
44828
58113
47946
57352
36035
35507
50620
29338
40154
60297
46962
35671
35460
30563
41174
34516
54934
43034
57201
43843
53763
57374
35841
44605
40088
48733
36556
51135
31721
59751
52789
30322
40587
38352
43917
55599
40835
52182
49707
49602
56831
45124
40127
58606
32068
54423
54499
52146
41192
53854
53491
59851
47425
46567
37919
32122
29725
31767
54462
40071
42419
42906
52453
37510
48602
45373
31033
29785
40313
55191
47617
36086
57407
37359
35456
34667
61076
43610
49793
31263
60367
49956
38451
46938
54441
52081
51255
34567
57841
42788
49656
44473
33666
36352
34363
58605
34675
58893
45559
43151
49549
40254
32614
32191
50946
50768
32604
38612
37467
31989
31960
30881
41907
54578
48856
34040
28963
55814
40050
36461
47997
57164
38689
55644
39741
43746
61277
44590
55740
47371
59246
57559
60071
40978
43137
29091
39344
55089
32252
43827
49283
58544
56079
57794
39164
46929
56971
47022
32663
44780
51448
35635
47656
38999
39138
29049
38604
41096
49523
58065
30495
33534
44871
31803
39855
30557
36731
31277
50097
41560
36103
53391
29939
36307
30798
33802
32786
60489
36084
43138
38125
43884
51696
43233
31577
39436
36834
48151
50199
42298
31142
43871
34307
28845
41769
52675
31629
52837
53883
56546
37997
55693
46886
34545
53139
47270
46015
57856
29021
51938
58810
42110
59917
50382
57218
50944
32890
32820
51402
29502
38150
33600
55581
58462
37071
33505
57533
40054
54570
58482
54186
37708
48973
33434
35585
49760
37963
47473
45191
45612
59718
32228
34950
60586
56287
33882
36312
30999
44786
47768
37953
50423
40833
39137
58626
40537
34285
36450
35242
41820
38764
36046
47408
51954
56247
30534
39743
60132
43779
30843
54737
57110
51251
33814
39167
46605
60236
34648
40215
34478
53289
36093
50928
54088
40304
55399
59002
40405
47044
48120
50073
37245
54588
44736
60724
58716
58644
58712
32393
56453
40867
29197
52931
34631
53901
45121
48846
43439
48442
32527
39274
60237
37255
36654
47486
46139
60603
51224
60079
56156
56508
34923
47154
35298
50563
50575
40414
30739
47821
52889
53126
59212
41491
46703
35461
32070
45245
43309
42394
58520
39571
45256
54007
54909
33908
44274
51348
29144
36682
33341
49865
33653
36669
50306
38172
41874
49959
57476
48472
52382
41032
35025
44255
53056
34364
59881
48192
51099
61225
59810
32012
30673
61501
30155
56806
43973
40536
42512
54490
35366
43781
46365
33776
30377
52655
38151
35840
59797
52498
41703
33223
57477
48367
48584
47419
52329
50180
50371
56092
41167
32315
49256
30924
59489
53026
47968
37472
33454
47259
36433
49911
61229
35285
41730
34634
51582
31354
29376
53893
56052
34346
50176
58710
58705
39977
60229
39747
35536
30548
37700
41536
30569
45658
53318
53377
44880
60456
33487
35981
42687
37029
52605
31636
34549
39328
41522
59906
50303
56326
43638
41556
60086
46425
36630
42538
49289
44381
58129
32158
43644
57365
46517
37077
60913
50157
36870
49107
47526
41017
57695
44180
38784
51166
40796
60248
43911
60495
40182
36158
58417
40124
56560
47380
32739
50566
58227
50798
35765
50165
51957
36597
49014
57901
41055
59906
56048
53086
51822
34412
59500
59452
32857
38558
34937
58287
37813
33516
43754
47051
37270
38439
55582
51970
32504
55406
30084
50584
46173
35912
37981
38744
40119
33264
53700
34182
56199
46320
51436
54548
40519
59377
37034
58648
40198
45778
57651
52606
36434
46839
50982
54778
37466
60900
34765
55617
55636
50698
39584
59513
35101
33248
56330
49902
42527
36150
56688
30214
33656
48327
30320
47479
32345
44045
31590
56247
34987
44377
48437
53941
50937
32802
46660
50374
50570
49565
35014
40418
35021
52111
45631
34064
31995
30048
38979
50719
35063
60272
53889
33687
51321
37038
54785
50415
45419
40550
58794
46336
43155
30298
60423
42170
51571
56085
41547
42518
58733
33404
43154
54091
32299
46758
29545
38469
48958
30957
45713
33875
47877
56133
38144
41504
61137
33741
36393
41956
53830
36516
32893
32219
30213
49662
61746
55543
30088
51319
43331
49106
49228
58791
59320
38886
32310
55542
35111
47872
37680
58033
51323
50418
34323
40798
31988
59784
52937
44365
31087
59070
53171
53360
61672
59184
32328
34924
33853
59602
32511
52464
56628
31713
47215
58438
31424
60954
41397
34856
37504
46633
53271
52436
43913
45924
34791
32355
54885
38329
54441
59478
42587
33253
60536
47986
53233
50663
58021
34254
37040
45493
60834
61738
50215
59437
50206
48002
51763
48206
54642
40419
41597
61096
57660
38270
57667
57105
45641
49915
57692
34458
32953
54287
55158
52674
48989
43857
43683
37609
55396
47689
46612
29959
40247
49610
55331
46749
60833
60546
29335
52460
55859
30672
49188
61286
50663
57045
41778
47970
51971
48078
53728
49171
59200
54177
33607
34491
45868
32693
33283
60188
43213
59911
51184
55343
48519
53115
34609
48409
54079
48240
50295
52827
50369
30614
59007
59209
37215
36612
57053
40893
60379
48005
53241
59916
45192
36403
54359
52537
34475
40008
51995
36713
45351
40240
52684
58519
53850
44771
45912
30089
42818
46193
50264
54019
32228
33502
33942
43322
60142
53297
46540
51083
33435
39112
30639
53357
39127
61166
43308
42405
52388
59568
61170
58553
58044
40940
33584
34726
45943
30890
45728
32213
45040
41391
43716
53580
49763
33616
32112
44066
36314
36997
32136
53813
53513
44606
55563
58143
61558
42234
37968
30821
60381
53397
51856
29682
49874
33377
55205
37572
36008
51577
53009
38886
51090
38226
58434
41886
41736
59027
43029
35559
51564
33319
49048
49953
60654
55952
30740
46600
39853
41854
56395
37347
40734
50080
44798
59901
60082
39098
61106
47961
56755
49656
50868
43426
56431
58498
37211
34913
33945
40528
53133
33907
33004
39744
47492
33209
49169
32869
52434
33041
37571
41378
31651
41605
30001
46456
57667
38851
34724
31517
40928
39629
31329
34510
52112
48370
61649
43109
34454
41469
40927
41006
45793
31660
43938
38391
56533
55652
34876
34406
49998
40994
57858
39568
41186
48821
53469
40390
39527
61995
56047
34226
30389
44681
35450
49316
33709
32703
39678
48678
52347
30426
33186
58838
34071
30588
54485
61557
53010
31113
55093
55099
48015
37668
43440
52589
44688
57050
59625
30770
34675
37404
47581
55459
45756
55283
35270
39969
35092
50159
34112
50923
40850
61793
35498
60655
60730
41673
39887
60641
59843
30098
37573
57739
35230
32253
40470
48484
47923
57180
51230
50275
51566
46208
36276
55317
51066
56436
51213
51694
59852
32620
60892
42973
61540
57336
61374
46882
34383
52349
46038
37220
47729
50406
29876
38910
30081
43159
34684
45467
37205
32930
52548
34306
30048
47678
54205
44083
56441
58741
59670
32434
42973
52252
42781
35363
58232
29960
47528
51735
57184
59263
58419
43046
33443
49901
35530
61758
47938
32472
49706
46394
44925
59158
43811
50358
37969
43070
40256
49442
52544
32860
58538
62230
47440
59369
38730
56037
53590
50938
50478
44917
31604
35511
34862
48974
47073
44815
46799
59376
35560
37034
48743
38762
51252
39711
59522
35880
41802
42856
36741
50957
43351
40595
34449
58306
34860
46265
47274
52045
50823
53300
49945
29925
53652
61709
36622
43268
33715
44212
44682
31423
34940
37364
32892
60243
49664
35109
57387
60416
37714
33956
58323
45594
46151
38272
61075
37213
62073
47222
39302
53377
33682
61216
47153
44046
52423
31081
31773
31602
50082
49988
31684
44112
52229
55966
41138
34844
46956
33168
49380
30693
51570
45274
59252
47729
58775
40589
36984
49295
51776
40199
56359
41897
31999
58916
32061
60057
52245
42675
59041
37053
35125
56871
31813
33614
57739
59023
52046
35053
30461
47305
36214
51071
40625
49394
31662
56379
59599
55072
46087
47617
54664
45140
46802
49646
56151
56234
48902
51757
41606
40915
31203
34576
39413
52421
57813
35423
51479
54705
49307
52464
33597
50998
40104
30327
57367
60884
38346
55200
40311
49315
29961
51803
52825
58437
29650
60535
31521
55833
32341
59507
38691
44977
29995
49297
61288
49799
45628
53291
30383
60395
54496
30538
37555
43328
39236
42101
52908
37992
48912
45255
38680
49277
49990
49733
58043
52930
61805
43118
60645
53209
36848
59155
58611
50486
43969
58216
46872
54995
51009
59228
53854
37157
61540
61222
36839
48976
33296
29984
40825
46487
38087
45017
40250
40982
57990
30309
46263
43443
41453
48888
29995
36690
40095
60340
47871
62280
34028
55742
53901
34066
52910
59031
47145
53576
36720
57258
39266
52684
43478
36897
31621
30279
51257
57597
43875
36054
60049
48998
55892
54016
35736
48447
35964
52972
41260
40958
48205
61648
31733
53691
55117
44205
51785
59526
30746
56378
49740
47102
33195
32029
46940
41248
32728
40801
40620
37980
61725
38949
50990
31214
56731
52369
51383
29803
57183
43279
61022
45466
32743
39095
40997
48518
36578
37130
36827
35793
54840
34276
44352
43851
53066
55724
42347
55235
48507
40398
61801
56862
53743
46955
47143
34470
48275
48207
34705
31140
52829
39971
43260
53808
37077
59875
38081
54088
30420
55699
51499
62240
35467
50734
34964
45241
48328
54240
49866
59317
47477
33396
44472
38506
58721
50192
53570
51765
59716
60448
35440
42512
60925
35472
51663
46951
60957
34622
37140
36136
49321
37295
62467
50458
49436
47361
41103
33647
47276
49184
45635
34972
60622
33341
54496
55656
30460
31612
31304
44355
51638
51693
42906
38618
34503
47806
40351
39656
35529
47023
57445
43343
53739
43205
57897
44135
39410
40515
54650
41622
58750
54998
60060
30241
50319
30224
31787
34625
34375
32535
61184
40058
47090
59295
51545
44328
38211
55061
50483
47707
52704
58909
57851
43492
50210
62015
47462
55216
43285
55773
39838
53589
39367
46185
46750
61419
41407
56021
52447
50205
50891
54346
48948
34943
33279
31516
60914
36387
51706
60926
46421
55143
37483
41330
35103
54544
58580
42372
62338
31133
30350
62392
31552
38613
57358
55617
46353
47523
55654
53619
33861
30755
40974
58491
52906
58877
59877
56910
42928
41714
35187
61919
46795
47028
42865
40085
56601
46331
46475
56828
56901
51413
32356
38843
37035
48701
30427
43462
55485
39664
46221
40660
62373
53116
44442
32020
54572
44442
42413
36635
40154
39101
60470
47393
58974
42219
53242
44654
31025
38860
60366
39695
39799
32769
45215
38349
35878
54966
53430
61024
59497
57211
61498
43999
32839
47695
48887
53115
56960
56318
57181
44909
34743
57518
48844
32301
46294
60596
49935
53733
36015
36780
61734
49189
41183
56776
61768
57816
45560
45928
37928
54135
32479
55019
48504
34172
41842
60613
55211
61722
51822
61906
46336
34091
46736
45035
33212
57194
59131
57526
43958
42466
56026
62146
58137
38054
47174
42195
39014
37827
55914
60282
39864
59763
35557
54505
49484
56467
60015
57094
44864
56151
52416
62398
47259
31293
35758
32668
59790
57151
38293
54938
43258
60749
47867
56119
37681
50170
32628
39881
61953
59254
61892
55829
30191
42172
53060
45341
38080
34316
30343
52537
45374
60316
60732
60009
61496
40075
32086
36074
57035
58390
44395
43015
52704
36622
39002
42802
34550
56713
59441
36179
48674
48345
30798
40544
58707
56762
58052
50990
50395
31439
32000
46983
32043
58192
34732
57980
54750
40445
38355
55548
32250
47190
61254
45734
41330
38413
62015
30940
30703
54460
47173
51225
45263
38868
33359
39812
57454
53461
45100
30405
53925
55237
50978
57879
59025
59355
52182
60574
55190
54395
62315
43260
38819
35431
61422
55327
40631
45363
56306
46684
54180
33017
35191
40642
61971
41039
47121
30888
37320
40566
30278
41865
45863
56788
45623
54546
62711
33444
48515
40312
55143
47597
51304
34319
45134
60592
38955
32281
46263
45926
31930
35291
48029
40362
51601
59383
40435
41522
54746
41205
55272
51971
51160
46371
53096
61925
44933
56479
58342
41237
46202
36274
43865
60475
56080
48479
32900
54683
42181
36412
50811
37775
36833
57729
34147
51765
47705
32351
50297
36197
44019
50067
50518
48870
35755
38714
33905
40161
50261
35047
41701
38037
56453
55795
40308
44365
34220
57364
62668
40847
42627
63025
43786
60567
58541
61301
47741
35332
61848
49315
59820
62928
40612
54185
41114
50821
31879
47479
41800
35758
35312
44561
54652
37516
46442
41699
60353
58123
46723
50006
44463
35060
33326
42912
44396
32100
56935
43488
39027
50301
55573
37226
34196
37723
42548
34911
58428
37450
43315
36738
61687
36662
44443
58438
54067
46179
37618
36140
51271
38750
61407
32843
32692
46131
61583
38960
36010
43232
62550
51945
37070
50442
44698
55133
33850
49647
52973
56543
48837
46748
62585
37122
42629
40031
61601
34734
42899
30592
40165
49523
55566
30764
51206
62494
62307
42930
32363
49546
31691
62962
45508
53433
51477
47889
33773
32035
50597
33138
47381
36942
37565
44002
38175
47519
61691
52243
43080
47216
37411
48460
53003
60515
47135
55134
59714
49141
50500
52698
35981
41302
41431
36737
46583
32120
39632
47612
48855
61797
40413
62926
39157
42455
63146
52870
38382
35074
61792
56121
48602
55989
34412
52015
31019
48801
62337
43741
37336
51448
58848
62739
53180
47419
39383
50295
46137
55117
37767
47410
39200
42699
54507
59113
46805
58528
46358
57071
54702
33491
48316
43705
44701
38564
44020
51858
48911
60632
36156
35983
37907
47185
31166
53190
53439
36577
62162
34747
62415
43104
62659
37915
41104
37884
42710
49325
61181
55249
52360
33157
34599
44730
56344
49019
35802
55398
56901
51419
39037
44974
31577
47710
54842
31525
55654
62553
60511
44017
45008
61493
53252
32474
46091
35359
46831
45985
50086
37632
45492
52883
61321
48816
45344
39005
52347
49767
31448
53282
44263
46964
53566
50123
42975
38449
53908
49823
37217
56630
54116
40467
51161
47309
47135
44259
31464
48806
37380
33889
53092
37324
33603
56333
33952
33496
44643
53095
32493
32869
46305
61953
56160
60355
35098
59864
61654
42480
38762
33764
57910
59587
35478
63214
42486
49259
44903
51362
42721
47384
48024
35045
57879
38136
31731
55145
42581
40549
44470
59262
55414
59997
34619
63019
57658
40754
46040
59005
43079
37762
50949
30751
49261
55658
60092
52267
43310
35319
52518
44096
51582
58589
37235
51157
34759
39020
51209
56268
41776
50623
45538
30794
45599
38199
54063
55495
59900
61224
39234
33377
37945
44241
38826
40054
54415
54674
41120
46961
42122
48217
48290
62948
43079
37214
50525
52184
49277
48144
42960
51297
32186
37198
37295
40309
55535
47579
36357
55805
54575
56588
54558
35373
61108
58308
54180
45585
31523
59298
44296
54889
57104
41593
48419
34743
48325
61953
56606
41878
32831
50124
61327
49229
60538
32123
30692
63140
36335
46385
49413
32247
46682
52808
55093
52872
58816
52803
55609
48665
50353
32260
58557
51899
37835
43840
41459
34785
46207
40495
45693
57784
44824
38792
34701
43707
55800
60076
58187
42882
34341
34849
35191
36058
54533
35907
58191
42011
39782
42550
39603
35254
62913
60191
61575
47630
61888
59796
53849
57481
61693
37201
62275
40166
43277
49964
60435
45777
58557
40267
42666
55220
60059
55188
39074
37585
44217
50277
37172
58254
42413
51589
40536
41487
34524
58715
52525
52746
39929
37982
51612
49111
34760
43725
41272
61383
48680
63136
44393
51127
57168
48574
59594
45797
55385
60528
46031
57346
60669
34838
52395
59784
36510
47641
32369
55373
42121
34592
52089
46169
43389
34439
38661
38900
49767
44557
37412
30980
45680
34252
61399
40086
53305
55407
42099
59579
57445
45983
46150
34965
31065
52414
54653
38577
54335
40408
59717
49559
44881
52950
36913
40608
42324
48885
56796
40712
40546
49783
61391
56132
48621
59545
60325
43158
61953
56772
43117
44254
34761
48647
34639
58547
59733
60357
49011
53170
59546
48811
41246
46870
48059
40677
37918
49802
36487
57490
54633
53051
52546
62325
47105
48432
36008
47853
60698
42718
45871
41511
38783
46839
51085
49298
44594
36996
34938
41619
62034
32051
45495
35451
31810
54770
37455
48566
41992
55740
55325
45636
51443
59059
46222
45166
48257
51568
48808
48305
54399
38551
46667
56831
59506
49838
36023
37927
48694
60463
54863
37521
43493
35803
35229
37678
58619
32594
44949
54703
57527
41441
59678
40693
38852
59291
60878
52425
41752
44715
59381
53710
38429
47848
53726
44467
58894
36778
47185
46509
57508
39900
34396
49445
62963
60499
48724
36526
55694
55390
50198
62777
48882
56479
40082
46476
46370
38937
50827
32752
58766
40841
37016
33322
47673
39674
36975
37293
44827
57748
40802
50702
53957
34741
32810
38840
47683
37699
37348
55009
60486
51776
46169
36541
34691
53150
49538
43249
43094
33365
49228
58698
53675
53940
46232
31151
56606
33268
45190
61012
46689
32787
35571
35377
58846
56288
57152
58291
44702
31058
47701
59825
50026
33309
39142
63649
55088
50311
39669
53260
36008
62584
37017
31807
35126
33489
50173
34884
44819
32511
42155
35856
49832
46800
47115
60158
32570
34949
62246
54908
57036
39720
57776
59652
39233
61728
48710
60751
40642
35074
57332
42437
37215
32938
41210
43063
33273
61067
41680
41424
62559
58691
37735
38729
61111
54642
55218
62813
38944
49613
48997
34173
43669
31086
42493
39620
48148
52334
42240
35629
41728
61110
48006
51460
31173
32018
36600
45210
34234
55432
43288
56893
34123
52199
55105
41063
43351
44962
36592
55862
48599
32735
31620
59932
50625
39116
39234
59608
36396
36146
33180
54437
31924
52044
52403
31921
40224
33753
44058
49360
45634
34672
41693
63858
52767
36372
32450
39891
46416
40200
63182
61041
37288
32484
37643
57795
47127
33257
49545
57640
34254
61586
48291
45086
39076
63595
42627
42932
59065
62246
32233
59458
63833
50668
53287
54103
53027
51953
52337
57843
43370
63819
40019
43766
51419
48900
42371
44505
56672
49518
39129
46492
44357
63414
62108
59391
47002
54204
53247
54517
54744
60706
48619
39510
41159
58020
58623
61396
40094
58791
46806
44848
61548
42004
32904
44206
44216
33894
34419
62406
58724
59394
36155
48156
41688
59335
62479
43698
61020
48871
50222
45916
32196
55285
55722
44661
49747
45119
35180
63185
57050
34141
59513
41970
51488
33034
39028
46207
39558
55091
48483
48369
54251
35406
32950
61072
39118
51693
50565
35486
42418
40851
61977
38354
34247
56774
62126
57352
52166
34149
55671
46134
53789
38204
49123
50338
50764
63446
52511
42834
33679
33682
34268
63172
32957
49401
51538
60128
54640
60239
40836
32299
39526
57192
48326
62269
43303
60606
56957
52853
32488
48320
58663
38891
50864
50284
53147
63910
52921
62495
31633
36368
60697
39340
53092
62118
38817
43180
45335
62196
45830
56598
61079
57281
56638
60432
31551
59015
46893
46852
42657
32038
61825
46325
45188
46552
41179
34324
56873
36712
40239
58766
62675
38303
61549
60841
48517
58880
39009
57871
62990
60597
40920
62569
54083
60872
54020
46896
63628
44694
37665
45760
34978
54145
36185
53423
45974
50662
55525
37212
58902
46671
49270
49099
32236
36585
47827
38832
42951
59960
54979
37321
51774
57865
40493
51825
41490
51880
46206
46707
62387
44628
46155
39452
62982
40176
36920
63124
55910
41979
31512
57710
38377
33474
39765
64125
53220
61140
36242
62441
39345
31927
64144
57475
54191
32985
50254
48214
58251
31945
36469
58238
40894
60583
42482
60222
37975
35034
35813
37196
34043
53248
42938
46447
53290
60715
58517
37196
38851
52810
48628
41597
53963
32485
32656
31460
44138
39694
48260
60223
54326
61076
49584
48124
41909
38009
34656
59470
48412
43686
58921
36736
34653
60894
37652
37002
43873
53745
42751
33762
63122
59954
46399
34708
50845
46634
46474
37269
57974
42638
50453
48212
58524
61039
33529
49555
39582
62641
35803
38773
32222
63934
55500
58328
43413
50555
34158
47588
61975
61820
49496
54756
33113
41844
61628
52053
40112
52207
49223
55613
63451
48451
45129
55487
47428
44739
56086
63979
37763
32823
64172
49883
38948
53641
61846
34043
42922
49857
56080
48296
41683
61491
58987
36605
49438
32503
33203
55785
45195
52634
38800
35461
58018
40211
58474
44453
43702
50681
42704
61102
37227
52723
44827
63655
33142
61807
37454
60818
45476
62871
33857
59388
61470
54912
40191
47827
45803
42405
36204
58232
37302
44181
34603
57877
36050
42984
56254
60465
50555
44663
38639
44417
35679
39117
39023
35585
58205
31960
61630
40004
60300
37348
34122
53000
49279
37067
49115
59662
51143
58469
52526
56361
33722
48710
44768
41108
54387
58281
42127
35208
51738
50855
45115
51214
60518
49069
47602
36883
39775
64300
38572
37818
60777
61330
63092
51446
44670
61306
32200
44375
58555
44063
36419
31780
32286
48151
33401
35499
35726
64062
57635
48853
44315
53488
52092
54269
37768
50555
43754
57858
47878
55251
57825
55963
49987
35464
33796
61675
34979
42742
55694
40790
58061
37308
45553
49042
44138
50031
51645
59649
63529
47503
51138
35134
38663
62393
38265
60150
54221
53535
38560
40697
34778
57910
33829
64400
60706
33454
60997
42514
53623
53159
43509
55986
36616
52770
44417
59035
60967
54709
41075
34879
54351
37764
41654
43499
58469
47468
36603
43679
62526
44417
48220
43294
64354
52667
33599
34113
57103
39916
35198
35728
49025
58869
39365
32531
43633
48698
35387
62822
55004
55379
63076
47372
52741
40453
53318
42501
42429
36976
36042
46243
45026
51593
61286
42649
49958
45515
47353
35413
33041
48682
48630
34960
48458
51785
42949
45091
59922
58092
58726
46108
44561
38064
36696
53265
34645
37626
49849
50868
40856
52013
47022
44712
46529
47136
38661
33171
49326
35279
54041
41333
44849
62800
34806
51256
59736
49417
42686
38280
63218
57633
61516
44772
61262
47156
33558
42485
38470
53323
32856
39199
51836
40971
35951
49751
43236
45100
44674
59444
35203
46381
54120
58696
47478
61766
63430
47536
38453
62111
48504
56042
60953
33215
61491
46567
51740
54343
48488
38753
34017
55264
41835
61039
54004
43378
56276
40279
41042
35991
50470
52387
59180
63311
36782
62583
58344
34293
45486
36897
51817
60273
59067
45042
57488
45488
48740
56652
41474
56913
32276
34045
53548
53153
55866
56267
39301
58826
51878
61776
42771
52295
32310
58633
55089
63387
45491
61865
59023
43843
60918
49843
49274
39913
61775
51271
54110
33242
51239
32060
36489
44986
55523
54128
60721
33143
59148
47708
45753
46971
53677
62444
48176
37414
37117
43917
35611
49531
46910
33671
60788
32025
63717
35981
59122
55405
32763
56210
49035
42791
36547
45535
56120
34282
46493
60259
48888
56136
41002
42826
59159
58605
48561
57041
53936
42266
51394
56920
59505
50262
61977
54456
39070
47968
45764
60632
57432
55655
35209
42363
37408
64125
42882
56156
34711
33354
53258
47485
41095
61181
61405
33724
45863
39048
44922
61351
53659
61453
33996
32657
35003
54163
34826
37862
64533
51710
36828
42683
33589
47934
55487
58793
44068
63686
48042
40412
50990
43584
47090
44647
57320
62079
54379
62682
51058
57525
39888
59415
37882
33254
47204
54625
47489
42652
62170
62390
40930
45277
39026
49503
55824
32346
35942
57285
58015
49897
34948
57734
33158
59189
53532
48840
48931
49076
57372
58318
34943
45018
52090
36297
59604
36237
60114
59888
64588
55512
32849
43730
32780
39907
59601
34795
41841
34595
38725
56182
32409
40398
57176
53891
53798
34450
54097
58185
62526
54406
47418
32189
36566
56417
56129
43620
37681
59882
46942
35685
34467
59823
53814
62434
35995
56058
45376
35208
53729
40449
49190
42085
48411
62045
42350
57594
34966
47549
51801
39058
43331
53980
39435
46034
42752
41136
48109
35728
51737
37349
52560
52201
49679
48265
56915
36237
43416
57865
46598
39262
35814
61276
41423
35386
53036
52606
54285
49428
43103
38432
38396
57162
64570
32926
53465
47922
53636
39729
45638
33526
47253
42086
61423
33187
52247
39118
61038
47740
44810
51447
53100
52884
44042
35740
43785
57500
55765
57369
63614
60153
59656
38177
59905
48154
32553
51123
49130
36104
49898
52810
55059
58942
32172
58453
63108
50876
63043
43494
41040
49495
59641
52142
59834
33875
49365
59177
40604
32563
63005
32534
46090
39632
46617
37930
52786
47017
47130
46597
56710
59002
58299
41061
38686
36624
44135
47258
52311
63835
50715
32570
58817
60613
38765
51733
34104
55746
36046
55915
37712
49576
45324
41821
48119
53442
44827
54434
40533
56991
41236
64891
46071
51376
53374
56297
45869
56083
52173
44061
61616
48041
62760
35888
33928
35694
61039
51220
46637
45578
34429
41419
62445
34723
35754
59862
55693
53494
42900
64497
35379
49574
43040
62461
57732
63699
55739
44862
49161
44015
55014
60870
63191
62413
61681
43057
38511
61435
38406
60819
42211
46162
55402
56751
32570
46283
64256
37738
59926
41877
42767
37759
38292
62820
44868
37747
39028
32779
33787
44236
42618
59213
48314
53374
34323
52208
56062
36518
35132
61716
43579
34426
36256
52163
57630
37504
51200
45257
59413
34047
57048
38086
59665
34996
38976
37505
35979
63941
40720
43903
34757
51963
41799
63189
57426
52011
55726
45626
35032
57077
40632
59744
47893
33457
49325
42885
45856
43175
46343
59205
45041
51070
48413
46258
56612
44280
48638
46502
35322
59612
53152
35928
53665
58419
51002
51246
39093
63670
49390
55506
33798
40072
60587
46984
52380
63009
41554
47807
38136
60554
33047
51173
41885
34768
40491
55168
42703
46515
34456
32635
58779
50846
39020
63421
33303
46812
63257
52481
45291
38920
40732
46561
35344
44741
56541
48691
55000
39088
43734
48281
33071
36499
47864
50772
34848
38620
44874
38233
40347
48205
50644
38055
53621
40180
64443
34519
60848
58718
60333
64245
59389
35848
60287
33678
35967
57622
44309
58378
50642
50759
59011
43068
42572
41769
50545
55864
38530
59785
45508
51813
52494
48686
41851
40403
62352
39367
36822
38606
40179
63009
45502
52147
61682
56221
45409
49154
45274
58082
61213
37813
63889
32463
62879
48336
59095
41651
55116
32570
64460
39105
64223
38603
62642
40126
39764
51110
58869
36605
32518
51401
52328
54157
43540
48354
62162
45489
36872
44388
53417
51088
35003
48091
50717
58926
35955
64893
55641
59803
64335
46337
55557
57707
62437
57012
34831
40293
64809
49865
46763
62080
34705
33264
60568
52235
35190
53291
34981
56619
47806
53725
63861
34442
46008
53028
62335
50254
62279
45417
51288
47176
36931
32566
49973
42094
39452
51783
44716
59788
60608
50147
59322
56886
64447
60269
41482
37377
55469
35638
49524
53491
63689
63381
60613
64311
64987
50234
48574
34069
34403
58303
45663
45858
51439
58752
50021
59060
65229
50605
50193
36505
57826
33693
61227
36873
49626
62053
50503
48088
62594
63402
41031
41968
42353
44211
40993
58623
51438
38338
54498
47213
46606
58277
51699
58001
44061
62344
54939
53540
51007
33037
55238
65014
43095
48799
46853
59871
54312
51203
58069
50169
36283
41775
39972
37132
45056
50016
48401
59210
51895
49767
56564
37437
34449
50243
62878
45821
38035
47349
60898
45222
44220
61584
44372
36105
57319
46480
40272
61858
49395
57708
47934
35019
43296
40815
40981
63278
39868
53699
41246
35200
36096
52431
60923
60013
36917
56515
53223
62670
45338
51568
60991
63010
64650
52318
48194
62780
64602
44312
62485
53561
43649
63435
49929
52405
40827
33295
35617
55615
32751
45573
56783
46857
60815
48034
37887
48356
65343
51274
42838
56428
33914
48289
45244
46720
38898
37022
45080
54262
50551
60897
33114
54924
50970
34886
41663
46625
40338
58554
45136
56869
34783
33357
47277
48974
40493
39305
53000
43404
37882
58882
65140
33344
58747
44591
33376
43689
62524
64888
59486
43678
55048
50320
65322
62339
57608
54277
46823
53110
42030
58646
54955
53449
62165
42180
43838
54709
42145
62764
37663
62540
41645
55571
35784
58032
65253
48579
42035
44931
39600
38678
63645
56990
41171
33232
39818
48646
54930
57393
36873
34587
34839
42187
47417
40979
37912
49042
58124
37287
55989
57650
51275
34060
37791
34981
47579
56869
53119
36612
52030
50679
43158
42397
43100
47453
59040
64071
63620
61437
39423
62962
62126
44922
61973
51586
34563
57068
54002
48350
49567
61069
60975
62531
51861
59316
58137
40927
42803
47368
43539
51611
41096
37613
53045
46392
62244
59459
49209
34461
44063
59216
45464
41583
55133
65274
57072
64739
58127
50234
43689
51920
56445
52173
57560
51465
59908
52269
41315
36329
42586
39871
46439
39215
49434
57166
54230
38412
34940
64696
39269
33659
49251
42471
47013
46801
60062
36867
40815
60565
58471
43750
43654
56209
64816
60625
34936
65065
60064
34397
62149
34284
48600
37556
60483
44393
48634
38912
36801
56388
52204
60452
45547
53641
45913
53675
55918
51263
36089
57597
55388
51777
38419
37337
62929
42313
41280
63743
36567
46670
33905
36397
36743
65296
43059
36429
40305
47601
39986
52717
61502
57350
54524
36847
40340
54638
63240
46210
56378
45026
54007
54353
33405
52110
63257
39930
50130
41503
64051
64449
61884
38942
58240
65414
50160
46204
54261
58100
60344
63086
54473
46588
63125
48507
61237
42369
50216
63442
61817
48213
37714
35554
34079
45157
60059
43557
64131
36912
57296
36924
60819
58494
33520
52801
42964
39502
61514
42329
58278
51472
52703
40584
54472
43284
47117
54474
39454
52803
57711
42335
64690
64269
59903
47718
40954
40866
45437
41901
34649
55653
43285
61896
38119
34461
59452
34656
58741
49774
35035
38094
44492
56585
36527
61928
64822
42015
56815
51739
35136
36763
34096
52923
59069
42640
56967
58262
54286
45168
52205
63951
63649
34432
37607
36074
48568
39304
39782
63011
42092
65487
38379
35332
48369
40774
52464
46134
41755
51204
42372
34200
42017
54002
37685
59534
61858
39112
33586
61340
34277
54584
33457
62003
40293
51816
42127
60362
59789
47270
59958
53553
57536
65112
46020
53282
53148
62513
64362
44314
36736
55723
57361
45926
34379
58801
49988
60289
54119
53147
65098
35741
52743
58464
62098
54912
47276
64519
63829
56465
52718
58207
63094
54067
35449
36336
37549
63057
55382
42033
57572
43066
65388
49660
62177
50096
65350
63806
41254
54331
46614
60659
35349
43204
63738
38994
35928
62558
33151
38468
49280
61799
54372
64795
46572
47824
34208
41601
63213
53177
64933
56238
38951
62785
41959
36319
55099
60060
37528
41731
36003
41830
47030
46775
62685
64566
34632
36724
38091
40311
41701
47111
48474
65651
39541
52546
62050
51889
43580
54258
47309
62337
39444
43793
36860
59349
41465
60988
39526
41042
63435
56423
47490
56743
59984
38607
41192
65310
44409
52272
42163
42864
48102
42040
50985
41950
61867
65340
51614
51581
50261
56875
50325
48338
48168
34496
35625
55198
37547
47099
56747
41211
39527
33489
44941
35752
54251
39715
33918
61090
54291
46317
43223
60404
57226
49600
51510
47567
57230
41586
44392
33245
37875
41236
39565
51923
42603
50980
41078
41030
33540
58372
54866
60607
39410
55211
51850
47633
61071
62875
43497
52202
38816
37906
57856
51369
38106
39813
49865
58479
40357
43594
58250
49785
52511
41109
52988
65709
53092
43173
47789
41330
62477
36671
52643
51141
51702
65628
47682
63882
43077
64543
44912
56351
51367
38921
58614
40759
55005
57456
50985
35302
39288
60973
34251
56824
38880
33942
35372
34183
57755
52140
39060
48845
56012
64149
41189
47670
45562
34380
33405
57017
58131
43159
51034
43113
60337
54073
39553
54599
38043
58217
64928
54363
62607
43396
66034
43779
36927
39167
34915
50314
48025
46239
52469
57340
41035
35564
49506
36921
36231
55011
64259
33353
62723
39147
47088
65007
47429
48138
49001
54401
45341
39769
41332
45558
33907
64437
39368
33857
50754
52664
39402
60638
61413
52199
48790
61610
41362
51501
46176
55799
52260
50057
53147
65760
43037
36611
56186
60890
40427
44260
58485
35468
33642
41766
66030
54497
53931
59434
58133
51291
48628
46761
41737
61866
50439
56813
43072
57469
44967
57921
37672
60312
37209
65958
65550
64294
47720
61639
41024
52561
47659
58415
61038
59665
54922
47546
66134
45889
40127
54857
51105
55800
61274
35770
39943
35350
46472
39704
39098
41757
36756
42766
35586
56643
46254
43682
57380
38341
56812
51232
34953
46461
57998
33875
38428
58807
59782
49659
39412
34625
54328
37244
34099
40897
50814
43220
37166
45387
61423
38863
62158
45107
64097
35966
56630
35616
49580
48101
38821
63842
47281
49908
43678
33670
40859
37817
59463
64039
61285
49875
54288
52999
40605
51498
44436
33886
41831
36317
41668
42609
54980
52348
60738
33639
40212
43896
57099
38232
63450
38615
41561
53928
58560
45868
45256
55443
44507
64711
50615
41992
36655
59177
53233
52411
54646
37051
42637
63094
55837
57023
34066
60591
65680
38278
37599
40032
39095
49379
63946
57363
51904
65761
53256
53820
61472
36529
55629
39372
64980
36326
58163
58627
58349
64997
49376
34438
34379
57238
43491
59569
45737
58208
65632
52014
47066
45909
49773
65223
66129
44457
43707
37752
57831
41833
50297
44233
56537
61289
63093
61531
46096
63871
51589
49856
64678
63982
60965
50831
62117
37157
50529
53688
59666
34730
61686
52502
64298
51793
44724
45635
58091
63153
33574
39856
39126
35800
63349
39669
41204
37694
61066
51557
43287
54776
54643
50918
56418
61998
45832
39680
36875
58575
56014
44083
44384
56195
50971
49550
64776
58082
56955
49789
46988
50403
43091
43235
65302
43927
46276
55656
42616
56343
48082
54805
59759
40379
47046
65310
64041
41356
65232
54782
34822
65020
40945
63177
41884
37589
34584
48062
41981
59760
44172
48924
61756
58663
54153
44856
55341
55308
39982
43211
52077
53212
60567
35728
46498
44846
62790
64783
49412
59120
54471
36275
47133
58388
40595
46115
58316
34183
51510
37583
35472
44643
51117
48073
62723
51301
53778
59095
39845
51873
41339
52678
57819
39028
41759
41729
66104
52411
59066
54882
36858
50498
52275
40007
45528
66176
46204
60137
63995
44929
47547
57833
65354
58915
45735
53292
39914
66437
34100
52201
62725
41149
35954
37120
45003
33737
38322
39310
63415
40136
47340
42174
47636
58219
36957
40930
47807
43174
37748
42434
58926
45227
39151
34867
33969
43288
50242
38892
45816
53103
57912
40598
50134
56264
63708
48930
61252
33730
36506
45151
62121
43455
60578
34252
34393
35921
57485
64171
52315
35311
49475
62294
40047
52461
47900
43222
53583
62379
42821
45746
64310
35084
62054
58117
39839
57641
54913
43219
52815
44615
60446
60573
66453
57863
54949
39731
45009
44765
36875
53962
37939
48579
38832
58958
33989
60463
34952
43770
53164
42562
55930
50213
43435
45378
54021
57695
50152
64074
59689
41660
61171
48448
41093
38768
61188
38920
40893
35484
58756
56823
34334
37480
62415
49035
50309
38226
64313
39513
64892
47558
40527
34118
45223
62446
59231
60666
46431
42443
47162
54418
51356
34181
59192
36501
45592
48639
44413
66090
50353
64943
51835
53384
48655
59309
65720
61101
51592
39689
53201
34643
43584
50274
36800
47392
53397
60852
53594
34077
57018
65650
43035
65897
57505
44501
49446
42031
47903
45427
60296
47829
38475
41491
62909
57718
50983
50368
33909
36499
64642
38428
50840
34565
45852
65015
43655
52790
46348
57632
63653
59025
43103
34171
63254
63031
61698
64596
64198
41972
59874
34547
35245
49265
47441
43377
62034
36779
50348
57290
64654
50851
34618
43314
38803
37208
53336
56749
43308
46322
44243
66010
57927
41536
65430
36111
48304
35940
36229
54699
34335
55245
65704
38824
40053
62822
42636
51568
48963
65037
60902
45810
39564
41543
59258
64244
61132
49714
52795
40619
64056
49595
55988
34697
34632
60688
58790
45910
50291
65881
40435
41602
51513
44451
54714
65722
60519
40988
43716
48057
53143
62342
36383
64609
50166
37094
61192
46602
60490
55676
36111
49178
49203
44280
46453
44501
54448
40939
61401
55415
36326
63100
56851
53120
40477
46940
54113
41808
62988
60156
59073
48627
35414
56061
66717
48702
37460
58856
50093
35099
42005
47903
65818
34081
53667
37651
34783
46184
43912
47032
51061
41115
52369
61750
56751
52558
53970
43746
63459
42130
59882
58476
53066
37319
51849
50009
50345
48818
54063
55476
57137
42704
40502
61185
45732
62697
47378
62579
61626
57063
57560
54623
43459
62441
59389
56047
65677
37012
43360
57883
54664
60841
44171
65237
44328
64733
57142
57220
54667
34789
34829
66740
36700
50640
54964
41228
48631
55961
46343
46464
58062
62717
48550
48584
59403
65162
64433
65808
65143
37369
55248
56049
37530
43965
54903
37024
40228
51420
35688
34405
53899
59390
59001
59727
62966
41155
48535
41255
54106
50522
47115
40610
42210
49744
65276
55770
59285
45221
55093
38143
58163
52773
34857
46922
59743
53237
46132
54323
36867
50029
34340
45796
60145
61733
55288
59885
35014
63059
46824
58169
46868
34900
59557
56385
53696
38536
54753
46719
41384
48739
65042
44070
36489
50625
55411
48400
43041
36730
50764
59384
51856
48695
64116
66537
57860
63876
64020
52726
37269
35110
39597
65324
49518
47790
41309
65221
55342
50510
59230
66718
41870
40940
42959
49132
46147
64885
55991
54826
45350
58228
49479
52822
58770
36579
34655
48220
36621
39744
40532
49363
44587
40932
46321
45287
57008
46993
61627
64150
64245
42570
52345
39200
36493
37223
49140
44472
56359
65000
38140
36992
64182
35082
36267
60852
52688
36632
49134
49957
56660
46212
51776
53738
53328
66870
50617
55378
36642
40484
39240
43037
53469
38179
37437
60651
38894
37628
58890
46836
57855
54211
65866
40442
36635
65892
51202
36988
50195
40063
43815
41773
52257
59254
46945
62628
48588
34756
65807
63829
59147
53648
37259
50112
50349
61825
47535
40168
35064
59605
60824
65799
62865
36781
36265
54400
35996
37291
49363
58645
56611
39103
50196
35674
61116
39486
54078
65641
36966
64053
36602
48088
36533
63740
66572
60904
38191
40718
47065
59903
48885
39703
56870
38233
39590
50767
39970
44538
42368
49927
64679
64999
65992
59777
63933
52885
60524
63237
48992
45218
46568
45873
35715
60355
49766
65425
53076
43774
54569
66928
62914
47385
43819
62957
62268
57682
43269
36945
66236
51280
40976
58015
46085
53594
61130
63597
44841
58311
65659
60403
53581
42165
61464
36194
34480
63742
53863
38007
67050
58216
60260
36943
53362
37660
53988
35197
40035
46682
52344
35418
35712
58730
54932
65948
54133
47574
46320
45866
47968
58838
64047
43823
37519
57356
54463
59245
66699
63345
41728
43733
61014
58256
37544
44884
39154
42226
53094
43503
64802
51673
66757
54546
62581
60209
46932
62757
64383
62915
47364
35681
59754
37804
48337
43746
49326
51725
52644
41981
64796
40709
44152
63955
66337
56284
55740
54822
37961
49025
52729
61292
60674
46391
42421
38178
61347
58251
50327
54883
65708
42889
46028
63161
63567
53295
49064
42291
52528
44578
39057
43448
56426
52128
64281
64666
62162
57526
41834
64622
64383
55219
36839
46620
63370
62940
55056
62258
41746
64609
38054
66174
60291
54672
45584
61147
39704
41545
36350
38987
56735
48050
51020
58182
66173
64811
44841
62034
40945
60037
42616
40404
64413
67182
60022
40486
56386
60720
38046
39913
43211
34716
53706
39581
63629
59968
38042
61807
63693
46305
50969
50769
52098
67109
49054
48976
50013
55183
64753
56866
41223
54704
60847
47615
46506
34972
50928
35763
36530
57500
44582
49136
36565
64290
47689
66536
38992
46082
36913
65563
44148
55006
40515
46446
42082
66786
47951
45182
59155
41650
44217
34611
49307
58017
55255
54424
48814
48932
41627
42730
46691
63878
51058
37871
55096
61661
41067
59272
61270
58684
44444
41098
50455
64298
56002
45002
43462
37715
51239
44407
43430
51838
39625
63661
64821
46527
38840
62790
40881
44782
36544
56308
44764
50519
55368
53389
63485
42675
60026
45733
54823
37976
51620
56418
50621
47276
55262
50060
53558
61663
51182
45284
47902
57050
46952
65975
35165
55154
46106
42930
54716
65762
45222
56056
34725
46456
44145
45682
56106
65166
37564
38502
55626
48060
38161
49484
42351
51788
66785
49885
50234
49390
61547
47468
49027
37805
67295
46457
52124
46114
34756
64388
53718
66024
49559
38943
66631
40784
58293
64071
57034
65109
42875
34804
47430
47570
38059
57583
53044
36594
58641
50148
57435
35560
52071
51640
52958
49377
41335
60188
56953
39991
49535
66659
63752
41704
36569
52112
40009
48198
61915
60596
54498
53232
51965
49271
60070
53504
41273
53492
41492
35206
36792
41162
46880
47670
46762
59503
62775
57949
45942
48584
36989
50202
58387
55799
42073
63690
63925
61813
64307
43460
40621
53856
66428
49479
45962
48406
38383
42928
59269
43778
61719
57584
45084
63414
36370
40510
58364
41018
45716
38921
64804
36004
58415
50225
50760
38889
41169
48246
63347
51699
65678
59697
67057
63476
42143
50242
43884
48889
38827
51273
59477
36034
66374
57369
66950
43729
57016
60009
55589
65473
64255
42445
53963
64217
36887
39141
37605
56801
44920
51924
37211
55604
49121
57332
38768
44567
58964
61129
37098
52041
65633
41267
63602
38876
37800
62951
58173
57410
54938
46623
61420
39339
46719
62353
40113
61327
65213
41630
51380
53126
66903
42189
58549
59232
65716
55159
38642
51570
60066
64196
54859
43822
38042
66774
49316
61943
53574
46403
45195
66099
55104
64713
54810
66721
49437
36157
55071
38380
52906
42437
47739
38017
52085
61255
41672
65694
48783
64801
39999
41644
51089
50715
66008
60367
52445
43417
48562
50363
57126
54550
59574
48841
63027
40397
36216
56138
60127
41657
37469
56603
53861
51904
36611
55418
40666
62252
37085
62743
43259
57946
37662
38510
67369
53942
44505
56917
54706
43495
49254
48593
54354
45126
39687
67630
64762
56469
60363
48207
63439
67566
62131
63554
36982
40441
49428
51991
37007
40290
67644
55539
41855
64650
47960
66912
42867
50813
34966
38887
36770
66597
60806
36577
48082
50621
60102
38026
59677
57479
39646
51799
40949
46274
45161
56970
50022
36823
40822
40963
42395
65235
63021
66649
50596
42265
43190
54313
39542
60249
54358
61870
36659
39612
48603
60818
38060
47201
36667
56836
60453
46349
39032
44043
36696
50462
38854
51994
55740
62657
52464
36580
55046
52325
56312
37745
56048
39280
49918
60274
50746
44848
59234
35026
40175
46100
65069
37773
53738
53020
54189
41669
60312
51598
46688
35859
58880
63723
35092
48411
62976
66849
49227
54115
37337
57090
52964
58981
58094
64245
50680
47074
66760
41963
44035
48762
46430
64149
53060
48762
55955
62677
38758
58613
65793
61810
39519
39190
47093
46095
63641
63412
61114
56670
50255
44327
46875
45969
63547
41306
37155
53009
49518
43554
42023
65395
41087
47054
35079
64680
42471
45056
35248
47219
52652
60091
63973
58400
48701
67004
36160
65140
61085
66062
52851
64992
63428
57305
39892
60153
38211
44155
52505
65325
39206
46809
58975
39854
55070
56823
64626
44211
51936
44487
44616
52448
64968
48703
55246
48386
61378
67758
57832
66560
67434
42832
54194
51983
52594
45856
67853
51748
63300
46061
45655
55471
66793
54960
65913
63110
63018
56861
43047
57631
56053
65912
35683
67843
49922
44458
53315
64383
53429
56468
42485
38045
62279
63139
61696
36179
35873
62117
48076
47609
66440
42971
36965
36096
36991
67151
40828
45538
47081
43367
55471
54357
50927
63675
55306
59332
52385
52004
52429
66303
55008
49173
48495
42034
63099
49967
52452
61716
52888
60943
58652
51040
45910
48235
60108
45449
39856
50781
56944
37802
60069
62718
36497
42171
54165
58679
48963
67595
56815
60628
60147
39658
52233
62938
65631
51878
59727
42011
49638
67258
66464
63751
43522
41793
37877
59845
63763
49073
55876
39811
53342
67013
61604
47626
65109
54459
39345
40085
57369
44224
52786
44259
64573
61097
52729
50315
47821
50147
47115
62608
56974
49837
60929
60213
41864
41604
50862
60434
42690
38111
54274
36456
64333
38429
49198
46514
36995
51900
67081
63612
52625
48331
67763
59768
67123
36258
52856
63183
44223
61392
58103
54197
58725
64853
42115
41024
57013
48658
65737
50042
37729
62077
58547
43957
55621
63129
58253
59678
57764
53542
55655
54933
36533
49940
36026
50364
49758
60222
37710
56142
35391
53845
65114
42163
52466
62234
37358
63441
56465
37585
35726
46116
37497
65010
48159
66577
55374
64801
63752
39287
49728
38496
43153
39048
40588
61060
60814
42199
40517
57061
46658
50353
64340
37722
45694
36529
49086
50277
62729
54671
37413
57770
50244
50745
43922
49318
56846
44069
55921
41885
45798
53221
46813
44244
56399
41980
60446
37377
53881
46064
47984
41984
42269
68000
39942
65223
48041
64728
40015
62876
57501
41251
59512
36742
39989
50656
39474
43009
41544
48280
46517
67573
55152
55695
63493
35561
45419
58009
55924
42100
63169
57391
61288
55797
41383
66754
64606
66692
59940
40527
62767
61225
47986
50740
48274
42315
39079
49986
52707
66923
46229
53779
46115
60434
49390
51102
62015
35591
47276
49672
49301
49350
43439
56254
50100
66606
49576
38080
41059
47226
41527
58944
37094
64882
49232
46187
57212
53218
53987
37511
59948
36428
38076
36158
37825
46554
56744
61241
50708
60310
55001
46065
59785
42461
52875
40130
62940
68113
61160
40002
65566
53903
56361
35792
59898
53473
65023
57200
38461
57396
63537
52182
50838
56332
38534
37568
67225
61238
45029
59785
51210
52991
50363
44539
37977
46755
56477
56678
63337
46856
59183
66030
67477
44716
42052
68137
44789
64988
55110
48874
39389
52008
51673
52055
61095
60435
57787
35650
45747
50703
52718
37814
65707
48040
36634
43471
62476
63999
57133
39887
60898
47738
48196
45167
38611
52410
39630
41075
49758
64717
66286
52865
38757
43429
40226
45363
41449
40905
61987
41835
45590
35915
57868
36583
44159
39930
38589
42261
44970
39640
62850
39464
45775
42959
54256
38507
66013
53407
62480
53717
47806
43547
35776
36318
45020
47253
56149
57746
54244
48279
38789
35812
37578
47060
43653
49220
48141
48733
36974
41332
57916
59416
53989
56983
54201
63087
59387
42635
37053
66117
63570
58744
58012
50734
53378
65705
63562
55519
65978
66715
44062
60387
62891
63828
54999
58000
63905
53494
54237
54586
66803
42132
39625
54438
48798
45892
37414
65985
67117
55158
65401
52626
66524
59012
47232
62830
66556
44682
63928
36715
41369
67191
67105
47895
66651
42084
62533
51817
46506
44581
52343
63223
53525
47134
56409
63338
37877
42584
58273
67887
36941
41941
65052
49776
67317
42016
61171
49219
44280
41767
45357
66849
57402
38733
61813
39833
36702
51644
54557
53573
55526
67832
45668
40446
42396
59834
40436
35660
49713
68091
61871
45088
48165
68175
45227
38086
67046
45428
60539
37653
42556
60971
36785
67305
63204
43846
45472
58067
46716
43523
55143
64782
61855
54936
50731
43189
67408
51983
51875
61236
52380
62548
39386
65021
37755
36237
44848
40060
39160
58793
52130
48716
40593
41788
64076
66987
45793
64138
48684
51755
60796
68065
52521
63403
41499
53293
64596
55686
52985
61894
49517
42506
51836
49036
60841
56876
62488
46134
66994
54649
60529
56295
56048
63056
39103
55810
51719
38479
62839
65856
49825
61195
64552
45568
64621
36612
41122
62174
64872
55000
43358
63366
54619
54966
59162
68043
45732
40982
36804
67827
46138
57255
49305
62293
40172
54153
60302
44583
52201
61885
46063
65425
40581
53978
65094
61189
40762
46337
46974
65491
42477
43794
38728
63992
52595
52256
57790
46391
57940
63267
60486
39532
44751
65261
59834
53020
51230
53856
49606
48976
49403
62685
63377
63908
58722
56063
58271
37275
58265
65418
50422
64565
67182
50334
60799
39620
58560
62769
36272
59387
43584
64188
58216
64328
56697
39731
53274
54884
50958
54075
39470
45352
56899
41112
56740
47010
57023
53476
61435
61032
60305
43143
47953
45356
58224
62947
54475
65425
51783
58575
53815
35901
60401
42567
41712
49711
40000
49249
61442
46163
47173
39555
51087
43860
52427
39380
38770
50610
67109
57840
47905
56852
52522
36320
41176
43999
46461
62793
51700
53767
41234
53731
43677
53286
48365
55597
44199
68043
47917
40544
55738
55316
61002
53409
61617
55679
43419
43386
59969
62461
68379
40843
45275
48456
37484
45437
36819
48503
43292
56632
40385
49104
65576
38742
42536
42461
59070
54999
54869
61634
65095
67862
45450
62669
61349
66043
36956
60239
67001
48243
44890
54954
53545
65309
37103
60588
47456
47431
46730
64283
40662
44056
62715
64145
62097
46094
59425
50058
59116
50860
51650
39356
40343
63596
44986
65959
63199
40699
62808
37996
58927
58277
54277
50658
61399
55822
61222
53479
46093
61220
55108
48628
43825
50257
51306
47093
63318
51957
42959
41815
61181
46099
66741
43874
50467
67659
41105
47561
62079
64520
49772
68735
50181
54266
55689
56781
45742
60871
45896
53922
59515
49405
51274
41770
38584
60492
58582
45473
65918
41714
45180
66410
58491
36470
55544
53339
38133
63641
58457
40028
66829
53642
61026
36656
68673
58969
54576
65170
39221
56238
39197
56964
45235
49339
62437
68580
56816
52847
60167
42304
63505
42732
57710
58859
57581
43324
60497
46928
41237
44351
61272
60551
66834
48104
50176
56358
40941
38825
61504
52314
55029
43308
45165
58678
55996
42052
55387
40266
45411
63779
53189
54392
46615
58829
44526
37123
45532
48077
47241
37609
61833
44582
51670
45427
64788
48012
57871
46858
54288
67796
59394
44876
54132
49066
56575
56159
43166
50562
67572
49285
62872
57041
56279
66801
68249
37500
40260
36570
55503
57744
68456
39373
66139
42805
36893
46663
43934
46301
47958
59267
61875
65217
36286
54161
43580
60558
54940
47528
53346
41563
43258
41661
49943
54751
44038
65620
47262
66529
51896
44439
68430
39407
67253
67237
50067
59475
62068
68140
66357
61507
38559
47418
46557
57944
50876
43344
43733
57666
43276
64697
64527
56505
62899
46361
58985
39094
45338
37961
63279
46308
58770
65378
45793
51281
41018
38936
39223
58730
46370
65610
43619
39462
36528
64470
53654
49281
68675
58546
55493
45868
46103
42297
51629
47747
48233
44226
57365
50623
45019
37495
61779
50285
45337
55909
60689
46111
41405
37071
56145
46689
45168
45000
64431
49902
37458
66305
59878
51748
60317
64991
60310
56246
43909
47056
52037
42401
57186
66272
58531
57185
49424
53383
50706
62820
66710
55493
68453
67775
43271
46961
54760
38688
53414
62415
66977
57091
58445
42592
38870
54313
67088
45310
52944
47174
38685
48424
67294
44027
54502
62618
56476
52227
53635
43040
67700
44721
52049
55469
37734
54682
42976
54951
51461
59279
38412
60294
68290
50894
39785
49565
59501
55160
37093
65079
41465
68166
53928
49638
63104
65400
42815
66328
58502
54799
41466
63211
49026
64316
66706
64579
48795
36376
58383
48409
59567
43925
38121
64022
65945
46773
41582
46176
56500
61690
54627
43444
47259
63261
36334
54965
67635
62979
62644
62339
52460
44012
51006
40592
58947
68078
50081
43439
64140
68002
63326
48494
56558
68381
62855
50854
38063
53025
47139
57936
59825
57749
45268
48026
39485
67635
52407
36923
40448
67969
61324
52995
39507
57346
43543
66742
60352
44461
44997
68378
59585
66462
53139
44623
49610
53772
62508
48223
41610
38011
61265
45846
63599
36402
38014
65556
66152
43760
59083
67360
69102
55259
56848
58047
66885
59577
67404
37637
45823
56674
66632
36524
57027
39797
44663
60003
42828
61515
57633
68200
48564
61225
44736
37465
58867
65466
66987
67400
57507
45244
67569
55309
41478
41721
39560
49120
64073
41081
61351
46887
37642
46070
36976
59020
58905
54416
43474
53331
37243
63938
41134
41962
44213
43925
45368
61378
66375
58131
40353
42334
55414
52991
45043
41898
38990
53443
37692
48013
39400
50602
51182
58049
55017
61519
46982
67811
48203
38486
43884
49862
63584
42585
43802
49165
59923
64037
66945
48889
38258
67879
68008
62079
49513
40737
45719
36510
41680
60193
51827
61167
47273
64180
51434
68478
48546
62807
61650
45016
53986
44078
61708
43109
51201
53753
68783
55800
42072
61251
69218
63397
54652
59100
68362
51923
42757
40586
47014
49553
59284
40956
54902
46894
57108
50687
65379
43779
64063
51701
51099
55700
53092
50562
68732
60376
57448
64648
58803
45268
48652
66390
66213
38255
61549
38172
63246
52865
51409
44706
47847
59693
65696
49466
57742
46449
51633
37364
52257
48891
46023
39184
56106
51262
68444
62905
58242
64454
38301
51696
60015
51144
52661
37574
60688
38910
67406
53454
46843
57777
39509
38098
68644
46616
64510
50373
43521
52960
59657
44281
58347
51468
66883
45458
57032
66047
37967
46139
45031
51927
44966
66071
58155
58877
40413
56826
44140
66298
44839
64218
51226
44173
49946
64128
53027
56570
56246
50307
66071
44196
57763
51575
53131
52958
64954
67170
39355
53503
43975
56431
65395
53172
60045
37095
44079
38555
44299
67932
62337
56845
61694
38952
48051
39739
40615
60694
64429
38524
38350
65118
53274
48101
68615
64983
60359
55835
41012
44648
59211
50021
51019
44479
46061
66821
63066
67142
46530
43209
44488
40275
51478
46301
51677
53664
46861
56803
48260
56826
56714
40773
37968
54333
69200
44490
62654
50303
59752
63592
58298
58508
46786
43866
36964
52115
66335
59762
63251
38430
66605
44975
67226
67143
67572
38674
43723
62505
62322
59566
57402
41622
38018
47103
46404
52232
51971
63356
56399
64473
52533
47983
45906
67510
68454
40709
58521
48465
63183
65441
66754
38998
44985
66166
53772
38049
57060
38997
63697
61614
48680
62403
65872
62544
37981
42319
51888
36774
43129
53795
46914
58955
61432
47320
60935
39630
64641
63631
54642
61026
60614
52797
43886
67798
58540
48198
56995
64711
53420
53326
68853
56340
63608
64331
52046
61586
42210
45023
39582
60673
56570
47846
44576
43583
65143
68171
59102
50364
46425
54815
43127
44590
38604
57324
60192
67462
58190
48198
44777
55074
46100
55972
46146
61252
38826
49006
40381
39107
57819
42071
57109
54784
45776
62189
40304
53788
63868
52590
58593
53352
62775
39390
55089
45085
64168
50006
47071
55374
65513
42399
63845
40986
46054
55040
44989
67366
42246
50259
68644
53835
47886
54110
50718
57483
67650
65377
38330
52298
46541
41964
41751
44218
69474
59891
69415
68504
61988
68388
63923
58134
41667
57208
43167
47128
52968
59657
46192
42146
48596
53795
56843
59025
62532
37277
61887
50826
53143
43370
56198
60209
56370
45931
53384
60571
60196
45191
45537
48133
43782
52734
68772
46022
51237
38138
56096
58242
55268
47208
60258
60577
37723
62725
69371
66303
42308
47036
63491
58853
69400
65071
59229
58681
59765
42388
36925
50929
66499
39874
54504
41165
42775
42635
49339
64070
65623
46413
58223
51906
62880
61636
61851
43017
60132
64802
52858
47356
47576
41570
58095
49285
57613
52953
58822
54474
44636
43022
63805
38566
59528
40395
49603
64857
48159
45940
55807
68222
61345
62360
51220
64062
41700
49606
55332
50116
40375
65186
65555
65008
61894
45623
45197
64592
62398
45199
46922
47180
53169
60545
38544
55968
48315
60619
62970
63760
37862
38753
36985
56406
52811
50948
50072
57952
44666
57109
41988
53432
39196
53676
47947
43844
57559
52197
53988
58159
67954
64634
61552
61991
50746
43159
59199
46537
47012
66281
41750
40793
44083
63737
69679
68535
59548
60088
50306
55182
47913
65626
52803
66511
56923
37480
52140
65118
61139
55313
45052
58123
63602
53186
55744
51395
57024
38390
56913
61191
42122
40526
44702
57246
54992
66276
63787
55431
40670
56797
60762
37426
49080
57661
50154
46576
66235
41215
45245
39079
55170
50022
41438
69066
43783
68494
61378
59016
47626
62022
58062
61764
58039
49442
45594
68934
47491
58315
57205
42672
58711
58266
38057
44723
67312
49509
58880
58370
44934
41369
40454
65415
43691
65161
63121
39254
40823
54534
58111
55775
52450
65328
53183
52071
58737
45451
64275
57273
52757
52822
51987
65048
50256
66328
50422
44409
44953
58491
67981
44783
41474
64605
64272
40039
52248
65061
61469
57237
59402
38227
38910
38190
57358
66140
62507
45144
46081
63924
68367
62047
57933
63788
47119
68265
55312
67454
48329
62188
44155
37414
63385
56222
43896
56692
58210
48301
62351
47840
50315
56945
43786
63901
42823
61151
69719
50545
37658
63231
59823
59331
38809
50336
38901
40694
38513
40010
53473
65525
61098
51060
50269
38415
60717
54007
45359
46342
42628
37315
44249
45410
40418
47056
41661
62219
56675
41304
52869
38423
58260
39492
46530
69089
68150
47588
58579
65115
51775
42722
62217
49061
65826
55161
37385
49118
39760
41442
44145
46906
51199
45327
55230
57940
39466
45468
40301
46790
47833
51971
57184
50680
69794
47375
56196
49717
65648
39315
37553
55812
43907
49755
38609
56757
52920
45923
66629
58170
42763
63815
43652
56376
65370
37883
43013
53854
52076
46524
64864
48630
62513
60998
56240
43705
47435
38472
45627
40680
52174
69397
48981
63640
67140
43676
43137
46414
58869
53146
56794
55243
43365
44558
52401
57385
47133
38894
42360
68135
47022
53784
47326
50626
61940
61835
45116
40453
61592
39127
42288
66081
61912
43474
56455
42176
39563
49037
43105
58775
67935
66694
46479
63802
44902
47391
51264
49973
37329
65103
43997
38488
55547
47256
55857
53074
53417
40761
40397
64898
48528
52132
45995
69129
44055
56626
45073
44324
40031
66838
43704
53689
44928
69264
63022
42799
47638
46947
59001
51587
57341
60552
60157
67480
40280
48932
65440
40911
57560
42424
47403
43736
39739
56727
61683
43208
59410
65694
54202
58475
46024
41759
55248
41179
66272
69150
56957
50513
48766
59840
66724
64316
43561
60416
59040
62096
59087
57252
56178
49249
42761
38767
60190
68528
63649
41369
66642
64645
51026
53116
46409
41278
64718
58768
60399
48678
57862
67481
65862
47945
42405
46367
37896
42119
43997
59935
63118
61416
68455
47104
46064
65071
56261
60104
61550
68018
47307
69264
43278
63336
40797
59702
38535
48708
67450
48209
46942
55489
57210
58218
50511
62655
52371
41577
39406
54669
54434
47181
50830
40007
54568
68128
58210
60002
60307
64042
55778
37509
45760
48998
44656
52122
63933
53554
68924
39462
55251
47946
40549
58325
49604
60919
58721
57690
66641
56964
44958
57973
51199
68594
54889
38997
66075
48109
55312
55841
63228
66558
68675
38866
45448
62209
63424
61251
37882
61146
66352
38795
58850
39524
39243
38538
66412
55210
61507
62658
70118
47706
66144
58216
56701
65142
63975
67771
50247
55117
37953
59029
53895
43690
49241
69440
62508
68683
64582
40074
57242
69012
46634
40220
40365
46469
46170
60423
54011
46314
51391
42656
44634
43729
54140
46222
41123
68929
55504
38433
49589
68137
44606
60646
67260
62615
66284
62072
44467
70186
51018
53656
66087
56522
47091
38272
57150
68758
69592
41845
37625
65054
42395
62108
67254
51411
63545
62990
53497
39356
61164
60718
37995
42602
53328
69179
53283
52269
46276
48929
66853
44936
63507
53397
54568
61411
61012
61280
65181
50048
57358
49147
55788
69552
70048
55389
48129
53575
55776
68625
57863
59725
68611
48779
51827
41462
47293
44988
40773
65492
68264
63204
38282
45900
49642
40872
58918
48711
37651
40292
50128
41513
60740
67778
62046
43527
60310
56204
58179
42261
62905
40638
64342
42333
54236
48864
58837
38583
47565
64146
39081
49653
68962
40809
60907
69726
60439
67833
63144
41822
46072
38451
60129
38011
37826
67826
56022
61835
58949
66512
66949
51492
56588
39486
63597
56149
48704
42708
56471
49811
47562
56293
38103
43254
39352
49751
69968
56742
53730
39601
64566
56976
45773
54390
41944
43613
50127
69554
50653
61092
67700
56530
40909
58974
46369
44728
59604
64667
38647
45839
39107
67444
45818
66780
41048
44865
57459
60758
63167
54796
58003
42744
41048
70469
50520
54996
70331
38838
65973
45098
39418
69050
44269
63033
41766
51626
46912
53333
69652
56985
64969
42042
63584
60225
45991
60064
64435
45884
58971
45584
67906
55416
41329
50165
49303
51429
62819
40950
53140
46192
58810
49539
61877
40757
66166
58286
62613
58352
45232
46909
58804
47797
59006
48893
52599
38882
56855
50777
39792
63313
66615
42538
42976
59346
42437
52177
61050
60120
41140
46724
58986
64626
39975
57061
39830
55165
68568
48345
60708
51737
66234
57239
38204
44633
39133
52223
56847
56127
59538
38190
43032
41447
59089
58191
42401
43778
39639
56499
61322
51334
63763
42277
55110
69540
58691
59255
39462
52987
40923
40289
55770
46347
41638
67980
65077
47852
45231
38889
58416
42815
40290
38983
65074
48486
69359
67365
51598
60656
49135
55492
48461
38231
66634
64129
38447
45550
38232
65122
41964
66069
59718
42223
64447
65967
39356
47427
46117
50646
40380
62306
69091
70093
56014
54477
44614
47157
53594
45908
52910
40068
59477
58924
66894
59572
39967
51521
68397
52024
38060
68301
41840
53556
59107
63274
67548
45293
66883
46821
65175
39039
41932
45843
64814
54478
70429
70632
64732
58558
55002
68997
58378
52391
64336
61202
43282
48643
61020
43021
70216
59242
57224
47073
46907
65729
60280
48059
42808
59310
38533
69273
55568
57422
55975
44964
51227
52779
52376
58047
57981
63848
39990
48992
44200
46143
62506
41374
48675
62638
64711
45452
64393
46700
67124
62662
45524
47394
40398
40521
63195
61144
70344
69768
62234
44717
44564
50620
63666
65484
41351
70267
68528
69787
62008
63116
49042
44598
57897
61434
69128
53275
40233
66663
68343
68647
44280
62627
39363
67265
63661
52861
67534
45909
54101
53465
45116
63748
56797
54787
68858
69529
49202
47171
55550
43199
64934
58546
42960
47474
59542
69707
38473
63412
63817
49989
63642
57473
68636
44705
43409
55812
51932
65535
57112
50699
50548
42933
43007
39097
64968
50466
63227
51066
60128
44352
57070
42044
46921
49017
58472
63709
48824
64700
67694
63199
69361
38095
61563
53091
61415
56807
53189
67413
46885
60022
62913
56292
60012
45380
42473
52021
62878
64449
40125
38232
63450
69274
58888
51579
60393
49290
59492
45917
45017
62323
51712
48390
45031
41901
70305
39094
47267
65949
44775
50971
46158
51594
47314
52678
55175
52653
43396
45536
65831
59015
55369
68377
53609
48504
60116
49890
48206
42380
39628
54236
39743
63128
62599
40336
66036
40582
62229
41056
55958
56557
40320
46525
68896
56549
67922
39067
46603
41241
58968
53794
45098
63005
63398
56999
62931
57090
40411
40666
40255
45096
54950
59713
62515
52308
54665
53221
65248
47106
39389
61003
56841
63229
42519
54181
57443
59436
48201
56650
49985
70575
50156
38244
58992
40747
48348
59880
63328
56417
58276
53196
55173
42502
60156
42612
49661
65230
61072
61293
62579
42699
66307
44637
57155
39669
67380
66874
41183
45834
39616
57531
53361
53656
56776
51468
56258
55895
56820
43718
64602
58045
54455
44062
67561
53453
39637
57949
40933
56368
62755
64400
66677
42374
40590
45184
69262
55294
45919
70372
38235
67876
57790
68566
49891
51963
66420
40580
39910
42060
66805
49960
48903
58173
48541
60986
40753
65061
40250
38883
48435
63135
53963
55222
42157
62174
53383
59547
45104
65856
53537
43275
55457
47653
49739
60291
70622
46081
47225
43826
67236
64944
53223
63733
69041
70410
40669
46214
57893
65464
40242
58865
56622
42054
42255
52039
40676
53624
61685
61077
40050
44514
47873
55319
55671
39347
57711
45226
53420
66770
46174
59520
53190
60204
53458
46615
51870
60236
44287
65900
59791
43820
47557
69484
55071
65354
48503
65963
69858
67583
52192
65112
49052
47372
65416
70769
55974
65398
55347
45107
39571
63893
58027
46037
65298
62823
69055
67701
60438
43306
53388
47955
41525
55849
67067
64317
38478
58838
41355
68170
60527
57625
41297
63435
39414
49640
57661
46719
62198
50968
45982
58118
42716
70258
58088
52888
61522
43274
65717
41463
64611
52684
42507
44194
52448
59992
67805
46156
39427
64016
68308
55436
63315
43886
42319
57046
49095
43932
54952
64170
68910
53310
62649
58891
48846
70546
67742
56883
54092
38588
38845
55429
39372
40539
65028
66499
65112
48480
48498
59777
62854
41504
59097
50138
52053
47528
65506
56161
55641
40272
68177
65882
59416
65171
69770
64043
49075
66845
56148
60429
43977
54054
46302
42503
63128
41983
56576
54045
40805
47338
70338
60869
53278
67631
55074
67482
54847
57964
52498
47444
41714
66093
56001
52984
38522
47548
61467
66636
39633
45883
38547
58766
53648
63215
44576
43109
55568
43999
64389
69912
60623
50846
60374
47102
58645
39525
45368
49974
55767
65636
40168
59543
60635
67930
55935
52202
65309
60772
61556
68951
54642
44562
43490
39966
61547
40640
52619
41352
39804
50980
50718
38940
63325
54307
40885
58133
66481
68329
65186
64020
60390
62008
62315
64787
39772
42496
53267
50330
56521
67889
58011
49717
67804
51661
47305
50469
67616
60225
53544
63318
44068
51957
56656
42641
41945
54050
63847
44531
69435
53220
64744
70558
63027
39568
51363
44718
42684
69447
46598
59759
48710
65739
68506
62413
57943
40594
39632
64011
60536
65817
60158
46008
68943
53371
71077
57055
43785
47426
47093
64383
65275
41853
40339
56122
46728
57363
67737
55633
39749
49238
47839
52944
67163
52187
42105
38662
41773
67722
56192
47160
50491
67825
49430
66711
54598
46301
63396
51054
39350
65580
69222
53920
56888
66525
67114
65618
48811
44393
70484
64741
39229
63574
49446
60711
60369
58889
55870
50378
41125
42972
47712
57621
69169
44912
60790
48089
44626
39237
49109
51879
53415
42375
41922
56896
52283
45867
69685
71245
62565
61755
48349
48464
54509
47726
57187
41179
63856
52988
52723
47616
50182
57520
43769
47624
38689
42303
65064
53095
54969
58072
57025
46832
66726
43772
70418
60742
64589
46992
51517
70803
70014
40497
52538
57980
71325
52679
57375
43604
69120
68189
70815
55183
68249
56112
54481
60538
66517
40709
62771
55594
41155
47808
63727
48818
48761
71219
60253
62106
46516
56116
62152
54924
41918
43762
65653
55375
47765
48521
49633
44538
56393
40915
46923
41569
66982
66433
70514
67028
52243
54635
51360
71433
62138
69157
59111
63574
56041
61651
44971
66851
54200
44094
66145
39840
68845
70183
67221
44723
45340
55515
46898
46133
60179
39687
45822
50013
55925
68046
63076
63356
48036
66841
57974
60139
50916
69166
46386
56898
68286
51333
55044
57291
50595
64726
41357
67383
66258
53879
66467
39311
65148
45797
42649
43373
70949
68513
63680
67435
49741
57917
49453
71388
62032
61110
41149
55994
43915
45060
42071
52960
53952
44784
52337
57721
69307
58150
44502
41145
69430
61067
69542
61643
47867
41680
43678
56842
67912
66888
60825
57203
68215
50422
60247
40282
58334
55019
54654
69725
49909
44239
43230
68759
68534
47549
61177
68886
50762
47444
47299
54158
69601
60682
46758
45134
70370
50116
70089
67188
51780
40868
60050
57437
70715
44578
41066
43104
55320
67167
50880
55740
50026
65973
60240
48590
57962
66195
70053
67976
71574
40328
67548
61214
46747
55453
63660
63490
50808
62696
56995
47891
44769
63070
48306
49938
54497
56809
49132
47445
60100
51643
44683
43199
63284
61409
51252
60655
55202
42779
64380
41400
49640
61931
70826
42705
67884
49132
51646
68558
43527
55653
51123
63567
57830
43294
42242
58488
54705
55410
56679
46497
68523
61862
47847
70478
48282
64633
53266
67681
49191
51452
59270
50318
39047
56484
68788
70160
57691
46494
70119
54170
42453
55394
46978
40593
57885
56203
55432
50552
46067
58854
49250
59052
65173
53961
69085
54097
67043
61606
51059
57996
50369
69087
66763
66802
66237
51164
53635
44097
60658
53340
44332
56142
46635
40200
52374
62015
66124
46414
65614
68346
41198
70252
58470
63966
56138
50635
48500
50864
55640
55695
42717
45528
57912
40812
63060
39373
64464
57787
63645
54478
44471
43725
60311
53971
60241
71295
55673
39875
59708
57870
47452
64999
57835
44589
63738
65695
69009
42837
54197
61267
53569
67677
39643
69805
59731
43850
54056
56837
70409
40040
52108
53021
63859
58266
69935
69135
59791
63470
58547
42883
70069
70004
70841
68389
53298
52561
57766
61527
54580
55311
52903
62242
39910
70199
66546
64883
65243
58146
42575
53380
60336
44556
51159
49816
63981
40298
54780
66795
59693
47229
43210
67049
51839
63272
71533
50078
55563
51199
46578
41582
50681
48288
41042
39942
64398
53318
63148
55954
39832
64667
61138
70704
48397
69838
40711
47781
44271
65254
58887
54096
46706
70486
70728
68444
46689
51921
47744
56377
64958
47711
49511
54348
51113
48561
44734
55269
50818
57265
48016
61042
68690
45406
40888
61427
53863
66263
46755
42670
58431
45749
57687
47396
45480
67486
51636
61507
52260
51224
60154
44509
54162
66714
66444
42841
71179
51177
54260
47273
59147
41378
53030
58236
61905
48914
40969
52916
68360
67150
43059
55834
50598
59264
56308
39504
53013
55424
40855
53512
54929
44708
68068
46452
66513
51928
45034
41213
49385
52209
56827
62520
56175
47934
57847
51222
49372
59232
51918
48987
55862
57692
49472
68689
51948
53231
56807
65213
71426
68898
41080
44562
62573
49693
60486
70629
52161
62784
44551
43681
44041
48752
69339
58492
46582
71087
55434
69289
49725
61424
61197
62671
51002
40489
66385
55483
49625
41641
58167
70226
42422
61612
68319
60361
71811
51757
56102
69144
64683
45051
39277
70059
69428
71695
40093
67419
40170
56861
52071
69022
70330
41577
53201
50682
60764
68316
41966
48832
52277
39511
56300
42230
43899
70215
53589
53909
67994
70266
70542
68853
64470
60209
49572
67461
63026
54646
45383
65215
51857
66991
67351
65371
41756
52340
42015
44483
64483
47518
68767
41416
57287
62880
44047
43667
60567
50459
39520
69342
57977
60076
50821
40292
49804
56073
43570
41365
49355
63308
60132
69775
68917
49550
68641
66122
47147
49080
71425
51986
46617
65686
56045
51515
50776
63277
43943
47888
49491
41039
49290
45324
70121
42604
71956
61517
56851
63403
68257
55621
41671
66105
56185
42675
50972
68321
69389
71889
60078
53726
51070
57551
62276
63981
57439
57473
40368
58790
42684
70229
71159
65291
53851
44423
55986
40290
42049
55960
61364
64832
52856
68604
41965
65255
67856
53011
61070
40657
63588
43354
42862
56461
51359
54755
40621
66506
41598
63234
55191
68530
56663
69706
60107
65657
70234
56503
54172
43829
62743
54573
44215
60400
70976
64289
40966
63995
60848
48022
69077
65158
58541
65100
44852
48494
41322
46388
47004
49238
56016
65574
47573
47097
66430
47318
54294
67518
63247
64261
59247
44942
68763
64756
56932
67554
45696
52254
50907
66592
63330
49702
49976
61223
42096
50703
71366
54824
52457
44459
53593
71097
63199
54102
56881
48420
49468
46052
64034
48133
43778
43223
54514
69140
57303
70357
57859
55615
44480
67674
39985
45564
67629
56491
49406
63965
48182
70411
50925
68708
47652
70192
70443
44570
71731
44024
45684
61915
45718
52569
71989
67700
68796
60054
44782
44656
55250
64441
43227
44078
49801
40253
63443
39991
63001
43275
52592
60367
58502
56232
64624
51658
52257
55724
47195
63393
70739
43382
63590
45253
59286
62750
65944
39987
44740
43179
56363
64585
53652
49286
47157
69848
57441
56367
66952
57210
68398
59695
49878
54822
68072
64078
51225
64513
55786
40709
69681
42103
62663
53046
50639
55435
58435
48923
71571
60011
55202
44925
71537
59208
40486
69158
43353
56164
43731
64152
50455
40045
66933
66303
69496
69129
52452
44389
69294
70834
44679
41253
65013
43716
63255
66722
66679
52180
41125
58168
54125
43588
66015
44915
61320
58132
66191
46463
43407
41979
63844
70112
68169
63415
71413
65635
46493
44193
66051
71509
67832
67972
67838
49906
63727
50351
68811
70944
61990
61769
67781
48478
49520
55013
56322
48375
50999
59222
47063
43899
64031
50885
55198
40815
64742
72193
58806
69444
52111
69397
45516
48774
50111
54304
40025
68438
68711
61537
56172
45082
41123
45970
64682
52595
66018
44919
51347
53360
54600
61366
60167
67841
61520
58345
66824
66734
71862
45042
68545
65928
64404
54926
71879
68960
40907
61998
69536
42296
55204
61442
48258
59639
62903
65878
53340
46945
51468
46881
56859
50757
42113
64475
48422
68344
62827
57232
62762
67331
44416
59955
71453
52505
66549
59444
42877
53836
53731
58708
64985
57216
69103
51641
48531
46879
43818
52541
52196
49934
57142
46348
59168
57056
70571
69486
49980
70218
67256
57825
53133
53207
57102
64875
68050
68573
46841
60718
66165
49072
58064
45885
62990
44309
63120
51118
41001
62970
52932
69105
43849
56420
41128
46176
57901
48808
54669
45590
67153
41950
46463
55045
61368
60563
42278
41539
55785
64446
64234
53925
66104
60405
44890
58767
64326
42209
60623
63498
55755
58608
49740
48663
40595
70473
64937
66628
65991
60933
61681
61308
66414
59548
42760
61219
58675
52893
52113
71011
61801
65187
51726
51648
45900
53636
59465
68083
66698
65995
57332
44277
70658
42857
48012
56410
51659
39847
64131
47072
44152
55647
49309
55112
43930
44396
70811
40548
62343
52063
61975
71538
44634
72307
45743
51112
54843
52932
70245
45584
64737
41659
54086
64662
44116
50381
50250
60256
50424
52581
44924
42589
64711
53534
62298
64801
58334
58166
52095
40176
70203
40000
68735
60696
58053
63768
55059
66948
57228
42524
67190
62351
50003
68249
56846
49430
46156
43140
47695
61905
39970
42091
51421
60131
49468
68010
68592
63663
66881
40674
44285
59118
60631
56999
58003
57086
54449
59513
60803
65661
63432
65014
61763
59415
43752
57421
43924
71836
61807
41462
53091
64086
53074
49313
67309
58521
64608
72556
57639
58779
56523
72024
44637
48262
58084
70654
69657
47564
48678
55934
49222
63931
64374
57529
54165
44369
64169
61120
64288
58705
56647
58507
67918
70550
53902
58863
48630
46760
58554
66250
40391
58253
43908
44929
55527
41442
67561
41388
66778
52778
52524
58639
44454
63077
64286
48333
66100
58597
60829
42200
40954
52573
42331
67500
49623
53307
69089
64573
54846
51255
58579
41005
49303
71212
42613
57923
51682
57127
41838
53529
66718
61630
41932
49684
42985
49060
47945
58521
42472
46202
45772
71038
65897
47847
43827
67263
42695
50922
56656
69491
52238
50287
72497
47102
40032
42273
63141
54919
45720
65664
45307
53165
42796
64051
55309
53109
46424
58015
46206
69255
47993
50616
60735
63387
72375
56343
66648
49454
47590
70222
69861
53113
44974
72312
55902
62115
55274
48148
47388
54582
55375
54803
57369
44752
55374
50991
62456
69403
61499
45183
70469
54526
70574
50760
46077
42517
64298
41751
64081
64095
53500
53516
60583
69687
42342
64889
43234
56454
60925
68268
65251
52022
70736
62472
70735
58346
55242
47195
62867
42732
67290
48747
47142
46694
54096
59346
70158
40918
50699
50700
68262
55740
71121
42447
43166
51605
58750
58522
49475
58893
44385
50321
52481
51569
54243
45704
58662
51299
47465
45662
52968
57553
47996
58764
47018
70952
62248
57341
67195
67524
45729
48929
59104
60076
67117
46909
61651
71548
48189
68357
70155
58274
47325
41324
72830
66765
71759
44475
40485
72099
58611
40416
58879
43699
58475
49929
55896
47018
49147
59506
66635
42185
68662
52347
62598
72854
62423
45054
58701
47570
68077
61407
48578
69036
67387
56549
55907
54836
63198
50632
48852
63762
71216
59275
70879
71288
60397
47115
72889
51285
55956
48857
62086
57804
45584
61509
52512
49892
66712
48827
72212
70785
49876
54867
72430
65683
58177
46755
59319
47757
71894
40664
64187
60441
56552
65541
43408
55817
53323
59834
44883
54673
47034
42201
44085
52660
71544
61605
48694
70909
45624
71196
71473
44911
61243
50567
46105
48318
60344
62031
72066
53952
48000
41234
47459
56350
72930
56310
58906
53071
41932
49469
63152
53703
41012
57370
65631
72555
50102
55235
51537
44617
51839
60616
55467
46726
43881
67747
51146
42647
70503
55184
47308
58292
45092
63647
71251
71306
69095
62471
65669
62513
68794
60349
68440
70493
45259
47685
45580
41432
53778
62409
41977
69168
61236
64872
52874
63917
42920
44752
51338
67205
41240
45583
66206
54867
56330
71078
57619
52422
48063
50399
41690
60054
50523
55905
47569
54461
55879
65794
63557
56291
61908
55004
47028
71706
71201
67235
56535
60619
43070
68406
56543
67824
44945
53619
43008
46980
47225
44112
73004
70712
67122
53031
60193
63592
72697
49746
66213
46157
57712
67064
65040
59508
58947
55078
41484
70511
67852
52002
56217
42954
66932
46332
57172
48705
44443
67941
52728
47151
53947
46276
66085
58954
41224
71559
60256
67470
62170
72887
72284
46199
57101
40656
57975
68211
67240
69327
46216
43927
58814
70028
71384
59025
43922
67402
56942
72414
56830
45453
69008
44349
52246
60204
64390
41059
70664
42662
43425
42480
49223
42681
59772
48034
49128
42289
47234
43208
48716
56319
62640
61434
40447
42122
52892
67848
72416
41290
72887
63280
55170
42386
62415
69524
55763
53165
43224
66539
47867
67885
40939
66934
69255
57728
68751
70709
50375
63172
67384
52828
68724
57564
72717
54273
63382
53956
46830
70423
59301
58913
69814
69535
66799
50461
65981
64541
50489
42609
56738
46665
50601
53187
48199
64520
64484
70195
54300
60570
66163
62769
51617
43541
66667
66449
71718
44818
68685
61153
63445
44198
47659
64762
58611
66708
42252
62421
44131
46016
60306
63392
41324
49383
47066
69393
57532
66446
47780
49659
50348
55096
57780
67103
61125
69340
52600
60996
68227
48278
51690
53130
44378
41373
52920
53499
63479
55925
51874
72035
56520
72550
48676
69473
44990
69932
59734
57279
58194
47600
69904
48639
71366
51831
40785
70454
55725
62362
41698
69406
51373
72694
62006
53094
59268
57828
62869
69964
56393
63916
56442
41326
61428
48117
49721
64989
63521
63616
67044
56948
69137
57622
55664
71528
46834
41151
52244
68127
57696
62261
54258
71750
56363
53400
72441
52510
43611
65891
70410
45334
55409
44703
71001
64415
46832
49751
69911
71484
73244
44107
68942
43992
40706
57064
66060
41821
50616
71800
52419
56450
53478
52375
50160
65509
66181
49638
44539
43865
60903
47107
40798
59265
59128
43448
66570
72606
63171
65394
55302
62373
63800
50677
54106
60565
51244
48463
68907
64263
71585
54282
55847
65542
59208
58022
59940
65570
44356
47943
59651
53440
73265
57770
42715
44980
46693
65373
68436
63762
59509
59440
55376
61248
70907
49895
65489
51536
44951
43569
69911
64397
46388
55774
65800
61012
55181
48204
53717
71462
66031
60450
56795
43002
72512
65089
51655
51416
43328
43000
57854
69539
47375
71031
59196
43575
45296
66695
69242
61108
61260
63352
47126
50712
56058
70746
41518
42260
51389
66672
72268
67352
55822
59361
62025
40881
47388
45489
48235
46612
54802
65520
70353
57083
67992
50225
60945
67759
49308
53310
53023
68966
70994
72458
49265
49104
63865
53735
62048
42477
54753
68089
63186
54817
49962
42475
57366
43658
49102
50144
50959
48785
67426
51117
64661
60095
61208
54597
59928
45779
60297
53108
58758
55825
41905
44753
64623
70108
46395
50414
64104
63111
69119
49105
44717
52841
65226
65960
46346
48943
60253
41144
50683
60790
48056
41879
53778
47770
62104
52635
60569
70856
68926
69522
51577
68955
69746
61619
53850
43365
59080
66517
71436
41099
62498
48351
72997
65047
66166
47744
53996
55368
60369
55328
43382
70124
42396
72726
72207
55857
69919
54811
72412
57017
46403
66046
50878
58348
50588
49818
48248
46994
72358
67846
63765
45473
65359
48139
45444
46931
63414
62427
61318
62588
58675
73215
62922
48923
43927
73106
44885
55599
48053
48045
44584
66764
42785
64546
64797
73325
41271
43629
51475
45452
69983
45799
42314
47984
72336
72765
61200
69703
48147
46369
70814
71284
61322
51775
49981
52266
59440
63603
49325
52026
55138
61241
62406
48937
55903
46949
57440
65926
62796
53780
72305
53370
49019
50146
62581
54177
42220
57437
60691
58136
57620
59834
40957
50392
71390
55495
48664
54338
43504
57633
53469
51194
48431
66983
52479
68089
64133
53550
47181
54750
67554
67447
59099
70021
52608
57950
70492
70619
61804
44883
54995
52721
44098
57614
50027
68175
56119
59775
42658
46730
62301
61444
46765
60185
47651
47071
44824
42340
59163
51943
41134
59422
70401
48253
63640
46549
71672
71874
66249
72135
50966
54280
60313
45816
71459
52870
66735
62849
45214
49231
53541
71211
64257
41349
72935
54332
69447
58057
41820
71057
45994
68087
67913
67821
50353
67344
44530
49809
44906
54648
71554
67341
57588
48482
65196
47189
53057
51592
48531
71959
65306
50463
42471
55884
43876
54794
66129
42766
61857
67406
50962
41641
42938
55238
46567
68852
48891
41240
63791
65762
55391
60135
64079
65876
60942
65098
63318
51249
46628
52605
72669
68537
41652
66519
41266
44566
41741
53756
47541
68404
68155
51796
52097
55507
48849
57788
48719
52443
71654
59515
57496
65007
68446
69495
43002
45636
69995
52649
53469
69812
57682
47566
41302
59406
60275
44127
54092
65713
46212
48580
59865
44121
63005
62661
62962
67640
43129
47425
69195
42313
55675
57122
65141
68321
62703
56720
61769
51079
57875
67173
72330
66565
72277
53729
41926
52415
73055
70304
57469
66884
58961
42440
68998
47651
50765
62343
73645
50432
51257
54205
58785
63206
65984
43765
65806
48351
62874
54170
64262
62146
60174
42856
63397
55373
57013
48416
52469
56435
61568
44672
65807
45815
62204
64114
62339
59450
65493
55172
46586
59218
46490
68248
55322
42587
66239
71132
43690
60690
41448
54269
48631
59808
43877
54168
73590
67507
57336
67314
72362
48595
69855
72680
65864
50420
51470
69673
48794
60999
72637
54690
47649
68438
48162
72506
52606
72784
49792
69056
53651
47265
49760
42273
67301
58822
71198
53727
56644
53344
66472
73406
57007
72583
73347
72385
49522
47712
68367
73556
58769
67570
67339
50891
49513
69941
56155
42763
65941
50540
72457
42119
57359
65717
54155
61807
63127
42207
70212
68899
69721
46203
58189
55278
48842
42038
44404
69361
46547
54886
69509
50269
45873
62690
41673
42982
62748
72983
50893
45940
66598
70232
55908
69659
54375
60022
67055
51021
66007
59537
64220
70734
44027
64045
52333
59881
46276
68232
50619
65634
59060
73772
57594
65451
50754
63680
50174
72154
70272
71459
58878
43483
47355
63420
49817
43618
49378
57099
48662
71972
61803
63108
73456
72263
46963
43934
49298
61463
69221
66855
58207
72442
61532
58074
48629
46502
70028
56115
46003
57745
60126
43906
54393
55209
55258
60991
68014
61766
52170
68509
70792
48477
57884
71777
49543
62966
52745
71413
62787
59872
60788
52920
63080
44707
66325
44441
71935
44726
56278
59364
44783
59378
58237
51803
57795
60999
60556
62089
55725
67246
44901
57683
54731
61022
50354
72656
72106
41539
73476
52827
54281
47788
51130
42470
58079
44868
58149
54161
71839
71491
49130
61051
59066
47589
62887
42967
69989
66332
55001
66883
53406
45185
47613
70998
66153
51857
56821
53880
53856
48662
60846
42999
64106
43491
59136
52567
65739
46276
59605
60393
71517
65461
44174
49823
65564
67666
44706
48158
72424
69519
51848
43797
65671
55465
52696
73933
52970
54365
50861
70146
68273
68695
69965
48626
47601
58093
59660
68531
72756
64269
65645
53705
41921
56436
58507
48120
70686
43041
44983
50007
59860
61706
53091
60582
61298
68877
57663
49377
41940
61993
60321
46101
54693
62446
62762
61043
71715
62770
49063
43939
62754
57862
43573
42075
65620
67049
65193
46639
44999
70203
44590
48555
73135
59636
49456
54943
71526
65429
65145
63162
73137
61023
69018
71258
47685
65475
71821
56227
52874
54299
45208
64463
49054
60823
64116
50884
41885
47226
58799
69868
54304
58246
62287
61249
68099
72884
53176
63911
58988
67113
50128
67455
68872
63334
49504
72313
45976
57023
69310
60329
51885
55054
54697
52958
41903
50600
72052
57391
47140
70800
55399
45014
63023
56555
56418
57410
46679
71092
65219
60007
48778
72369
58250
64601
63074
73638
61371
42521
45223
58312
65284
51374
44564
47476
72864
64376
48478
46625
50043
56258
72818
73364
59799
64150
65278
58195
55982
56533
56884
49499
42521
49543
62923
56085
41968
41583
70214
56711
54643
41698
70776
67015
42152
57562
52808
72374
51014
56391
72882
44778
51410
59557
58126
48876
65544
56531
52117
65444
62332
62755
61729
61713
61825
72622
54836
67902
57162
68330
52540
68465
66383
65150
46613
57253
52978
58964
46288
65082
60259
53232
50611
50156
69057
64001
53888
49666
54914
50742
44283
57031
49172
64851
70310
55870
57540
72068
73167
68370
66528
68337
51148
59340
56856
43666
57478
45128
57642
53061
73524
52074
62143
47390
45161
44301
68239
50942
58705
55356
64460
43623
59447
53669
60862
69006
72267
71242
51115
57266
65187
60026
70649
48045
54911
70912
73366
72905
53969
55962
53912
54740
65277
52653
72481
65143
51421
50742
52102
51907
51720
71172
53936
65805
46676
52517
48578
66044
70553
41630
52731
71392
73400
54623
42463
64069
66012
72053
53649
52937
49152
58754
44676
63530
63922
46186
63058
68259
61206
69456
61676
50297
58157
62401
70132
50641
50263
59950
66919
64196
48663
57504
61311
60341
71703
73127
58328
59362
67180
57235
55249
48698
53018
64487
70709
63599
59611
70411
59931
52299
63260
44097
44810
46919
51017
52698
50273
63578
45898
58794
44534
56335
68942
71097
64510
69338
63687
47419
68653
59820
54453
46531
58910
60613
72488
60595
46836
56522
55808
57591
45122
46615
43256
58611
52776
59990
49379
58553
51391
72784
71733
73856
46263
52740
43204
60242
71487
46326
49872
49668
61733
43210
69953
52843
66879
57361
45873
43725
56841
61283
69290
63894
54927
48814
49329
42316
43662
59597
52867
56517
53718
47453
64542
73624
43762
48332
60419
61137
47371
71346
60475
62953
63754
70245
70808
49141
70141
74184
72253
52509
58556
48739
64608
72784
48844
57529
61007
64822
46211
66005
74417
48742
58989
56103
56335
68570
46575
55438
59027
70047
44330
61622
57103
46801
73250
55204
60224
66759
48416
49039
51029
69259
47701
72690
52395
60557
73407
72415
54747
73880
61521
51350
41974
62980
57678
69974
43279
45614
69366
71027
56314
43301
70500
66473
63828
68262
61111
60848
54723
64331
68464
51984
42367
52735
57883
73271
56594
61877
65586
61385
69468
59226
63038
70711
60633
54279
61759
61331
51239
66428
66382
43939
50114
61130
57217
70708
68883
72527
68879
69040
51369
58855
54708
55795
70598
69217
62295
73563
48925
71472
49387
58910
42714
52579
62099
65505
52195
68824
71945
68998
70237
70828
62528
71493
51571
65525
55624
60158
57426
46772
44915
46285
60536
60165
51382
67040
58671
63129
72017
48517
47188
44134
70322
67719
72797
62109
42391
60091
50075
47325
44916
67286
54459
73382
55060
71809
52371
56848
72834
54448
44316
52925
73770
42031
73146
70924
58684
60541
57540
53647
70481
56030
49728
58560
64337
58796
58350
72431
58260
63470
68233
54399
57159
64300
53321
65106
46354
45953
57516
61058
71927
74225
74102
63826
48510
57597
60662
53860
65551
44917
49548
69164
46239
73102
68200
55204
54415
69684
58772
44609
70864
69281
68405
49190
42828
69167
47630
46233
43905
45162
52549
64179
70255
42858
57194
61531
63925
46176
73397
62837
49655
62574
46735
48982
58498
61372
62036
65659
52275
73416
64856
47227
46485
55805
58408
49211
55881
59272
47890
58977
60331
72551
69095
45067
73906
48578
64767
70080
56088
43903
43902
46247
42939
58641
58070
72694
73284
65424
69517
48814
58374
44047
64321
59782
54825
51498
59369
64804
73479
45790
61533
56467
47830
50334
53785
73714
44936
49570
66621
57193
64495
71555
49113
43618
66085
44805
56680
65269
61739
48947
43930
54691
61904
54962
74583
70984
72404
69455
72960
66379
61518
73690
60152
66584
62027
49207
64867
49104
65208
70578
62253
65342
68226
69011
48206
54542
62971
66546
45389
59193
65664
58573
50179
60612
73561
49496
44450
45994
48096
74644
48630
49943
72933
57891
45034
60886
65362
58971
42829
59661
74251
71833
48086
47912
51480
59096
46438
71443
64518
72066
56718
63404
66442
60037
68177
69496
60008
70314
50731
57492
66963
49443
47442
69871
51094
45410
47163
52919
58162
54066
72544
55569
65865
47360
50241
65805
69115
49273
62376
46809
57614
43355
54578
63285
50579
69252
58379
44326
42182
62800
68857
56303
55351
59169
45468
42301
59175
51519
61684
65442
45877
59107
55587
45380
55354
57742
58996
58071
50033
64415
62365
57032
50651
61733
65345
53435
42465
54002
60089
71992
62524
71665
71188
68001
43026
55481
64860
72808
50785
59745
47899
64894
71841
50582
70686
63247
46757
66284
61561
71276
59331
48498
58828
73033
73524
45705
46788
70440
71613
65014
60388
68373
53903
44341
59781
61844
64877
72976
42779
63192
66572
54641
60347
59701
53439
55157
46042
70616
65620
70081
74840
62902
68920
61209
44733
58562
46562
45871
51906
61795
74351
72120
59667
73253
69002
60357
66387
49071
62607
65361
60768
71925
70384
54550
52185
67502
44247
51366
54238
54537
60685
67254
47127
65179
55834
48573
59128
68508
42670
48318
65091
49748
57663
62561
71630
53712
50932
69193
54150
50137
48578
69282
49844
52007
47573
46073
71807
49617
70193
67921
50098
60424
67737
56947
54720
54021
67759
72325
56070
52288
57950
72926
67663
65763
66421
73753
57757
67966
62612
54120
48679
61948
73036
73259
52638
47574
70530
49602
66228
74886
64020
52639
67295
60991
45760
72095
72538
47323
59201
47770
68462
50453
44474
75065
70639
52216
52312
62215
58377
68759
57395
64971
72509
57855
60278
50454
59558
62826
69312
53784
44929
57525
61898
69047
54508
54548
73545
48355
72430
72197
55318
71459
44216
63618
74124
43892
49194
59003
70449
67412
61593
67203
42905
54298
46800
53194
70792
56968
74324
62027
61015
48291
47085
52038
72345
67010
72033
65009
54782
53478
55939
66667
53623
60745
42860
52465
43674
67898
73737
46932
49993
47911
68822
67242
48270
73980
53480
72516
71882
68012
48433
67809
51471
56588
43264
56609
43466
46568
62407
43581
45733
57937
54305
43508
56747
48692
71699
68809
68013
72753
47762
51563
56293
45225
62022
65653
58586
45849
73102
51287
68739
43431
44996
62868
68015
70395
66498
45871
59557
57936
47013
65375
58631
65995
62929
57482
72444
53003
53045
58993
54157
50689
68304
52137
61520
52738
69235
52042
47684
56602
50377
65259
71677
58788
74902
55501
61185
49687
48444
69206
46193
70435
60547
67265
61676
50173
74137
74261
48048
43255
53592
60499
61698
60499
65480
69876
42961
48473
66277
74386
43670
62887
58018
68326
63358
43209
64045
46834
68555
53769
48757
54143
65143
70792
52714
44490
44571
49550
44419
68731
67088
71967
55046
70870
73428
63695
64644
69685
48559
60631
75042
75190
63382
55143
67360
56369
64335
74302
49939
63597
50902
44665
58485
68499
52224
63144
52064
50658
51294
71463
58263
57765
54372
45228
52422
47714
60874
55580
55307
58453
65843
69283
65204
55324
46861
57603
46667
67252
67512
50476
50640
59812
56042
50958
65605
58232
46674
69035
67696
66673
49019
58736
66012
67451
70900
50373
54049
72543
49838
65251
56677
52282
54693
71909
52515
74030
53954
62754
59435
49751
70912
51387
64746
47873
54991
69488
55020
44056
60086
61880
56479
66271
59195
53520
47706
67557
51719
61075
48797
55862
54854
57291
52123
43726
45645
50631
66037
52307
67711
64109
67785
60163
44913
43026
71403
65771
73036
65352
74098
55897
43635
65271
54135
48789
59238
66224
45849
69836
68071
68413
71620
64845
46427
62845
54708
67320
74354
70511
49844
67826
59914
56204
63532
65694
63313
74330
63066
46025
58666
70206
68832
67365
51923
54673
44159
71929
48068
42743
67106
62486
65242
48108
72478
61197
49332
48544
74424
68511
50526
50181
59624
60021
56620
67366
68188
42770
73961
47802
45504
45061
47409
51193
47677
61283
46364
55726
56127
55156
46109
61070
49532
42925
59177
58824
47410
64990
44315
47581
52655
67501
52823
56754
66071
59459
72621
61412
67426
75333
62593
47195
70564
46598
63529
74786
48785
62459
59031
45941
67392
74607
62520
69148
59183
50551
70939
45560
71304
56361
66390
61404
58786
60937
66726
43678
53195
56772
45909
68717
43845
59937
52833
75364
72334
59956
54490
44640
74468
72149
61580
53007
68617
68176
62430
48714
60740
68446
61178
69029
68520
73812
73774
59716
60824
54683
50066
47344
51083
68192
67052
55145
75277
66188
73424
54270
63751
54519
54796
62044
58431
68056
63555
56484
63778
64897
65239
48064
48578
56137
61196
43510
75035
50377
46187
46013
56474
63819
64101
56016
70368
70015
51513
53122
72643
74608
59928
54353
71061
58039
54918
65469
62377
69870
46851
53339
70164
53864
46315
50981
46769
47903
74651
64532
74600
42990
50389
57585
73135
47105
44134
75368
69456
64137
67333
63326
74861
74932
51327
65156
68290
58332
66833
59948
46635
73727
64021
57948
52838
49775
68066
75041
43545
54474
44781
48422
64279
68653
43572
67205
69599
70821
61660
62941
52838
45286
72984
54693
52246
66112
58958
60864
75542
68814
58485
51537
66764
52209
74434
69328
55712
60156
50563
73310
56835
63025
51019
59989
54448
71661
69967
48676
67122
46623
62224
59226
71079
66558
48442
62720
70339
56316
66508
65836
60696
62965
52090
47315
44180
52653
75344
71135
70475
52601
66455
65409
68726
69948
46844
50377
68796
54677
64239
75124
51121
59223
62026
56581
56989
75578
60723
58391
60542
62928
62787
56305
70480
72634
58600
55387
61067
66075
69127
64432
69358
53069
46054
71989
58235
48083
56394
53673
46019
45967
48092
56861
69475
71477
49617
64774
54991
45568
67274
46481
49486
47012
74489
58678
66630
56963
44934
52112
65466
59939
63281
67692
70673
47584
72248
49184
66841
45022
43387
55838
69195
66626
64734
69064
68689
55458
51439
45446
57285
73657
47049
65558
60732
44384
67896
51236
56963
66234
65053
47643
67880
43694
70420
51258
73276
47770
52821
52458
67416
52037
74968
60239
70878
65046
47805
56861
57729
57988
66282
43181
69384
53198
66038
56912
49230
67308
47174
62435
62606
45253
63349
53155
75741
68770
75513
68419
56568
58083
48132
72764
62528
69617
59561
54885
62467
47987
50752
64707
75261
69573
65291
54434
44575
66981
47898
61156
65167
71728
54379
72602
52463
62734
71254
48081
60642
64745
68648
58798
46028
75811
74511
69310
51674
74696
74550
45191
68675
47809
50224
72547
58573
57163
57498
60302
47762
59560
68860
54397
57348
55572
71153
46705
74287
49147
43400
45645
56638
68713
45033
44964
47681
58306
71484
67863
64045
53427
71366
53982
61988
56936
44373
61348
72951
62464
57055
59288
58858
66622
62822
46529
69815
58753
51486
65425
58069
58870
54226
60094
61945
61452
70532
66893
48094
54056
65620
62448
60226
66715
72099
55953
60977
60625
52855
45871
49541
70858
50465
67305
71086
51150
50718
48472
45231
64861
52796
63010
45417
73574
68605
73932
71708
65721
52288
50896
47147
71613
72222
48112
63263
53606
71187
43209
64751
69730
51294
74667
47487
44179
62122
52136
58214
67266
74989
72171
54260
66706
72081
56652
58484
67762
72914
70689
45230
47959
66407
71766
58032
46826
62564
53696
60366
60669
68191
58030
52968
55172
69585
66241
57323
51778
56000
64510
72858
63617
68507
65058
66191
66310
45926
48181
67196
74308
75030
67682
69815
49360
63039
57862
74486
72213
62188
43527
68439
45385
67790
61799
51363
46240
60826
71193
66515
73919
66732
74259
49875
47219
51184
73892
47239
74915
47106
56840
54796
53379
71572
50490
65856
54795
62993
53257
70788
69288
52607
48494
68544
72753
47018
66077
66216
65052
65151
75610
59454
67314
68534
68622
68504
50688
64436
48154
58852
47440
55215
53739
50601
56279
47891
71246
48976
58352
59428
53894
67298
50697
69605
67741
71443
53148
53561
67063
51584
61026
45897
66605
50229
63427
73509
52248
57458
66704
72878
69419
61103
46324
54963
60166
64477
61608
43610
52041
64495
63335
50626
73126
64921
54690
72166
68667
52055
70004
74693
45598
73138
74712
53440
65081
49855
70170
66115
47192
57064
48011
62631
56448
43758
44921
68951
49283
54063
73566
54322
47057
56357
49496
72753
43409
45104
46809
73546
52464
47765
52128
70036
65465
46022
73960
61355
60199
66276
71903
68694
60151
55426
71257
74087
60096
59052
58566
59363
44423
55847
56417
64355
45966
63739
71339
68794
45678
68143
50968
75736
54117
60116
68616
69871
44017
62533
52216
64724
74910
71596
62202
75943
49692
53960
74850
70838
66708
57838
46275
59039
53564
54094
65562
46773
72234
57208
61512
52389
47206
43807
51142
69466
44098
54812
66708
44061
47086
64437
61298
47361
67655
67616
43859
54910
57328
67395
55567
70748
63652
53438
74584
73170
69322
46379
50927
61680
52042
69796
60183
75066
65440
59014
56907
66966
59439
60021
68396
65896
59607
72353
47549
47355
63433
53063
61650
76067
43674
58234
68550
47648
72087
56099
55405
46534
68953
43591
53577
59611
43673
65928
51201
62401
69701
50159
70670
69204
72658
68072
72120
49942
51157
54670
48449
58762
55501
56361
71264
51165
52291
67829
63473
62411
48662
72998
73706
60097
47120
69928
74641
45375
73660
72491
60396
76161
46716
65247
54905
65886
57302
68220
52768
46960
74255
58630
61542
64373
70907
70095
70371
60917
45843
52541
48374
66342
49352
75469
59831
68876
48663
64600
75309
45284
71262
47766
57282
52163
66158
67296
63219
68219
53473
46650
59980
47294
67758
46480
44436
68486
72186
51008
65861
60083
69937
47577
56895
65014
65622
64546
51644
65775
70295
45663
75143
74386
65061
45263
53353
62415
51266
65401
43748
76146
69532
52009
54308
46408
53465
59317
45875
64131
55667
51076
73836
74079
56518
68689
49970
52742
57191
70957
63458
48817
60600
44483
53765
70929
51897
49888
69323
52973
73761
49203
68533
45580
49326
64337
71057
44885
70585
53243
74667
65845
51469
53668
54082
67905
53241
46638
46905
45341
50340
56821
53263
53916
51105
72974
49169
60200
62403
76241
69582
73317
58931
54420
71372
52241
68799
60602
56441
48431
44661
63213
66916
44132
57969
71847
73901
44449
59635
56567
59835
47362
72373
46722
53804
56566
57979
58056
59410
56225
62699
70312
60508
46974
47775
64550
44434
62281
73849
47469
64198
67868
49718
71952
49863
56536
74566
50069
45975
44486
59867
55860
60959
52094
53313
62172
74274
70152
49261
71031
75376
61762
52696
73327
57692
66433
65934
76401
71023
63355
44161
61297
58974
53605
46116
75502
76346
51032
68917
60791
56039
48377
55514
47982
48079
74329
55280
56076
67543
47642
75936
65445
48019
68308
66099
57901
53173
65462
58151
67324
63436
64625
58754
69838
47403
59473
44390
50446
60966
62637
75238
75092
67973
74370
65560
49708
44594
52059
75883
43801
61237
45428
75323
73689
52194
56094
72099
59115
48209
48485
52115
60751
57871
63985
66594
70541
45331
46122
72485
52216
74996
49568
63232
60980
54873
47529
60860
58358
66736
75852
48218
70411
59427
59485
67687
75932
57287
59626
73681
76208
53271
57814
60153
60658
50594
48068
50441
57781
45056
44854
44680
51253
51466
57078
69164
48927
64587
61878
62447
51796
58033
61171
70244
46826
75400
58143
57932
65652
58281
69374
74853
72580
55279
75345
46466
51566
63467
57778
59616
55630
48089
59327
56504
64076
47314
53626
64785
66334
55875
52720
75992
53967
53149
76057
44338
44735
66126
47616
68369
49644
75761
64547
47878
74095
50369
55325
58198
64074
45652
57218
46159
52320
65158
65547
57052
54981
46771
61939
55640
71992
62249
58784
59040
69358
46812
46214
70508
67218
63324
72009
73183
48009
57605
45857
64348
70778
76661
55427
61596
76558
70212
64766
61437
65780
50671
44643
45597
67113
59668
60712
48296
54390
60901
58382
52078
50234
59351
49922
53177
48745
75162
49473
63965
61397
75598
68288
65808
49580
50420
72907
73084
47938
71970
54764
59539
45329
66555
48398
71587
58623
55903
50146
50346
64479
71007
67714
47467
60473
71156
55893
61633
51790
53488
67122
49716
70999
63284
44488
60362
59918
60964
44605
60959
48751
44120
55829
61112
68288
52884
68182
70805
66511
63739
51945
70405
51835
55423
75332
54975
46197
55452
54342
67885
70216
57670
53346
56843
71319
45344
72448
57137
49830
75758
76320
76461
64541
70989
52545
55061
45064
57250
67713
61980
75553
71504
76549
52578
61266
51758
74907
69009
65142
76600
56990
44965
62048
57988
72731
63627
70174
72056
75057
66286
62590
71483
49598
57166
61394
65897
51000
64082
46833
70923
48600
48479
51070
60358
57598
73065
68973
74066
65233
68617
57282
60718
64293
65232
47772
66706
63907
65756
55923
55462
62243
66216
72862
66801
47709
56360
51480
66068
46017
46358
76163
61624
50339
51079
69997
69829
48539
45249
48083
47316
50220
50256
74211
57832
65443
70999
44806
72536
68930
76325
63006
64272
65438
69128
52236
56826
60742
46438
60278
68790
53925
59401
67015
71825
52010
75195
58743
66741
58790
47379
66956
69533
71669
60558
49761
45260
71136
71137
67494
73407
69442
60302
73640
61728
72042
55478
67538
45884
51137
49966
61044
64183
47020
63445
48580
54910
70580
45348
55331
76286
53733
60422
59809
51348
45427
65258
62146
58692
48036
75543
61571
76461
52201
65600
50584
69436
58190
72281
51448
47521
51989
74153
73115
67967
51870
52511
46978
71784
62603
67305
45561
50952
53025
66371
56089
76448
56304
47501
71824
61111
49846
62369
68005
65292
74625
59235
68214
69070
54292
69274
64644
51727
68748
45310
63602
55927
51011
54417
52490
61493
55285
67635
61313
67131
65057
48241
49404
73899
63154
73375
52562
73868
53471
76326
59156
65474
68176
58398
50379
67901
46722
62752
66432
57712
46444
70997
45698
62213
48483
65235
52323
70607
48187
55850
49476
62976
54191
55609
63058
47516
62722
62535
56977
45613
57319
64847
69849
46265
67743
64922
65310
66033
76129
70035
45812
73899
66302
46808
45905
48274
69829
49293
63381
56604
45988
58869
68553
67773
71825
73539
51748
75867
56872
50349
52692
48897
48534
74691
66299
51671
47797
65279
63479
56402
73592
76701
54246
52392
50826
49580
71273
66695
63794
70246
66729
51718
58490
55485
59288
70876
59792
55350
65402
50127
52588
56826
53411
50800
68531
55339
44418
69382
53468
63348
74206
57544
57233
69348
74592
52815
58712
75260
76626
64586
66162
61702
73126
64628
67843
74665
74042
54467
46964
53691
52570
67298
61974
53846
53383
76770
49160
55598
62582
63533
69466
47649
74588
48059
66674
68368
53865
45704
55471
71662
62866
47429
68685
56598
57492
47693
61321
64482
47414
59100
50949
56697
57038
69755
69485
63464
60166
46783
74843
59765
45024
73011
52856
56879
55032
64915
64741
62410
67082
76347
44505
69546
76979
46302
51851
56126
57212
60795
64082
55951
58388
52621
45322
53529
53981
74627
64699
59609
61866
70255
54901
53159
76744
47618
64126
48838
52027
72376
68528
73914
55113
68176
67100
51545
48189
52351
50419
62501
73829
74725
73639
64729
68189
61248
57933
67138
48271
75488
75078
66384
59899
52827
51230
54893
75828
44673
70580
64269
49835
60306
51099
60807
54064
52143
71361
50467
50102
49551
55118
46196
73047
69491
59855
58344
51352
71260
72596
55965
74477
75131
67670
59766
68992
56809
48926
52335
55598
65176
44641
63021
46034
76938
72560
47578
64199
68416
76048
50991
71336
47478
45412
77010
50266
67085
63252
54499
61261
61769
61864
45009
65790
52796
47413
65907
51649
71810
54588
66644
59069
53807
62159
55118
51512
65030
50677
59738
49941
68076
72272
55206
48282
48540
55037
61928
63351
65947
63932
55539
66308
70255
52561
60295
50635
62476
57130
62830
49222
47503
63553
54468
60650
62766
73028
67991
57700
58479
55796
58288
70946
76953
56267
49839
61717
47976
73697
72798
68789
73733
47120
48447
48198
61493
60246
63335
54362
69073
46460
45967
50840
57462
59893
71785
64443
55165
65033
48176
69342
51246
48691
70787
52726
64560
62151
71795
74656
66628
47063
51419
52765
74548
68696
70384
67482
58629
56449
49432
66485
46708
68468
60928
58942
69793
49184
77288
71482
68869
63846
57922
71726
62889
77178
60284
48794
75162
63629
77082
63427
52632
73385
71687
63925
61710
58588
44845
66953
44871
66968
47683
73444
77022
50266
72422
56512
45430
58506
63468
46959
52652
67490
45813
63452
73034
46739
56386
76821
63933
72293
71883
50438
45258
75805
44683
49543
70524
50147
76575
68250
61793
73572
55439
58605
54262
55158
62572
72615
69215
70906
56603
51297
62811
46343
76144
56433
54136
48197
56959
53103
60803
72086
47022
71410
76611
64508
46351
52123
47207
49079
58349
73557
45500
46765
71077
67802
45731
53263
63671
51322
54979
58170
51229
76312
66555
74203
66780
75893
69786
62807
60888
54705
72147
52074
76268
77070
73323
71182
55354
45560
45493
66206
64192
65602
56000
76859
61229
45491
62415
52591
59890
48321
73225
46352
75675
45212
73074
66151
51296
62062
45338
60562
68087
57313
48021
71975
54189
64227
53162
50714
51381
66214
62799
51937
54464
73194
47830
46293
59086
64126
58977
66268
52803
67076
56219
50245
60989
74742
68010
73459
47909
66790
62815
65726
46724
66314
46000
65558
56600
75767
59497
45033
47912
49069
72990
60103
72468
72916
66660
55621
66096
62021
64833
47007
61394
58828
60128
73377
70314
49196
46217
54215
59474
56932
66001
58531
64294
51249
67342
70015
45654
69588
62990
52036
59450
57109
59145
51354
47845
54664
52691
63057
51964
72719
53078
50944
56521
53664
68416
75243
69515
46409
77305
69930
73488
45425
57048
73480
58246
76896
56982
62122
66447
49666
59907
58353
68755
51943
46327
56992
58714
54415
70028
48322
52954
61157
71562
73798
59213
62217
57379
69613
58247
75602
76257
56166
62087
58516
63708
68279
65356
73886
67376
56542
50410
66055
72110
72120
59612
57643
68818
47907
69532
55920
77301
45407
73585
54734
46276
50875
75144
75662
61681
58989
69959
77393
65577
51905
47582
70229
73797
54902
57887
68084
61892
73060
77455
51053
48761
57443
49597
62439
71809
65641
62162
56243
58744
77042
53866
45010
76268
53669
61858
65719
76050
67380
73586
54861
76984
68484
69694
67900
67963
66830
74663
49513
45882
71045
48295
48571
62923
65464
57309
51493
75244
58555
68645
65761
56956
56385
65900
53241
73195
60493
59843
50188
55279
74762
71857
73551
53112
56822
54478
52178
52455
60742
57229
70661
66682
47751
77658
50298
49419
70529
69605
72428
75515
45664
72893
75393
74601
49174
51744
64844
56231
54779
61458
60182
45294
49846
68524
64862
76880
71265
76471
69790
59119
47592
46457
49872
49773
71090
68303
61233
66979
68484
74364
71493
45462
51106
76225
56603
74406
77111
52782
62162
53769
57846
76471
74588
52088
48386
68362
55426
76584
72971
63776
49704
47100
59834
51474
66259
60921
50256
71471
66920
68858
76682
60491
57399
65445
71367
64601
59703
77469
52332
45885
57235
70649
63368
66523
52838
74486
49332
77172
68803
55272
60990
60210
65273
66679
53126
49665
64789
76807
63399
57505
66216
66680
68442
50681
68554
61200
75288
74159
50014
64949
72319
74485
59032
55392
70135
76198
65981
71374
53141
69009
59946
57977
72256
61461
72088
62662
70162
52206
52894
50560
62720
46926
71287
64901
71358
68655
74758
65983
69597
60136
71703
76374
59447
51967
73448
64036
49292
69183
67304
60010
49005
51722
46270
73409
50521
47856
71821
70995
76839
71296
67703
75594
71075
77661
74848
60809
68988
73621
75508
56730
66142
60719
51179
45800
55899
56579
70539
63535
75407
59343
56175
50480
47620
66950
74888
66729
75731
49899
46689
54916
60556
54623
77735
57935
50904
73975
50152
77292
66397
58578
67227
52362
49122
65962
59233
63956
59828
69288
50058
62823
64328
77949
45275
45706
48417
59054
58766
77849
69108
49967
57755
68803
62987
49204
48438
76662
68071
75844
49305
64534
57385
50319
76035
48245
73395
50561
48897
50560
58122
72087
74220
47286
68094
75378
60595
74207
72334
71722
71642
57594
55302
47844
48323
61559
49002
70311
73261
56230
62487
75115
72186
63856
57256
76659
59445
48965
67863
72157
52051
49237
59172
47992
71097
77059
45563
52181
75903
59030
63505
51361
53108
64306
64079
60721
73314
73224
70514
68703
45971
61385
77490
48277
66451
76640
70049
68135
70200
68320
64855
74726
48352
63675
60108
46578
63994
57654
59013
59087
45512
47129
53107
76475
70754
67243
64792
57663
69887
71133
69867
61701
53872
67782
63230
54761
58605
64335
55774
54610
59668
63792
69050
52419
63535
57627
46792
52909
73142
67638
77541
65928
68117
45519
61052
62753
58030
77644
64680
57910
54050
48224
76445
67648
50124
60293
73284
73104
55695
46758
61477
66973
74450
67611
57482
49565
71112
53211
59361
53074
50165
63725
75363
59943
59118
54048
63219
57979
76384
50428
76105
65341
55123
55800
75599
73145
50352
65774
68043
66481
78081
69323
57407
71600
59769
55691
77837
62363
57908
65381
61151
66953
74687
77378
64582
45780
45531
65396
56994
45425
53118
48037
51009
68476
50203
72461
74187
65815
67107
54761
45789
48245
61132
71976
68084
68658
56081
45927
51853
71654
56826
69151
69770
49913
59421
50973
62424
45497
67685
65075
61263
74921
76306
76590
77529
73244
62465
69639
67799
67075
77102
72542
75456
49156
51831
53027
73995
59340
68003
65431
70224
75685
48546
65139
58794
56651
77846
67174
58463
65787
48147
64197
50883
66254
67107
53119
52313
70213
62862
77135
73532
66597
53976
75317
67261
51845
77706
69158
77134
45861
64310
52227
64927
57345
59829
46792
56070
77350
69299
54022
47396
65221
53870
66707
54982
71302
74682
67711
73737
67358
68425
52043
64450
55076
66601
61270
67612
56352
48526
71576
68227
64230
76242
51858
71361
49698
65210
65925
78183
70451
68347
47075
61807
52541
66812
69379
58655
77433
46814
55832
48689
57296
76730
75364
67888
57001
49705
70569
62501
47359
51210
69857
59507
53174
66431
53550
64512
70447
52537
68884
64917
60954
73718
58342
73864
53899
49479
61822
68504
73040
59287
60465
53016
50051
65897
57091
67152
65115
66017
54294
75808
59719
54918
66409
51942
50750
59974
55743
57250
56400
55739
60380
75864
74882
48300
76279
60854
47320
75991
59245
47095
47539
53741
68275
69383
73053
60127
63886
67048
73187
76888
71046
70996
47395
74890
56472
68004
63269
46126
66091
67568
60079
56518
70725
61048
73747
50214
65791
70722
61004
69938
69686
76805
56905
67049
75140
52806
72841
64163
56942
61121
76008
73366
57567
49418
47289
74143
60886
53364
65300
76608
68699
53042
53105
49893
57527
57532
52854
68971
66532
58229
75022
66530
61251
64906
59835
67474
53389
61725
46125
63293
55820
64419
69395
76196
58123
50314
48177
61772
60555
73503
65203
68994
56887
74672
57281
76957
69530
58349
74067
58243
61840
48788
54087
48751
60410
71246
48817
52977
50102
61396
72562
56118
72911
47957
50188
70281
60656
52508
56244
60186
61983
51566
72361
68862
65959
67505
46277
61048
50006
78036
69201
66935
77033
72938
45854
78431
53701
46104
50129
51212
56040
54962
52607
54549
47902
69793
49018
70221
62328
72712
62314
72336
64506
63271
64415
53180
74900
70015
76709
69885
66132
54326
69401
75342
48345
68030
49852
66876
53259
59570
58310
53997
71177
50688
67965
51042
77155
78413
64773
54777
69514
67221
74618
48950
60292
74770
52796
61378
71908
60256
58762
53428
46842
77534
74067
60688
52295
74839
50248
69773
64051
72162
68918
50076
71939
61958
53907
51365
53253
76578
64599
65172
65037
62988
53261
52372
67109
73721
49961
64282
54401
54173
51100
73254
77745
62867
50854
62662
76314
73726
48619
57819
51111
65905
78538
57887
76732
74508
61418
74599
58220
55784
49429
74022
73707
59318
74058
59955
62790
69282
69389
62412
61777
72830
64258
73178
73441
78108
66746
52342
51516
50171
63949
47789
70606
77094
52009
60032
47646
46426
60585
54831
68608
61799
53994
50872
64011
60632
66394
62362
50765
59350
60049
53214
77118
76874
60645
75864
72435
48706
58680
63275
49300
60310
67093
69771
73232
65227
53500
68807
54287
71991
71673
70534
53801
63590
48507
60496
46421
76477
75364
63569
60068
63325
70237
63834
59951
64843
52844
51753
73293
52685
62920
60394
51978
67095
46316
68862
68053
76838
49898
60666
77177
53997
66818
49651
74319
51631
69747
66297
73393
55980
65169
48097
47025
56575
50968
52808
77323
73159
70848
50132
67417
58501
51217
71101
51078
71365
72825
69004
56965
48897
74652
74531
73283
64194
68331
64510
52442
70664
57208
61368
75527
51692
50184
46545
59102
68740
52586
73902
74428
77831
63752
68065
71806
56113
61884
54187
47344
46313
71397
74687
67464
70946
63929
47945
74325
48383
50397
69679
67122
55866
49715
68503
58175
55750
62195
70057
71058
52659
60925
46742
71209
59987
63597
50393
63523
56987
68720
63677
50736
68555
49751
70943
54343
57426
53226
46453
55703
55787
70143
65807
59071
62221
54347
74653
68673
65410
52087
77554
50484
48213
62838
51719
64058
71410
54295
53571
78002
61321
46550
52217
47663
55987
65784
56115
63528
75352
46295
66990
67569
75216
71034
66853
60137
67912
46440
63698
65270
50280
53694
74035
56110
51251
46208
67850
58583
70702
69933
49063
77970
58052
69526
67689
66515
62697
63727
74627
68244
49406
47911
70652
70987
67828
46709
67322
62233
72629
67892
49215
48196
50623
52720
77812
73959
46354
65473
71077
69608
54349
63703
54414
51755
57620
48983
56597
46597
49588
70758
53143
67316
56842
63874
48231
69005
65441
73753
75028
50101
64794
63316
74475
59668
46289
52276
54973
50119
72381
77793
67043
55637
56728
71743
67710
78821
59200
61121
60675
67502
48222
65922
62712
52398
65349
68242
52984
73887
72221
49549
78333
66855
54336
76659
48607
52815
55012
72883
50455
54582
58619
74121
58313
49927
51799
49290
67586
67624
50706
52094
53054
54196
62509
78445
56621
73516
64119
68861
69558
74345
64688
52731
78909
50133
72687
54583
74273
55515
66881
54165
56969
51868
54163
46433
77153
62180
51410
67299
78751
50524
74320
67379
69323
71937
68714
56655
67006
75220
63848
74603
46762
68307
57252
48264
58970
61481
74479
75848
54459
72098
77104
51457
47772
64865
64078
53264
54450
78549
72528
50288
73695
52713
62659
55179
76467
64123
48220
64591
73780
60432
63967
62597
61402
62918
69439
51294
46814
56970
68615
56399
52917
50570
53240
71967
74967
76525
49396
55871
49092
61634
71707
71257
70985
59447
68147
63019
71167
48908
53069
52630
70166
57671
52645
76530
56144
74536
60363
61605
51280
51039
52736
77044
64789
46461
66275
74777
72898
62633
58189
49301
51360
48788
76153
56775
69733
48815
66408
73918
47031
53659
74883
54092
62700
55520
72323
62811
68884
63203
59790
63620
61753
50962
78754
55774
49381
58978
61239
69140
54757
57339
61728
62395
48461
53809
52659
49122
49596
57271
54569
71914
60129
49423
77640
54168
71230
68165
55871
67176
68908
63709
69841
59172
48160
56842
56245
75446
61228
63777
53821
48955
47049
54860
52791
59480
57299
66947
71441
75217
69077
48568
51264
74839
65159
49234
63201
55458
63381
69853
55969
70848
55202
54528
64987
67501
59277
61615
47361
56099
53491
78497
64829
58291
56821
75013
78424
71445
58939
54897
76762
48317
68920
77595
63859
68782
46512
75339
71321
77971
52856
60432
48499
56076
56446
56115
57590
59718
58889
51049
70222
49870
74561
64460
54655
60327
71665
64908
76108
64666
64140
59106
50776
62925
68718
60998
55691
73623
51045
60898
48567
60819
66672
65350
63611
71667
65478
65373
65128
57111
56858
69280
66147
77151
71454
57737
54346
68413
59718
62795
70363
72078
47822
64704
79057
67114
68606
72099
77135
77497
57005
46591
77698
58825
46852
70119
54659
69150
72068
55656
77434
65609
76362
54972
63497
61053
53650
70848
67304
47773
67963
66985
74444
62105
47370
66034
55694
59131
49264
78744
69001
69565
72336
49546
49988
78686
47036
53083
62033
66613
62911
75067
56692
75780
55585
70693
46600
56784
60326
59994
69279
46576
58392
68621
57577
69733
64326
66656
76503
54633
70221
74383
59135
72778
69142
63339
58435
78969
68640
50955
49325
50398
54400
49854
68510
62831
77094
73539
54056
55041
62049
56125
73912
64862
71846
51681
76024
65431
64397
46578
78579
53916
73244
78063
64123
78345
49224
57995
70087
68419
60857
60509
67169
73412
59854
46553
52544
52147
72929
78975
47664
47544
59084
66642
67195
54542
64171
58508
76482
53466
75748
60560
69676
74683
78949
68896
56515
78498
76845
78288
57114
73188
51726
71354
56627
58509
56753
75380
51873
53752
53978
62527
76266
59804
48621
75393
73007
50473
70066
58742
59919
71892
57941
74274
62664
53742
55729
51594
63135
66492
49357
47139
62339
71299
49831
65931
78573
60642
52273
57463
49162
62308
77210
58093
79132
52822
57550
75443
54814
72150
72000
47623
48806
61485
65767
62608
75536
76383
50822
56469
66777
69376
57649
60525
68169
58184
77069
52278
51541
70250
50519
54218
64963
57122
49064
59631
49807
54157
76919
69070
46734
58174
65759
78759
54353
62350
52642
75202
65868
48691
59247
73897
71735
49685
58464
59796
62133
46685
70343
64037
79412
78798
52522
70741
59412
67672
53132
53935
68875
59626
61934
67772
55240
62857
60438
67518
76502
50079
67215
72608
61892
58005
56561
54318
71043
69283
71011
61058
69647
67047
78173
62142
58193
78773
56243
55809
63301
75311
55247
53395
74584
66069
63037
59491
59156
59614
78446
53172
71166
66823
56757
57363
64191
77995
64406
72076
79235
59988
78656
56861
55711
68625
64088
65899
69238
63688
56568
65716
47005
78798
67320
63237
59453
71349
62060
74157
75193
72037
57197
67825
48529
57454
63773
73985
78471
66973
52197
63275
66816
52942
61697
48975
55980
50944
70463
54675
51561
60847
78083
67671
51557
61534
49039
48748
70275
74355
70529
52608
59649
75591
78493
70877
73047
66174
62157
77908
50018
66196
68198
55155
58561
47545
62893
48383
78464
63711
54682
66206
63987
65809
76764
70867
57573
57094
71708
66351
77043
74998
64134
75974
72242
63148
73606
47329
66840
72669
55503
66546
60313
68792
75682
67789
67984
76990
56397
75284
70753
75732
52978
65523
55772
75158
71049
60942
50789
50927
56104
67000
71250
74214
48258
70758
79509
77755
52655
73315
71835
57651
77099
79301
64884
52528
51232
48543
64563
77188
78824
60792
51096
73223
49357
76028
63212
53736
76308
65522
54829
78656
67387
60014
65899
73965
57982
70984
53106
48797
71840
53964
53161
68393
58855
66483
57146
78117
50281
68691
72051
50613
65414
76306
75629
59809
73910
48416
78571
65708
72069
55910
65668
62242
52955
47545
62725
77233
59777
54356
68113
54137
69601
51077
62986
54886
60685
53158
68405
59838
76035
61263
70168
66294
79408
71370
74535
56522
71730
57287
50080
77965
67554
78161
51636
72125
71826
57345
52199
55258
49811
73330
73657
57976
63227
53748
76678
66452
73892
73605
69547
60452
79480
50429
60138
63217
49900
70280
48656
69033
66763
71769
78548
58416
68917
56477
51715
65080
65255
77230
79066
78609
53949
58506
56755
74690
50548
76675
58341
55128
53941
73016
69349
61822
57679
53187
64689
79694
66757
73780
69486
54887
63496
53823
56911
74304
79237
55345
77242
48060
53346
55080
78502
55038
62213
48004
75080
70526
75479
61849
59118
72284
51527
71334
48939
63221
53777
79371
62516
56757
52928
59062
49802
54572
79729
56543
63449
62819
65755
50165
79136
78192
69516
62680
72723
57160
61557
56392
60350
61909
64169
75166
53354
72008
48738
64953
60100
48561
58693
66108
53820
67532
59367
78071
71340
60446
48271
60322
66874
60481
58174
58321
78975
66173
62188
66340
72681
60312
68629
74686
47709
49902
54388
77049
69665
74948
57359
59480
61434
51929
76659
74430
60305
55102
68417
60893
57115
49512
79081
71152
57401
72068
50358
73645
70685
71178
58635
57973
78063
73621
64236
70351
77423
52978
64447
53524
59867
70006
53332
69740
49427
59285
59684
59896
59643
61873
59350
77905
66337
48944
66056
55090
79520
70609
65867
66417
53316
71488
66671
55092
77294
74472
58882
52833
63802
74248
60435
48982
62816
79881
75067
54235
58456
73999
71391
69204
51010
65742
73903
77628
65028
70559
47474
69326
68149
62930
59654
48901
63802
62790
74658
68039
47534
74040
59999
73565
57352
68697
54519
67879
73335
62755
59596
78990
62481
51308
57644
76345
55085
78396
52435
50564
57101
78044
74929
65582
78017
56879
49134
75345
78663
58181
51500
67224
52983
51758
71948
62124
48159
74252
72179
74735
74986
76140
71950
55405
73350
62167
75923
48144
48517
79779
63306
61971
51588
52495
49485
53944
54283
61328
48652
78142
79541
55397
77715
48653
48273
53617
63248
55605
64199
47946
53903
59670
72831
47502
75785
67936
75262
63862
65949
75327
62226
50861
73501
55247
62641
57954
49356
70102
61917
53404
69478
64434
53194
69581
50529
66704
75075
61099
64883
67551
73034
62523
51796
71173
60671
69166
64453
79184
57539
63857
79057
77615
50332
71936
79699
48546
76763
77563
67768
77039
56317
76795
54278
50583
57040
67750
77085
70280
65495
56705
71998
55188
47342
77062
65737
52258
53809
70647
61003
60963
47387
54257
48823
65864
53995
60484
75508
69234
52812
79106
78488
63339
79924
77910
73716
62163
55309
67095
48464
66653
71443
56733
76663
50491
63229
68052
76151
69846
56287
48014
52642
59843
77135
77342
53208
76530
70343
66082
51465
55593
53066
47776
68597
75953
65610
69717
64310
68432
50122
69449
65665
55927
68032
78503
67881
61883
70845
62156
76772
52617
60879
63902
56274
66070
53159
61727
52411
73366
52471
73794
60569
53422
79390
51709
71254
56363
66055
66207
57814
47860
48718
61284
79160
63805
51877
74822
64345
74238
58231
70679
74650
53156
49099
50893
52964
79110
50794
51741
52713
78490
73284
69707
54444
52201
73232
78144
67395
69952
57139
49629
50139
53673
63459
79247
52734
76057
73868
65059
48913
48875
51314
56796
57377
51341
56729
73667
53471
74874
52194
76351
73704
74088
63350
73701
79946
50626
79463
66193
51268
76632
69013
68790
66894
50006
79055
79090
61785
71282
75323
69606
66904
54634
48376
66628
58623
52654
75521
66857
65483
71257
77397
50862
49986
67942
73045
73914
49788
56609
49773
70682
63202
61915
55030
75219
65078
75746
52571
66742
63956
53681
51835
77110
62263
71267
52815
65399
59838
55406
53197
64423
60848
62605
53260
71825
60543
60670
75944
59503
70217
54510
72040
65536
58532
69682
55582
54235
64155
47927
77263
65539
62964
53052
53268
77243
74165
54974
73152
68508
55782
50740
57283
68580
73879
52477
75599
56593
66597
78487
67129
53423
47802
70673
75425
74862
71443
71107
67029
57719
47750
56636
54899
50688
75843
59260
52686
60702
73178
69476
57491
75995
54525
55402
78509
49801
70279
53649
48741
70998
75454
74905
63182
79648
49877
75122
59744
74634
51126
62967
74467
73039
61950
70105
56207
47574
67400
55001
77425
51975
59566
56635
57360
72542
77453
78967
63569
77885
78217
55345
78744
67207
74961
61803
69424
64874
75172
79866
62701
58236
58389
67638
51727
55818
51467
65782
58730
66220
48523
48572
78020
76573
63290
65836
63871
60234
60957
58307
78968
59817
57252
56005
80174
80332
66279
76663
79911
67894
53807
73359
61583
69229
69048
67561
59683
61009
56245
63099
77901
68523
76181
73867
59280
62729
78469
57375
73255
58570
53046
54198
48873
67445
62176
63285
71024
64591
63879
51492
77434
50220
76669
53274
71567
70277
72232
70774
49637
79051
80389
57936
68736
66555
56813
59312
80285
70771
63383
66301
54097
71684
49503
54712
50030
75336
79173
61290
74406
57141
62777
74970
66291
72691
67734
59268
80182
74219
70380
78151
59934
68641
59394
55390
56907
57027
74011
57233
57779
63746
71545
71340
78405
55584
59424
73521
49613
59082
58588
76106
53016
79785
71301
64769
72280
66100
78978
74675
80073
78536
79244
50626
52117
55034
56756
69771
73206
54060
60840
80024
61082
71262
55090
60438
59467
49223
72449
51593
69071
60836
78764
77502
72973
73425
78324
62465
77170
60566
61002
59281
69011
65347
62353
73041
74772
64511
67364
59072
55240
56413
61979
67371
49945
58416
61386
63522
79531
76193
58763
53800
53052
58238
51134
77230
74447
61909
53261
69699
51465
54466
59637
80389
49883
66949
62081
59227
66913
58839
50265
56038
76810
80255
69884
50100
71162
56864
69194
54199
62124
79189
67397
72310
66012
62719
47896
63491
68260
53726
77145
48173
52709
79967
52107
50678
63464
67509
68583
79688
54597
66347
59740
69859
52996
60857
57556
51866
61955
66517
54201
48063
66967
51083
62391
59356
62838
53968
72644
66467
70357
74772
80478
50728
61645
71958
78100
55886
57347
68604
52552
66687
52616
50851
48691
53409
67838
49204
76842
56389
79357
55544
54559
69921
60597
67693
53866
58304
52692
78233
60362
60024
69034
70046
72614
57501
80522
64655
75929
59892
49780
56450
63534
76394
64498
75494
65256
67078
79424
48151
61830
72989
70831
58672
72580
55493
80203
58401
65253
72587
66236
51713
74032
60009
57706
67493
76217
74226
67557
60529
79137
68560
64131
67438
66080
59504
49739
73373
56194
49404
50961
77963
58224
71050
70883
78886
74737
48019
69796
68303
67761
65702
57335
55472
75264
58717
67679
79696
61725
66705
68004
63076
52661
64202
63352
57065
70823
57849
54874
76911
63498
79210
49083
78008
59505
78324
69983
54657
57197
67187
76807
61600
78676
59512
66893
73295
55361
57662
69839
71112
78428
59104
50319
76818
56668
71114
48282
63770
68938
73325
49640
54021
60551
80696
80004
70597
72464
49859
80108
56554
78593
76365
55483
52667
63064
68712
59013
57222
68092
67571
72963
56372
57854
68425
70000
74528
49950
57272
57650
77866
64913
67893
58045
71943
50433
52813
56757
62683
51670
64607
69202
57865
63412
48137
63497
73289
64836
68064
52073
58620
65848
75620
58179
67517
75913
71731
72973
62777
53763
65404
69768
74304
76548
61879
60065
67868
65921
69267
61333
78625
63305
63280
59481
65669
64142
62607
65337
74354
75681
57927
53183
64346
63485
78201
77270
55691
57991
71685
59439
49155
53524
49150
68068
78213
69420
68444
57180
78316
71182
49137
49774
61888
55795
77727
61897
55303
64663
78023
63379
56925
67830
64260
58192
62279
72787
48154
56070
54981
73855
63785
51102
75046
64344
69671
73870
66592
55184
60812
72373
75296
60080
51791
48774
71647
56412
67090
76137
68662
78552
61850
65118
72243
59595
73089
51684
74092
69699
65839
56601
51347
75514
69126
58402
51787
65496
66269
80845
66618
58808
70576
51829
64608
56175
80277
57383
53415
72970
48882
57858
50363
50776
56302
50404
57883
49833
63269
72515
56945
59860
56992
80472
48159
61055
68868
80515
55578
65946
53001
55019
57339
53037
56622
61541
53075
79956
48556
79767
68415
61063
66216
49757
77117
54303
80044
69739
67134
50710
72024
49972
67325
78607
54869
68875
66190
74646
69771
72584
65338
71592
53140
65838
67978
56694
68976
57930
48546
50534
76410
59678
64208
55131
56730
50495
62821
60726
62653
80444
72388
54941
63874
65920
64440
59899
69174
66426
78091
75463
71427
76795
61012
52490
66404
56799
79632
69147
52188
51695
59892
80557
63464
77062
71298
70156
49202
80243
53467
71332
73991
77727
63444
68547
61707
59888
74059
65696
53292
57324
73916
68763
66260
58530
56335
73926
68963
74821
58036
70309
74716
75035
64242
50226
49630
53141
72060
68900
65239
49600
63302
51569
62068
61916
80278
78098
48476
58441
57438
56582
68125
63659
61129
73113
72294
70214
66068
67046
78968
73642
51871
53403
66775
50581
72516
66044
51269
78101
66279
60203
53744
54509
74830
62118
49643
71226
49203
50705
65499
76886
75160
55606
52723
79869
64603
54858
67618
54702
73226
58225
58250
77652
61688
57733
49717
53542
63889
67603
61187
50636
71146
66215
54759
48579
71581
62282
68691
50690
77779
65096
48625
53726
57762
49975
53652
72747
61082
59188
55918
74660
61850
70768
76163
50829
72680
70380
70493
49558
51329
56960
48642
71171
55726
56866
68387
72458
70872
73829
62102
48764
61597
49472
57607
80040
67876
56593
61162
79741
77485
79073
66483
50414
49772
59370
80202
60571
54679
58966
70585
58541
48830
65866
57640
48641
72027
80931
54796
57226
58282
49920
80283
53488
77498
76416
79491
71805
70852
56525
74715
77882
59837
55257
55898
54869
55847
73959
59847
81094
60460
69966
49840
56370
71405
57465
75871
60944
58392
69427
65290
53770
53176
71713
51786
58022
55890
67984
61390
64805
65837
60530
70225
49324
69873
72866
71881
51361
67188
63088
79330
58968
61904
64857
66474
73199
69561
57366
67470
60022
68877
64985
78469
68947
75949
53459
78219
60645
75660
57849
74321
50792
52997
76296
65587
79641
55666
66502
56682
57498
71930
70539
81027
76951
81066
51201
73231
62378
60359
55336
71325
68476
76643
58013
65765
65582
49711
70171
73798
64759
69264
60226
51059
75790
66293
75671
55145
62922
80999
49613
76452
79623
59234
71491
49298
59085
59107
49869
81224
64300
61890
70839
70004
81258
72258
52231
56978
60769
62439
62723
60259
78882
52103
69875
81051
76254
75172
60200
75226
62215
63225
48957
59102
80050
52051
70813
76023
65600
52898
62277
61627
75325
60496
54732
55290
65672
63697
64672
74741
60340
72060
67218
68554
51119
56985
62101
49971
75681
50107
61122
73072
80151
68176
71840
56450
75361
74358
70307
65690
63544
71184
70386
76753
80549
76313
53101
60953
59678
76345
60143
68980
58865
70294
51152
73316
65766
68589
58287
65698
53535
60897
73838
70674
58948
80787
73341
80375
70877
52850
68700
63076
57855
74581
69467
50675
53803
64967
76197
64440
73587
54689
49532
80760
72414
49887
77254
58391
81166
56236
60361
65104
76320
80063
57907
66473
77012
70634
54621
70053
60654
79088
61648
56635
58588
73880
68105
64135
55960
81407
65657
52416
57296
58930
57040
78442
73029
70140
74107
49612
60785
72189
50795
76197
68204
81148
68121
68123
54032
57471
62919
55796
60252
49048
74504
76808
80918
64513
55426
59638
71092
50539
58355
53527
64125
68372
54642
55984
54252
60312
65528
49260
71509
55049
58142
54281
73162
71489
57896
59729
78656
78455
60483
60748
73966
56337
64011
64948
79606
59321
66640
70825
72007
62131
55322
72870
54210
79726
60394
65716
63900
48985
72259
68829
54275
59127
58729
78564
58372
59446
75881
67379
80812
57085
55641
68117
62061
64516
49377
69925
80068
55784
51963
58631
53017
75903
54518
59221
58343
74345
72897
54492
72988
65767
79206
63497
53443
57840
74965
57246
78048
54402
69347
60841
61083
65335
70034
53943
71841
70936
79507
51525
80072
68789
73225
75127
62706
52598
50832
68877
79667
50988
71294
60306
74038
75755
68201
63190
52956
74780
77033
55199
76839
66766
80798
51868
57943
61517
73077
52634
73810
73974
69160
77050
49737
65097
74500
66915
72857
52288
68847
69044
60911
58591
80809
81213
81072
77837
50770
74286
74648
52642
81197
64591
53665
75201
51363
61426
49446
54120
80267
58663
59976
73029
61096
59182
62609
61644
78707
71730
76759
70534
64539
68916
80995
65196
74443
75333
64083
71924
68139
79608
79933
49835
51497
70423
61717
59396
50169
54165
51537
69040
54874
59332
76618
68526
62236
50888
66278
60005
56543
54604
56436
71152
56349
54131
60119
56249
71275
59153
80103
58953
60155
71196
68116
76638
63590
50525
77389
65598
77736
69483
52512
51276
71788
67546
60450
61913
76427
81584
78993
79164
57551
71704
80952
51749
59644
52315
54675
67374
70929
74763
76596
73651
61899
50306
76389
62436
75371
73867
65807
75544
65977
57694
78554
61541
55369
56274
67990
55661
71677
58830
58586
57210
79051
73728
77034
76494
53952
67538
60638
53300
53573
58778
55297
53467
72610
60177
81528
52324
58048
71175
79140
71994
74803
76629
62665
79650
74359
56850
78959
53267
78458
63242
66312
80711
66139
69739
58452
79506
81266
80322
79106
51699
78224
71718
72216
67945
55688
54963
65428
76039
61678
64315
59987
71499
62750
62263
74035
70060
79744
60676
61813
59250
58635
53580
70245
57034
75528
61634
60476
61466
49433
80402
50757
52114
53369
68631
73791
56580
69765
63567
80643
49653
51324
67981
70758
58868
50819
58094
55905
80170
68588
51982
72047
79155
69303
63356
76343
74796
78937
76907
74347
56845
59837
66730
52464
61497
64649
62934
60735
58196
72098
58574
53771
70485
70898
56935
64292
52700
56937
51297
54939
76485
51265
73370
55591
54013
66183
69762
62919
76180
61399
70351
80041
68372
79719
80242
67915
71442
79942
60873
55264
79874
49638
54550
80373
56656
79321
64304
80468
72620
63192
71032
57384
75685
51465
61967
78179
56953
67458
59206
78941
53547
54025
55126
79037
67031
73245
72786
53149
58179
80443
61529
68329
64182
51802
75280
64520
74765
81592
50511
49599
73739
81368
57371
54610
79089
73419
78805
63212
63822
55472
60080
80192
49433
68471
69993
61553
57597
67050
70962
67631
80884
60653
56815
66852
53015
59396
55460
79246
77749
63255
67118
54573
77730
54642
57906
75871
72657
69136
79444
53898
51493
75033
77225
60346
58245
64169
81006
72075
78639
51923
77818
77642
52302
61158
64241
72023
56526
50158
70075
71629
68719
55934
60212
68709
74520
54189
63909
57240
59759
69471
77812
49412
63398
69574
59159
50961
59031
79400
79822
78292
71444
81122
72850
54580
66424
70317
61384
61003
53122
64288
72251
59407
68196
71798
67017
54065
55062
49810
75869
70981
61168
53056
80669
70436
78456
77758
61924
55950
81017
67451
50930
69396
76629
73758
77538
73269
70811
57034
51421
65224
55004
73376
57102
65434
81339
70790
52053
59735
76868
73767
70720
63406
49535
77371
54839
60848
76612
69641
52470
51577
72528
60458
69953
56083
70297
76943
57042
49815
63199
69062
63127
72085
75396
78712
61722
52150
65181
58935
70977
58016
67401
56950
67383
51482
80450
49369
58282
51569
71601
77744
72503
51994
64839
71102
74274
70552
62345
69182
51275
69281
58731
69160
52573
57724
63009
78512
66889
52653
59698
55567
73971
75476
53454
58247
61226
57299
63073
53153
76254
62255
78184
65978
74637
76473
73860
59837
59647
68205
63692
58674
76595
58010
57192
66168
66969
52547
65884
67918
62594
72389
56737
60569
69588
61883
62842
67937
56834
75295
55045
55068
54075
68530
79376
60719
53474
51101
67375
65970
80191
58712
53515
50547
60276
78539
75773
49470
80818
75699
67548
71772
80812
56392
65555
54362
59212
54045
58870
73228
68005
72263
65878
67536
60970
67521
59218
52503
78365
70927
63345
76578
51786
73250
77550
79626
69876
67452
50771
54531
61456
69524
52553
79073
64433
53116
80047
63452
69828
77505
71401
58256
52221
52883
56955
50760
60689
77861
68310
61563
64038
72279
64369
59287
79751
66195
51484
79358
51101
64756
66962
64590
67355
63406
72013
75750
63864
50602
78750
62118
55714
81008
65788
69621
74481
59722
72605
76553
75353
74150
59971
72291
65509
62141
57689
60568
65632
78962
55870
78423
57173
50045
62689
76200
51515
75464
79758
77426
73193
74777
57607
70720
62288
67570
73943
52548
77928
74934
76259
66205
54379
52492
54082
66005
81474
52616
80718
74670
67644
76169
73979
69662
52230
73565
59240
66456
58072
79788
63412
63885
62956
58387
62739
57395
62260
61711
63265
80261
80460
53021
81526
52619
71086
63263
71546
53723
54309
60930
57210
76384
71300
76702
57340
75610
75159
59613
62544
58534
58458
71968
77160
77376
78441
70366
59370
69126
53944
76686
67714
59070
76420
51912
53885
82011
60553
80039
68756
76156
66678
76657
59397
53814
54942
55418
56809
50195
75760
68677
63169
56154
49705
69101
77906
58769
75848
53699
62899
67905
61250
81721
56740
56057
69368
69119
74529
50069
81766
65131
68663
72640
79389
61726
78615
73912
55283
74213
58729
75346
78585
68061
69090
76349
54445
77019
56345
76938
53361
54794
73366
61804
68156
67542
66348
69693
72080
74505
78218
62402
55468
67892
62476
77744
62466
81489
58071
53103
69099
52646
50468
66077
51866
62957
72924
51158
55374
57521
69734
66611
51148
59643
75452
72208
51469
79150
68037
62611
73780
75824
49887
74090
59075
60874
75194
57427
60685
75346
56685
52194
53231
62855
53187
65407
71355
63676
51926
57006
60789
59449
78048
57747
53058
59358
71245
68277
79133
51977
67093
59906
72908
53178
57416
53523
64530
70901
67307
72882
62503
53352
52482
79769
55653
67406
56302
80509
58180
52883
66297
52555
71816
54841
75056
77234
52153
50170
80241
65249
80852
74031
69828
50834
77120
57328
55022
80711
69379
80765
65860
51155
65590
63452
73662
59421
51638
50372
50252
49953
73757
51130
62573
75319
82417
70010
55549
50584
50715
66200
73806
58910
77466
58215
50811
54347
70520
78618
79865
52365
63997
61993
66159
80064
76836
60407
67528
59125
74827
50097
59270
73074
57646
51321
70233
77818
79382
54468
80880
64078
60238
81152
73487
58355
49879
70011
51170
53558
79196
79744
55441
75118
64360
73155
64532
80513
79575
69630
64329
61865
53387
60893
75843
82296
56928
51480
70629
58650
75105
77534
82352
69851
68668
73850
52698
53224
70131
65329
80288
61274
72917
61289
53725
72304
79277
63249
58330
68636
66361
56124
78952
63938
72157
65807
60716
72508
62361
54750
62523
62497
74809
66194
57831
82503
73163
61006
67800
79238
72022
54354
50270
54463
63433
61727
65797
78877
77618
68315
78698
57499
71728
55544
78158
74951
77739
69393
73961
68293
73922
69396
62080
81814
76549
67238
71738
80795
80101
64451
61488
54356
80488
68773
70851
72558
71714
59112
67378
77565
53856
80363
59500
57094
73894
75897
78882
52288
75100
64937
78369
58395
68036
76034
70111
56834
71215
50659
58451
73181
72305
78370
59402
73691
80530
63476
56184
53614
62406
69389
51596
64407
60831
80136
66695
74339
60290
64776
49933
64950
62040
67232
70524
61255
63109
60400
72062
72172
75294
73489
51674
65048
74582
69300
71824
81825
49978
80389
52516
63687
74911
80854
61754
81523
78680
69881
68963
80316
60332
73197
75831
64175
61959
79806
80804
59472
53999
78886
70789
61916
65338
50424
53366
58705
55422
74430
60903
69424
57802
51873
74352
67458
59539
54154
60260
53273
80369
73351
68777
75800
79884
58992
61895
80054
58320
62154
75070
65342
77545
61931
53789
71770
76267
81503
66512
53394
58064
70539
71738
73232
67496
62864
71684
59302
74124
53363
59700
81170
64468
70266
69633
58496
68490
50649
61925
57680
60190
60813
52981
55322
81498
76169
58734
62447
70297
58896
62352
78050
69428
72290
68527
77767
68158
55962
61063
63291
54641
82135
57296
50661
55143
61850
76050
55803
50446
81775
81595
53767
69462
78288
80751
68331
55596
62278
75167
73506
68012
60113
78685
60234
52882
66698
65646
80863
74482
60807
60065
67658
77354
50943
67680
57114
69396
70830
60805
59281
59264
60027
78447
72802
80865
73049
61780
74681
64326
64363
77272
59516
82828
53099
56031
55504
79314
78668
62112
60896
61230
63006
54524
57562
63902
71987
57357
78137
51522
75904
63233
57418
72136
62021
60201
67049
81959
57841
64333
74380
50320
66112
56643
53892
55457
60070
67007
50815
64989
72688
74349
75088
61529
69673
64061
80627
76215
65978
75775
71883
69720
77270
58159
68399
75470
71189
51986
67621
53136
66911
59394
64365
63730
56332
55045
70594
50516
59209
54181
62812
66457
51134
70652
62905
68571
76654
76559
50333
54364
57054
58717
75352
53952
63865
54199
74567
64890
76083
63569
53405
65925
57709
51738
71267
65620
61720
66121
71358
59915
50206
59448
72305
51183
54269
69494
75426
68379
68533
80920
73697
78710
74469
57679
73318
58081
78897
60992
55194
78005
70374
56591
82138
53612
74721
79933
53111
59038
81325
68149
64001
68400
54251
60193
57029
61384
61943
73986
78740
72579
51400
67072
58054
74987
54296
76030
63871
63267
56005
56434
52017
63333
52856
75636
61026
73391
52868
52501
63152
56248
53777
56817
69650
53545
81273
67592
57184
82954
59122
71881
52246
52858
52846
58736
71509
76452
68799
69010
58410
76270
81407
52214
70931
76915
60207
51623
74431
76980
79646
75591
53270
78730
53900
77990
57209
51296
64400
61076
77131
78238
68663
68339
54192
72040
56430
80656
80788
60041
64290
74803
81648
63914
66213
61044
81992
52936
68692
63953
56185
74469
67447
59774
70577
58877
63336
63868
74431
57659
56568
53869
52621
51565
53006
53159
57834
54710
67217
60295
82317
77442
57736
50695
73303
51391
74112
63891
52185
65867
59694
78361
51734
68776
81238
80480
60810
69367
68844
62362
51307
61476
66680
60220
80174
82014
78015
66317
82509
82122
79007
57213
69448
58488
71227
69689
51946
56726
59224
75516
76493
68323
52487
77992
54304
55655
76421
83093
64936
61026
62303
73257
62213
77186
59609
62633
56631
61272
50833
66894
62560
64525
74336
66460
65227
73297
66433
58351
82222
58005
62709
78935
82988
54906
71461
63397
70430
56457
62666
79558
55315
59428
73482
80976
63765
79292
54499
77403
72367
54085
80333
64146
76716
68839
57243
51338
56864
70135
75683
58962
78253
58917
81694
58187
62207
62199
80594
52537
54425
52598
71150
82843
66772
66599
71733
54584
58660
67900
59230
56315
50846
68876
51131
51968
53175
56513
53274
74479
61263
72016
70889
65673
65774
55983
69277
63872
67149
70466
81748
80780
72216
51094
56248
74171
65522
61009
64295
78857
62906
68713
70418
50480
76300
57749
82339
74433
64523
80129
76707
68468
59486
78406
61850
57276
51065
71321
65592
82079
82206
69186
81907
69829
71971
51793
59378
68559
80245
63116
63530
59370
73053
67499
73415
79267
66050
80328
68813
61949
65584
54033
65023
65216
62295
65216
63488
62741
53719
54349
66744
67152
55930
57057
60409
57101
80706
80143
77922
82046
71014
69823
54148
82947
66199
75626
75076
64763
65415
74381
74368
60635
57260
82007
75510
64893
77378
83109
63073
62906
73871
78385
57572
72762
64874
74758
67244
64651
73214
56120
65234
66161
60364
54481
58750
57213
65519
64526
70994
61153
51108
52428
69638
68483
53769
64061
55887
68688
76581
60895
52998
56019
59433
78511
77190
55302
51445
73882
59222
66408
70366
56372
61704
71759
67759
65196
72288
71040
74733
64000
78265
58109
62304
68973
63141
68126
82638
56874
73684
78819
61450
67669
63543
57737
69934
80942
55140
70491
53284
80771
63805
53707
73579
52075
63692
52417
76823
60983
62066
66867
78106
63910
69953
79094
69571
56664
68518
59604
53636
77189
54091
65758
63224
50671
64571
68355
79908
71957
73544
76770
72190
65450
80810
68061
64811
72773
56296
61039
68109
75610
66044
70079
73213
79721
73394
83061
73173
55669
71761
60364
53682
69048
74877
66536
77304
64661
63836
72811
77206
63438
72184
66371
74123
72695
82404
70085
72105
75307
78883
53248
51864
53757
61765
57931
70943
54193
71891
62753
70303
82605
63981
72495
51936
67626
71474
53674
63248
75311
74208
73446
62985
60096
77884
65317
54739
58195
78645
70573
71274
74883
61252
51229
68033
80392
64662
57856
62726
53991
70253
77475
55080
64998
74180
82724
63639
68163
66354
66252
75851
57509
80912
57246
51719
59475
73438
67888
72159
52388
51939
64954
51448
79543
53012
78189
55183
53091
62519
81926
53308
73073
62024
56482
51320
70665
70940
62420
51806
58731
70724
78837
68526
60896
74292
61371
71191
51951
63141
69389
83126
62163
55351
66070
80602
57389
59739
60057
79882
75255
81008
61316
60745
65465
62252
61127
79768
78335
60734
65894
58301
53002
51761
67021
57155
78790
82580
74853
64194
53500
72792
66148
74080
70857
81529
71401
76184
67663
75745
54856
74554
62890
52617
75682
50867
76325
74721
55482
59791
75950
55154
66563
72764
57480
63681
72958
54545
80960
73591
71362
52366
72930
51392
55516
61158
71020
62705
63066
67258
64131
51309
56099
66856
72293
78793
58250
68356
78111
59182
70178
71525
60672
70911
55251
65380
71501
51132
74285
70432
79158
53031
74749
70662
79113
67749
68638
57423
64422
67302
73362
63433
58931
56520
58321
81371
70673
69497
57953
72899
68878
62428
71335
60963
71644
64303
72957
52412
54466
78570
82437
78713
61585
64490
60732
69039
66522
81102
72146
72867
62046
70562
53689
54861
57030
51899
57084
74075
67220
70881
75602
70265
72282
54452
58867
69328
58921
62280
79786
63436
56909
68115
77099
82979
58423
58377
55208
76307
55227
72197
66463
81643
51324
52843
71158
77772
56228
52235
81737
63409
80344
68681
63875
79533
72043
59515
66475
69236
80081
64147
53249
75805
56663
61694
71754
50982
76306
55756
68712
69049
58133
76048
53037
54829
61671
65162
79217
83408
79925
61059
64354
64740
72131
53753
58396
67559
77480
57852
63354
63000
70843
74328
53803
80182
57161
57204
80904
78475
65545
82810
63652
69929
80977
83640
67109
58740
66185
65351
81491
69088
78817
70634
69103
57596
79423
54840
79430
80048
57979
51198
52486
82626
74447
69599
61007
80543
54665
74045
54541
61529
51203
72541
52614
82156
56789
74693
79407
58309
79945
81897
66244
78213
61968
61959
62871
51202
82739
73040
66345
77710
74060
62792
70647
58749
77813
64623
71830
61409
71041
54817
74754
56984
67562
61371
65588
56713
75275
83199
61682
80938
61711
82874
71915
69190
64042
70307
79107
51709
71815
81799
74220
67340
80769
71843
57334
82766
77077
79186
67880
53379
55447
61928
60815
53073
59813
58077
51670
56200
55130
66350
52247
52650
77763
74240
56049
79275
79767
54150
53979
62197
78370
59686
77239
69039
58755
79063
51371
79167
77591
72654
80940
67597
80949
80985
64091
67722
80668
76555
75669
58226
71721
68377
57669
60238
72526
67076
59133
60732
63935
59000
55750
82674
77806
55925
66996
83457
79802
73900
59837
67671
61155
75052
61898
62984
82370
53565
71439
83022
60983
70284
55960
53710
62178
56713
52773
56348
65174
77582
73528
77442
62474
53569
55404
77309
54738
59323
52488
59017
77454
67306
58068
64926
51554
55987
77356
77307
52902
73820
70738
77986
71902
63402
59401
79652
54764
53062
78943
56094
51332
61541
76234
75524
81377
60840
57718
72733
68534
63809
60126
55759
76392
58968
55194
51741
81786
55725
80247
63342
76873
60798
83661
61328
62713
52395
71949
55292
70575
67864
80282
71516
68608
78163
61658
79946
53930
59767
68492
59739
56706
68432
68188
81500
61358
70079
61364
71387
62996
54112
73686
52714
67602
53355
67368
71455
57456
71640
64206
77023
58003
67527
67454
78812
65523
60702
74384
63453
70095
83572
61781
58814
64287
77358
72362
59063
75466
77799
54989
65761
79385
68886
78191
57589
62315
79082
78346
78167
56619
62329
56948
57940
56576
72730
52149
83880
65347
78607
78102
77636
81590
55912
78202
54606
79987
67107
52977
55656
56354
80792
81035
71989
60527
57365
66154
70681
58300
56005
75803
80961
69906
69078
55591
55524
65886
60122
79844
56776
67802
75374
53905
56327
65737
53018
61090
61459
68967
52089
73305
53496
65568
66458
54422
58593
76288
80293
60144
65246
78443
54722
52740
76260
83470
76086
82957
75030
78357
60623
65974
62786
81822
65155
65836
77743
58222
74324
53110
57878
71139
51831
82953
80878
59178
76468
54935
56556
74674
72464
67369
60619
72929
69034
68717
57417
59909
72675
80977
69490
79245
61121
58064
65824
60025
67222
64268
69571
54799
75228
65182
52062
70096
58212
81706
81106
51626
75696
65078
61023
78447
72093
79676
56680
83078
81476
53245
80246
69345
53283
74521
70784
79406
70008
71901
59498
62546
73198
82524
71115
76819
65403
76481
81907
58644
68233
53987
76333
82951
83284
68378
64065
54046
56979
73554
66621
77506
63322
67933
66421
60040
83007
73102
58569
82529
51644
58755
67110
60433
79828
73026
69456
72930
76025
67208
83934
71577
84014
67165
69254
54953
74345
82156
54682
75431
75579
75666
84179
83198
72882
77109
65614
55012
68223
70871
58580
52364
57428
69226
76126
66717
56208
71142
64984
82916
61470
84122
57126
54597
80026
74943
75877
58872
78262
59219
51571
61938
83165
64549
83633
54432
58902
78892
58887
53723
51498
79388
77097
76569
61961
56635
70937
70880
74858
64113
71406
73857
63154
76703
62931
60930
68631
81202
59986
80476
80389
51704
70355
73191
72896
68914
52575
69394
57164
72426
57002
64855
80522
62087
68177
71790
61347
73630
65632
71617
82345
56587
82967
71201
78460
60993
61422
54711
67307
74462
64214
65597
54812
80003
58050
79726
75822
69346
57446
68026
59420
57880
67646
73535
77029
65342
64723
78581
73194
75578
71226
76840
63127
70619
74461
60460
60741
54054
75134
74828
65887
60650
78968
83971
62660
67227
56904
61295
62573
63836
79693
81410
78928
69214
62668
74107
66180
54633
80183
64788
71077
51640
62895
70909
72314
80138
66759
52746
83157
73974
57995
71081
59323
63103
75201
67094
55493
68584
73326
72402
74438
67786
81308
67921
52142
75875
76379
70130
78255
78385
75782
56629
82846
57535
78279
80169
71835
76480
61277
52003
76532
74330
59165
68021
80455
57028
69943
70366
71911
74771
77883
78463
59521
81233
70364
77070
68096
81104
74483
74382
83117
71357
58823
73151
59547
51704
53643
74642
61506
68387
72744
55007
58730
75258
59197
66650
68939
67810
60772
76484
73714
77508
70840
54110
69350
56091
68244
52899
73484
56396
52381
76086
55752
84023
82690
60698
72037
59147
53250
66337
79031
82014
63663
84135
69118
65149
68338
77183
67854
72704
58576
60974
76973
69538
82155
81495
62269
59984
76876
63351
69275
72576
67935
73683
74566
53188
83007
56750
81604
73119
72756
76478
68929
62615
75387
56289
70266
66187
60997
53517
59865
66375
54785
57733
53729
77398
73182
55379
67277
79639
78732
70898
77940
70420
77635
74827
59248
64142
74247
58851
71039
55133
71978
69970
79145
71159
64274
77815
79012
68814
74045
57066
65524
60895
54145
60722
63062
63111
67737
76344
52959
53657
69597
63612
77921
57263
67665
63623
65678
55741
84193
57377
77408
66028
73195
53699
64440
54949
65534
84047
68165
64491
75746
60159
77735
52975
74712
56731
54484
55262
53794
57584
58555
69118
58566
55165
69160
74233
53904
66159
56552
82553
55638
68304
60973
69364
62847
76539
82996
77002
62150
68691
64804
78477
64060
77108
61754
56735
82316
58154
64547
83459
81795
52577
62889
66669
68048
52061
73106
65179
81928
52203
65221
52712
75757
67672
69039
62495
57071
65504
67045
53901
83187
83817
51979
71514
66644
65906
53492
70937
56103
70214
53002
80029
68036
58485
82673
69902
68226
53636
67175
73277
63169
66276
64623
55605
81198
57121
72110
76563
68930
55132
52245
83479
72716
76027
67008
70906
75313
59295
61214
78978
54065
58198
66643
76629
56811
81683
74202
54283
75364
52059
83055
77190
69828
63808
65580
66950
54689
63891
62194
78200
75648
56406
79370
84367
53657
83056
70412
72214
78811
66468
65536
81669
81968
78532
75460
73170
56578
72226
64430
78217
53502
65096
75633
56607
72728
74985
84037
79876
57807
75287
52802
67831
84146
56757
63245
58142
62243
69936
76983
72022
62811
73066
52194
64456
60590
82167
70950
70589
72720
54924
52659
53683
78297
70580
54071
57775
72389
73669
75522
72150
67135
71443
78952
79671
65503
52835
54886
56556
82481
60067
57481
67937
75448
73944
77580
62963
55090
78423
66112
70845
74782
63800
76081
73902
74876
71944
81799
62431
66260
75710
66218
71716
72569
58096
66090
83426
53263
83271
77661
83232
78923
69681
69706
58592
63482
73173
72133
64687
78405
69452
62684
76923
62003
76558
78706
52901
79983
65450
79914
53335
81484
73403
54663
58392
77318
66583
59473
82589
77899
64841
61754
60898
62201
75074
61889
76410
68906
84043
69719
74532
58478
83006
83904
60062
63319
80118
75197
53182
78139
72964
56552
79806
76597
68259
77279
62168
65133
55535
60324
81682
68505
54609
73540
60764
56260
78142
69303
56536
65102
63521
76552
82041
67637
74133
76214
58063
71826
70616
52569
56353
67175
76412
74120
61117
72599
71008
77307
64908
65846
74719
58605
53481
82179
53319
53444
73139
65587
73613
83188
66209
55153
76095
71201
61398
60450
56249
73092
76982
77549
53404
68495
61431
58235
83324
52692
81403
54651
68825
68643
65885
57066
68433
65778
70090
74641
70931
78082
72978
75215
81815
83520
75390
71832
64397
70122
69733
70334
68371
63986
58362
67439
75818
54695
84840
75776
61291
64914
61985
70376
58102
70302
81778
62480
72108
82045
73564
64074
61086
65350
52639
83486
83140
71779
55063
79309
78579
62122
83275
78480
76809
59850
75844
58145
63339
79081
62107
59260
69041
73867
56278
66023
77215
73654
81141
53552
81239
63572
72519
65590
84942
69336
54658
69290
83581
70948
75539
71447
79705
73898
62899
79392
73476
60370
73019
63242
81733
83612
77241
59770
59830
64135
53187
83071
75452
75185
82699
80594
84156
53567
76596
58461
81804
83711
73444
57595
81960
59980
77083
71807
70823
71731
52419
80887
75885
53972
60040
60466
74913
80906
67817
76159
78050
74574
75407
61624
76853
76504
57054
76159
62018
83976
63691
84424
65729
74501
55277
53912
69935
72100
66518
68107
64197
59787
80291
71324
61610
83350
80850
57249
61544
55929
54356
55061
62621
67239
81123
69786
81907
84339
57750
84414
54353
77173
78259
83838
59987
78384
62148
77065
64760
63729
84461
77766
81307
80122
61308
52375
66597
81632
82114
57952
69504
64306
74786
54723
76367
58459
62311
74286
67548
77770
57434
64536
60753
75344
67477
59527
64300
71625
75154
60886
76525
78334
74247
82357
54545
81610
58742
71793
54084
68988
77055
63862
70355
68477
53370
81170
76640
53299
77506
71547
52697
73764
78931
54548
73643
76639
77848
76780
54834
68376
60030
83591
75380
82578
78541
60386
56592
83778
54968
59569
78449
54321
79923
73195
77639
68770
62852
55432
79160
78325
55197
54922
65490
61643
64169
73018
78277
67947
58597
66740
82511
55140
65457
72869
57079
64628
75495
52820
71038
78505
82539
57311
55827
68038
73219
81095
81350
70632
62313
75695
59711
83305
55967
80225
77744
68613
70787
53522
52744
57659
58275
55783
76394
56310
59218
68024
75741
66925
77052
64787
57925
62792
60342
54404
59026
63748
73241
79635
80695
84632
61009
56847
52445
72281
75889
69130
70489
61467
75529
74021
66268
75673
60923
67214
73066
68631
59274
56134
80014
55109
63412
65576
84811
71527
55746
53543
55381
82099
64541
57815
84098
60922
52835
58159
84347
70795
79290
71309
66743
77653
72549
61946
82602
75083
84373
55727
52793
61197
68225
70361
76914
81860
81336
54170
64634
79181
55222
70736
70598
54171
65462
67097
76430
53078
81864
53911
76927
60360
64291
67824
65969
61434
73404
56345
58328
63258
81944
71253
70590
73760
73310
58872
66289
57522
80304
59249
83384
65348
62651
69767
57676
63619
62605
57571
84549
54260
78503
64463
75603
76760
62804
69437
76846
60500
74297
76811
73936
69070
73516
62341
59617
52890
79178
81452
73587
77782
76355
73654
72431
80274
66553
60501
60751
84533
76362
74556
78990
62747
56105
57952
53085
78979
74996
83835
84504
62121
56065
57943
71672
77359
79995
72777
60554
81345
75116
80123
84320
63225
53786
54383
70662
81024
72855
66113
84023
79735
62612
61997
72273
81941
78198
81360
73223
80273
69292
82867
83286
58690
82495
78725
84922
61701
57770
77736
57761
83167
67821
75760
76832
54243
63453
53671
60645
62550
72126
57556
58989
66322
76563
59068
53367
54824
61877
63914
61624
82633
80675
68076
76752
80487
70937
67614
74365
82711
62564
82091
77582
53050
81396
69776
55067
79964
58931
55139
66932
57692
72341
84628
73815
82893
76144
69108
53222
60573
72719
79219
67799
76788
79618
70702
77678
64607
54455
64681
59048
58670
52815
54872
57274
56347
59050
76901
81337
59948
60356
72109
57755
71642
66117
79372
78430
58482
53075
59610
79239
85180
62635
83125
68558
74971
70384
53377
75288
84340
83522
57774
83621
60434
53523
60345
74379
65225
59702
59638
79715
66330
56121
82060
76098
81943
63477
85441
81131
74695
65635
60536
82498
54220
66482
77559
66308
78147
58262
73966
68022
54252
62178
80821
54491
82059
57945
61398
84586
56974
61377
59339
65407
61679
68410
59401
75857
71260
59086
61501
83044
70806
74825
66005
56064
62231
70987
77762
56289
76023
82331
56188
63536
57872
75710
82759
67506
73569
60361
83382
52800
79536
59507
65133
79223
62835
54894
73770
52912
60145
65016
77831
78130
73125
75437
67065
67751
77795
80287
79517
59341
79806
84392
84532
78702
85544
62975
58603
80274
72027
56074
83041
84211
54904
66931
79459
56497
75374
72574
60666
77895
74270
77978
54183
53182
63933
63286
84461
63521
74617
83157
59152
56368
56671
72805
76573
74072
67196
78540
82218
76003
70466
74181
79583
63853
74030
81130
85301
56471
60840
81169
83582
66815
78891
79324
54694
53359
79781
67980
70328
64084
64289
53014
71843
53874
60835
56953
77887
84951
68947
63310
76939
63501
83422
79265
56377
82580
69146
84223
78956
65679
67817
74192
71872
75966
77151
67816
58507
83884
80423
54616
72034
66602
63522
78986
55007
83963
69714
80013
65442
57553
63735
73901
77718
77177
81399
69703
59253
76626
75907
75739
70031
63491
68088
78947
82887
72557
77315
59619
58078
77279
79881
54850
68340
77449
61382
71000
57675
73268
82228
55112
78671
78384
62382
53264
67283
78733
56405
77662
65438
56974
69555
72614
81446
54874
54942
58225
72603
65781
59999
55544
59175
57199
80916
68593
67701
79451
84819
54697
76656
72323
53264
60243
55629
79322
80833
60063
74443
55474
54719
70799
81849
76591
63216
76423
83897
70396
75939
74147
59461
74044
76475
73804
80879
72900
75024
64014
75501
64647
67602
73124
56532
58961
57520
76117
62372
67001
74616
72068
75781
53073
78591
83330
79568
66591
75139
73382
61393
67921
69071
58784
58828
59436
84831
84490
57277
68166
75205
75840
61284
67061
79691
55666
53505
69383
60122
84471
63581
57267
69914
84452
61193
77264
53467
84958
59370
65605
63156
67116
76790
63681
59369
76304
83000
58796
81042
75096
66842
77917
83194
74288
57059
64397
65094
80186
71551
67083
80471
68065
53631
75186
65265
77034
66656
61081
57372
79179
84496
55945
55754
78657
75182
66740
60603
60829
75665
85411
66206
83294
70285
64369
56697
63365
58993
76343
71242
78117
62420
73927
61167
76218
56594
56733
64323
79803
75921
61458
58762
70515
84041
61907
53775
80908
80515
78994
75275
78573
75744
63483
79305
65862
74398
80874
73224
80872
60183
66267
85153
63835
56714
71842
64617
60970
60702
78172
75865
74626
53284
62629
80364
64507
82333
84235
63177
64182
64508
62403
61858
65704
53549
57499
66140
62517
66517
75312
67952
67329
83420
72289
66193
69123
65577
68355
76431
73691
83884
61142
81019
60773
74658
74424
68108
67726
67860
67353
62273
68966
77729
70063
65864
57719
74622
75627
75935
64854
80059
53931
63097
62583
82888
76209
77155
77637
80695
63828
70951
68466
75459
67573
66032
54924
65426
66741
54960
54994
58807
63205
67263
54853
85755
82367
56005
58370
70365
69715
64729
81870
63447
81347
69610
74739
75235
69043
54878
57675
74302
84220
76794
65946
79980
70304
55042
58400
62588
67843
62625
67695
70285
67416
66698
64379
67473
72537
55264
72432
67409
66363
59220
74440
76722
83937
54413
80156
74038
83792
72396
60474
64709
82787
78544
55033
73390
84159
77303
57161
83689
66058
68775
82702
81567
84824
54252
59183
80619
72166
75362
72937
56547
68619
58454
53610
62162
79211
71464
56219
57032
64366
76787
56381
83541
71153
82288
58423
61329
67643
68888
54574
61279
75314
72585
77911
68851
63950
61483
83849
65170
72911
83987
66711
58265
55979
66600
80604
73665
77515
65156
79639
64417
62198
85789
65914
77429
53774
82852
67069
79133
54010
69293
71416
72297
69603
61969
65009
70803
60835
59536
69298
72717
59258
70331
61599
57213
82691
60178
70215
80135
82023
66921
64313
67786
72401
56720
61465
71853
60706
63794
72947
60763
85733
57598
80334
75916
81285
79109
56709
57479
75197
57443
62162
69860
74065
77858
66476
67735
81148
53595
85715
63786
55977
64158
56233
68426
66534
83092
65603
72837
82069
62947
69056
68178
83428
83538
71385
77394
70016
56622
66746
61397
83206
69356
60944
69280
54715
73231
58468
68334
58492
66381
76711
85684
53752
65773
69646
64553
58140
66931
85536
66950
68047
74111
82189
61962
75232
70899
84801
62530
53820
79700
77113
79239
70245
81779
81557
64200
62495
77388
81263
67210
63853
57646
75756
56364
57019
69404
54288
84080
69981
79220
80343
54071
59960
79822
74625
65164
65727
79655
79917
63204
76322
58431
70825
71844
63681
53567
59017
61156
85991
67231
81270
69491
57269
57159
67273
63515
73052
61428
59225
53542
68496
64990
59280
80160
59193
84120
75205
64991
68715
76599
66245
59073
75672
55478
64691
62517
67332
79769
76819
79997
73850
73937
71457
77234
73534
67040
85863
77064
69186
82493
69006
60243
62108
72698
81781
73418
59960
79780
81024
78347
74442
66411
70707
75872
81159
56706
76543
71489
61461
63945
72027
55578
65856
84650
65815
56654
58350
61760
85229
80251
71125
63679
69210
57344
68459
57616
60844
73660
82078
81083
57435
86297
82374
58890
72092
54345
82136
69484
59700
83152
68316
78615
64650
67139
61857
75249
79361
69199
64943
53681
69252
69628
64637
55873
79203
60467
81636
78439
57949
68479
72660
58277
69118
66832
68422
68958
66603
79621
60785
57145
66811
78827
53825
70347
59336
76160
54533
75888
62598
74941
57448
60281
59220
55060
61090
65933
53841
82167
72175
67913
53681
58777
69952
68650
83472
60408
83249
83885
67845
86299
57660
70068
86011
69528
58668
56364
78140
57434
62164
72685
65359
63649
74752
71393
61060
59722
64684
56681
80077
66385
85364
62204
78799
58772
72268
59922
68921
71642
55665
63296
74069
55059
73376
81828
73693
63202
67205
59011
62223
64600
63094
73265
72963
54787
66657
81969
65341
54567
72451
77982
82047
85067
77403
69833
83168
63223
70751
66852
60450
69309
54765
70239
68161
78198
68612
54736
85576
64718
73012
72984
68456
66307
61267
73988
71755
64745
57714
59313
80038
56626
74255
70132
83214
76012
79245
71672
66828
80203
82145
80169
61299
84649
60557
74577
83185
64715
62418
70913
80101
75878
78881
65331
72816
77281
86228
59949
81871
74077
81691
74153
65000
63475
85561
60466
75298
72252
65520
86481
79994
65559
83257
79337
75732
80294
62265
84064
71310
67994
66673
70143
82267
62641
64053
73756
68687
60028
62047
70518
58934
60262
83268
71264
63018
86002
81895
65058
83813
70980
85613
72604
59219
53987
76497
65324
76267
81341
58329
78802
67648
56428
86089
79250
85331
86199
82518
75546
66860
55900
69469
68261
57897
63245
81877
66079
68757
82872
64387
55946
69756
66315
67052
59040
56766
60728
57104
60602
69219
77045
56405
76784
59182
77255
85442
81026
83573
73601
66413
85879
62768
54023
83767
70019
69199
54360
73398
79150
61521
58828
59763
59443
60690
82074
77654
79910
76772
81564
78686
76378
61922
86359
73365
68354
83073
59958
55108
79766
72296
79894
55395
59513
69250
56839
73043
81368
84305
67409
62928
70613
70789
64694
54817
57829
85197
73463
63377
76150
75245
60058
56611
79830
62737
59625
69762
81744
62816
78398
76599
68504
80597
58750
65566
54633
83786
80100
63771
63852
62934
67584
64777
71260
77913
66303
61939
54888
74581
58156
77703
59352
58368
84151
62919
59636
81047
75189
80898
84769
70388
55913
60419
61774
73059
59074
56712
69006
55730
54564
75254
66054
64135
82540
69706
84234
81654
75566
86355
75907
59475
83520
85023
78996
82501
58493
64179
58749
61724
77251
85758
83135
64101
60222
73744
62849
80827
61161
63368
72754
82912
55377
54091
59760
82444
71325
77692
85032
65412
84939
60584
69375
71535
62780
58944
58609
57573
64883
85325
76088
81738
72474
72543
54896
85210
74053
78278
63736
70532
75003
63749
73883
83964
72691
70788
71024
80652
55451
65157
54270
62763
67422
73817
70820
77904
69927
80596
57913
74760
67361
78590
66543
55239
64450
71435
81533
61307
60679
61326
77949
75367
74753
78057
85522
60463
77200
57608
81871
55343
86127
83279
75988
59153
74864
77008
71738
79519
77577
76482
76210
78805
76048
54574
72040
61243
86467
56300
85806
68466
62219
68558
74966
64012
64258
70171
60383
64161
85682
70719
63061
69662
80416
61376
75506
57441
74121
79476
85129
78339
55275
80626
85157
64629
81607
82246
57709
81487
70437
75753
61130
69092
68570
72944
78540
71706
77062
78723
54602
65913
62688
60817
72393
56705
83382
69058
81567
77889
78127
83373
79961
77349
67796
70732
61529
77328
55246
59564
75716
65962
76273
56553
71579
75772
82938
73050
68391
69178
78101
86025
63899
86751
84387
69734
58101
81663
71481
86844
62501
59865
80364
83683
79473
80557
78540
66488
85528
81101
79790
73930
68661
63989
62511
65750
55271
85727
56309
60278
78511
60947
62008
83605
56345
66813
76417
66598
55455
79681
83634
71701
57290
58451
54855
68222
62874
60226
80603
64030
78632
57556
54766
74503
66186
60376
82917
81303
86519
80824
84050
84394
66091
85326
85878
72207
70669
61944
76037
78905
55696
85231
57384
55351
77271
80596
54472
83175
63644
55180
64010
68710
65746
71246
56854
68810
86665
73722
57117
57620
80915
60333
78234
56928
75365
83346
72664
61791
85183
79867
68276
61447
71568
68272
58276
78729
73364
85126
79864
69252
71231
72500
81248
62328
76894
73059
77743
57213
71676
58116
65502
56629
57474
73702
62548
78847
73763
62600
73316
71533
83319
80172
84248
60153
71782
65324
83245
60915
67144
81041
79454
58302
63818
54754
83430
68668
81684
64058
56896
65671
82601
66973
54321
83938
73102
56716
73992
80111
82990
64471
70181
64290
86397
72627
70072
81013
79324
81164
60619
61277
85309
61981
80515
75005
73863
76605
84130
55194
54844
62716
78161
80208
71257
56430
65053
56067
58749
60871
64575
81816
80718
65832
75296
77668
55320
84409
83484
57316
73144
56056
79494
82863
61369
71761
58093
71338
57020
82670
61086
64123
74525
72144
74858
79680
76499
81951
70570
62592
81560
56766
65152
65121
66123
77347
64863
60188
54418
61798
64461
79023
86467
62359
62055
72402
65029
73301
66086
57643
55986
84124
54498
81349
60160
80095
59156
68543
60385
68951
73440
71233
82727
65178
54355
69556
59884
77935
77545
67891
54833
66785
64594
65084
75717
75154
58485
84140
72809
79698
73398
69866
69425
60400
68724
69218
67373
58960
56534
76853
72009
74942
73160
58926
74098
58754
56896
61945
71418
80309
83398
67727
65598
80467
83251
58357
84358
70545
83129
83238
66348
55920
62243
71246
84737
57490
72286
64824
58604
64076
73017
61962
83668
60158
66153
77360
72640
60319
78032
67478
66109
65436
82175
68634
68097
68579
67577
61761
79053
58426
81721
76840
65176
82646
60919
83390
78057
56873
63400
81713
66949
69883
62404
72358
56394
84156
78539
56365
67675
77337
70794
71412
63613
80845
70555
55995
81601
79802
76331
71047
80740
82488
62463
81307
61171
61357
78265
55204
79794
73822
69976
77108
65087
68228
57343
83825
71027
76451
67831
66063
86409
69143
67062
84603
72322
76783
74914
57177
64967
81919
83281
74801
66321
56369
63251
56677
84102
74780
70898
59495
76325
59096
84088
82984
63587
68368
71026
64980
66070
65880
86772
54716
62867
78017
79261
77972
56595
70059
85788
75998
80476
60123
75507
87206
66973
58574
86139
70512
70553
59212
74281
63599
75527
62784
61967
74999
78137
64198
64422
75573
67069
82310
86730
78110
67265
65345
67590
80805
67834
78505
57874
59953
64454
82550
86170
82510
69839
70326
64577
68514
60531
66660
71654
60452
74019
70461
55078
70792
64009
67023
77346
69885
55534
58323
81538
70171
76634
75452
71098
82455
80637
55440
73867
64058
56653
70903
63437
60561
83569
73874
60013
71141
66398
68237
59570
68589
57152
68728
79044
64451
79899
72786
64622
60565
67250
58599
81955
72349
73128
71773
76607
65107
58341
86281
82320
87009
69179
62599
67093
79575
72777
85257
65285
75296
72864
85231
80659
66613
64549
77976
80881
59280
58551
62072
59923
85860
61201
83307
62901
69771
76785
67913
84255
69311
84090
60859
61480
71182
86486
79693
71929
59528
56353
56004
70163
87099
69762
58033
59796
58721
59035
86854
70069
67799
68900
65641
77464
78545
83410
68103
61761
56781
79998
62123
74722
62917
65923
66639
84827
66473
65384
63346
66049
77068
74687
69738
61342
56350
84812
75516
66234
74714
57706
85034
85785
78976
86699
66124
79237
62534
70335
80738
80078
69706
80279
70057
74766
72140
64457
61036
58929
66458
66103
70429
83637
70603
58604
80036
55215
73136
85318
80119
84239
71688
66394
63211
65828
58227
60052
63562
73315
87338
78238
58917
83556
55788
80259
59243
58925
83260
63509
68027
83891
73929
55692
76919
73886
69678
58735
74266
65101
72923
76472
64459
78618
65107
79667
78642
75999
78489
73255
75402
81081
64228
86584
72439
67595
69786
54924
80154
80582
75388
68397
79843
60136
68126
71854
76199
64835
63899
81682
73587
68480
65926
68585
71327
60259
63268
80828
58534
80721
58072
84651
70965
71695
61150
63573
61057
57292
77372
82680
69598
75362
86006
73177
56974
81625
70274
59111
79062
65068
68475
57243
67415
72528
71578
77090
62620
86131
67297
74686
62192
74114
55577
57706
69746
60397
73343
64445
63851
74670
86203
83216
80094
57736
79889
60643
59233
75404
78043
65405
80940
63714
58679
67795
78960
81350
85757
57003
83178
62673
71156
87553
84407
79994
73285
59306
75882
75740
56111
67639
55388
73146
80381
79644
83267
55488
80181
67858
81926
63755
65555
78265
61904
63212
68149
86146
66916
63209
80792
66764
64176
73477
61635
68941
55460
86338
57154
63156
78148
61283
55894
73100
76796
68598
85995
67428
68148
76946
70090
55085
55845
65886
81680
57571
84971
79314
57823
73840
56539
81602
70995
71629
85270
84376
83896
55402
70494
78049
60666
80848
82729
72203
79196
69509
71924
73836
72813
79919
73946
78215
58425
69629
76645
65163
86204
66627
66724
75549
79772
79460
74110
65879
79895
74741
79685
74513
77625
72223
61839
69727
80979
63557
80449
78682
59818
67047
83948
65828
85356
57287
58973
61478
79592
81994
77167
74652
80893
75552
72228
61524
80595
74791
81396
73394
74698
84365
63589
69112
73648
67894
61148
72900
58935
65885
79539
64219
55462
64637
58763
84004
79054
75890
64484
75000
62528
84187
56811
71577
76733
59588
85650
60159
65262
85890
73958
60123
64597
81117
70558
73942
62852
77941
68335
63257
75661
82014
72872
58387
83897
82702
74362
66422
84093
86137
83607
82051
60073
56954
81536
62856
61155
64629
75799
74919
64340
62011
81148
77272
68001
83501
86038
75313
61725
61093
84336
78950
57661
78481
70727
71308
57420
64865
78689
79138
74335
76324
61344
59217
85132
68077
87254
85107
63575
76156
61659
57043
68461
72218
67805
74675
79765
82373
80120
72852
79587
63117
78342
56753
71726
59710
68025
60877
77765
74559
86247
86830
65630
72634
58404
61930
77903
75773
76438
73569
57089
84769
79621
69387
61089
76009
65330
64628
71192
73708
73066
79492
85822
85751
86106
61444
62794
68013
77093
63838
75662
65648
79796
83876
83041
73605
87374
60628
69724
59762
85352
58715
56777
86187
85182
57047
84056
87150
73378
56353
55572
58604
69780
55947
75414
86697
78868
56422
83320
85285
62132
64712
72973
79036
75889
61580
62543
82891
79939
71833
84761
86804
85747
67944
86935
81252
84013
76736
73722
75379
59862
56004
55408
76043
59807
74544
68947
77932
61659
67552
63904
65776
70286
61330
84396
78827
59334
73708
80402
76501
83502
59841
74480
81323
83168
60048
82771
75922
66427
67405
57583
64702
59253
66660
69652
71826
82867
57084
79837
60168
73303
84856
75435
67156
67802
64836
84689
83396
81498
72654
58257
68331
64565
67794
81480
87550
84182
56283
87013
81278
72911
79623
55967
67863
74280
55562
73704
62409
65015
69749
81564
55621
55345
62521
66943
86682
71104
66918
74214
67088
63702
73273
58036
77396
72576
86614
75656
72918
63614
74834
86069
80752
63058
78964
82035
86344
75927
85181
84948
69367
80788
60965
73209
75243
81425
82728
62213
61193
81257
72577
78930
58519
59361
87350
85347
62298
76088
87764
85274
59131
62848
65276
75563
62896
79404
77086
76241
77592
68969
83845
64448
86630
58290
58004
79450
85953
62366
60751
61477
63723
83965
67357
84861
75041
57380
58059
56710
85059
61061
56021
65893
56629
58755
72417
60336
86917
83588
66189
70178
86094
59207
75114
80788
80476
74104
68680
85032
76176
73857
72629
74184
74118
82340
82880
70863
57206
80454
56579
61701
81752
63630
87776
64209
64588
61999
72458
87210
86072
87426
84551
55503
79539
86232
79477
80696
87842
58382
81355
67532
55840
61538
60258
86228
77348
64132
65780
74160
65373
86769
85475
68040
59105
71804
63357
86982
70919
84269
71294
81155
64273
87375
85462
82238
79887
59589
81581
85652
85248
56989
64933
62892
56377
70376
60767
59955
63499
67272
74304
59272
83104
68298
78709
85432
61734
58230
73012
68268
85039
72741
71749
74657
63320
64531
68290
62169
65065
86453
63003
60816
87101
67661
67164
67122
65187
80827
75443
65227
60547
81558
81709
81855
82693
83579
65472
67259
73838
78501
56462
66027
72333
73918
73576
76654
64597
82933
78481
63751
67275
78417
67781
78869
80163
72773
83578
69061
58405
74372
69734
82822
68822
81430
74561
59325
57941
61100
71884
74426
84739
74545
65042
65515
85222
69793
73454
72528
87376
60190
76493
82735
74683
79169
71349
57865
56312
72110
57479
83148
66441
66283
71553
69962
61003
58738
85510
65770
56920
61444
88226
78750
56107
71233
65097
77589
66565
76150
64991
56881
57744
62390
68862
74939
64194
67884
78835
56150
78085
82863
76553
83889
75669
72855
72971
58625
80425
88271
62212
69807
83669
80684
68937
61261
85807
78077
69049
73167
79025
77028
71492
66296
70750
74724
75434
87314
66984
57530
59525
75746
82066
74097
77962
71387
61202
78641
62988
57234
77241
65624
63937
65650
65429
83147
63689
77745
80215
56463
69868
81538
75697
57491
80420
81037
62722
67024
63835
61340
70197
62100
77941
62359
75494
65051
77713
71346
85191
69216
60300
83429
72259
67634
64967
73117
82017
66954
86315
62129
81898
83484
73834
59287
63950
69164
76167
57816
73412
59299
80536
62401
82481
63842
64459
69211
70731
59606
72359
69534
67454
63949
80532
65762
58639
57480
85662
72086
70911
64017
82038
55860
73010
57039
67769
86900
72656
66391
72821
60865
82156
56197
87018
83177
68451
78796
77453
60440
85255
79050
71763
77319
80381
83231
70699
73073
67428
81280
61388
68039
56631
74503
58546
76836
73589
56269
84579
73859
86655
70075
81399
65328
73409
79773
58071
76412
79764
58488
73925
74933
76131
63774
66333
66133
86797
82943
73050
85114
69259
71490
71899
59286
85203
66837
85992
86632
76028
79425
72176
86315
79522
69377
77076
88333
69516
71188
80106
85986
58508
86545
73338
62490
71079
69883
59789
65776
71030
85525
61224
58085
72652
76279
79187
69741
60314
76002
67614
56040
77839
76625
57318
84947
79107
87248
64725
57920
65173
87313
56232
83075
66579
83773
59317
80431
70171
72584
69164
66113
71680
81672
71325
88474
58479
62919
58554
83379
70995
72471
67423
63372
81653
80933
80079
56037
69224
82129
78913
75185
60196
71357
66715
64456
56305
70308
77949
64220
78599
64494
59265
82606
83315
63105
70849
85377
78268
81625
64154
77007
63943
60507
80816
65084
62456
77286
62770
77000
87962
79020
85600
86600
59521
82240
74058
85271
67053
67311
73946
56841
73906
88404
73748
58016
56470
88103
56989
65411
57595
68950
65146
85803
72894
78167
67355
59616
65886
68028
72088
87012
63841
71176
80442
80622
73203
65217
86845
62425
61393
64198
87252
77726
71525
73443
71278
59008
61490
84899
56632
87174
58227
77157
76771
72238
87551
66226
81831
87392
77168
72910
56968
83617
77956
85645
56024
87689
83652
81256
61437
69495
56163
84176
56436
57219
59240
64451
56598
79540
59152
81052
60826
87412
81517
77615
62044
57152
86356
64789
77660
66980
86646
63557
77962
57191
69069
84964
67393
81923
78394
77663
65809
74583
56940
85942
80833
65952
62723
58139
80532
73638
64501
72379
57548
77619
68401
59100
62829
86985
69251
82216
70723
57236
57016
61768
77862
56478
62978
65461
68221
79426
82846
84683
82945
71395
58035
61984
60100
85470
79998
68627
76145
86460
81324
88488
64469
78509
63239
60563
68766
69938
57685
62354
73827
60697
87165
73984
78309
57518
74220
57256
74645
72752
62007
84439
76374
79234
75266
71349
87427
73763
81440
61908
88116
57696
69372
61706
63421
87240
82743
72828
82808
70881
61842
81148
63941
56345
84495
58517
81486
61951
73299
58723
66960
63667
84303
76456
88471
77467
80415
75805
56328
63576
75314
86918
76133
83705
75436
56457
65933
77422
83208
71360
88450
81983
80642
84493
80495
65150
59828
56622
70122
64250
84991
69265
87926
63157
59436
77673
76620
71064
66771
70913
86619
64102
75004
78928
78733
57071
69509
72655
80460
64646
58820
81799
82501
88244
68972
84846
61547
84526
61877
61427
73023
84485
57271
56536
78927
58653
66071
56896
77053
57824
81894
86025
65666
60979
66246
56155
82227
59817
75855
78465
79618
73719
74417
81656
75079
67497
68762
62918
73153
88339
78938
83469
66775
70025
57925
87520
76580
79571
56920
65877
73779
61147
63776
85980
74375
81833
72664
86991
86239
68497
74706
75850
65720
73131
68888
65852
56850
88708
77906
65982
79991
59667
71658
85156
74042
59375
77935
66386
81661
66239
88119
75474
64117
64497
70217
69411
59506
65199
57465
60627
70937
85262
67797
67792
70772
73353
84544
79483
64558
82607
83037
76798
76439
56344
71343
79071
65262
83869
64254
62166
59104
66504
57084
73948
58700
76938
82216
68741
63049
57132
87283
80271
62570
72328
78369
58299
58177
61305
70515
86747
82721
71056
59523
79149
86568
79881
81647
62439
56957
69373
83641
79379
69079
71897
62958
66973
81471
67598
69510
84651
58390
80138
70028
69932
67929
83048
85631
85172
86564
65891
79351
69255
76405
68753
69771
57844
65843
75470
78579
82660
78959
65653
60522
58034
70377
83159
78934
77629
71382
63973
88875
86076
81376
67632
82573
69330
74351
65300
57525
88931
80423
59695
70421
58789
56754
83224
66623
64250
64959
63054
76035
73469
76106
82543
71895
70234
84254
77483
83325
80868
79001
86391
87519
75745
66480
60550
75838
70056
82482
58101
81803
76655
59473
57286
73749
71774
80990
82063
57189
85224
66004
71795
60262
84314
72088
57170
85194
58036
63359
74045
59560
69049
69905
82477
66922
57410
76173
76276
71398
81111
73517
60531
71115
56448
73130
82446
58943
76505
88579
58461
70086
75877
80763
74532
88166
83748
71136
83334
56585
62824
88339
68469
61730
84708
88517
58221
82835
68614
71551
75874
63183
63367
74725
64503
57915
70208
69435
69872
66267
58687
65064
63978
57130
57882
85178
86089
57929
57731
58027
83827
62044
61469
72931
65596
83506
56718
61501
77984
81444
82390
76174
62392
83007
60639
61156
87527
63397
62548
58891
61781
75568
86967
74838
77470
57177
86702
84891
64971
69464
75166
63616
72577
67981
64635
58869
79480
58143
62431
59906
67887
63203
72793
77763
80862
69503
68615
86705
74413
64719
77415
81698
76835
71815
83562
64532
70625
65050
87754
82470
77200
63963
58526
66535
89112
62306
84012
84819
67858
87858
65534
69787
77953
82841
80440
60965
87228
64727
67624
87508
61103
60546
61471
76681
77379
77864
86399
59626
73499
64311
85782
77410
66945
86042
78762
58728
67488
87205
66773
88069
63219
83379
79892
57744
85501
85517
81434
72893
79419
83086
88170
78550
76375
71045
60708
77895
67742
88923
85279
66144
76212
60022
73785
66135
85894
87132
60395
78220
65665
75292
59425
68369
74498
58858
71240
69226
60685
70665
85672
59281
64577
78574
79860
88126
76299
72354
56607
83556
61467
72552
87410
70655
61716
78752
78556
74765
63880
56555
76425
78042
68899
78992
76725
87937
87078
66334
88259
64688
64791
59219
71305
61099
59063
75837
75247
59540
75317
62111
64440
88809
81313
66966
84639
73038
71331
70268
62374
60813
71021
87053
86187
57307
88046
73928
68924
74845
62793
64664
65964
83434
86405
60852
83046
83475
88454
71876
58754
80480
80700
59461
67734
85725
60954
82734
86223
86485
73674
71380
86848
77022
88351
79883
66425
61205
61259
57230
85596
85163
70994
83361
87852
79777
74174
73972
68327
62927
89237
68811
64982
88107
59784
72284
83810
63304
74349
70008
86057
71965
62959
74862
83537
74760
73348
72493
76828
82707
83360
80296
79037
73589
59177
58751
58219
86876
67882
85723
73907
63977
72651
73881
80402
65660
71041
64428
65475
73011
73602
82364
62678
69293
59004
62227
83330
67860
58246
74682
63420
62554
78167
84959
68104
57282
82357
63354
62608
85667
67377
71985
82035
82537
59154
66680
76127
75228
67471
86780
64866
64933
85569
80194
77565
66061
74455
69259
85371
67081
84492
68604
87936
85876
60630
67323
72677
83099
73696
76508
72899
70398
65339
62909
75982
78677
78417
64686
73445
61138
60442
80662
69607
84390
80786
61778
78535
63174
82026
87710
57059
80111
71677
74297
65681
87271
71303
77764
80891
63751
73873
82667
78382
81398
80048
77384
72813
74935
71023
57732
78283
79334
86922
74432
68345
75326
71773
63283
63580
74847
80027
65300
65122
78798
79683
84154
60439
80190
78032
57090
81907
72718
67249
71409
85750
74002
57080
57498
57848
58006
85078
73538
81210
68000
78407
85187
83520
76918
80266
60462
80867
63072
59604
69556
79010
64687
79301
62919
87865
58622
74267
65916
65909
82104
80166
70196
86342
82395
65916
65147
82966
77051
79597
79408
57433
76937
57529
85991
73061
59733
71681
66955
64900
68690
70268
58440
69192
69017
83307
78759
82719
62641
79055
88059
56871
60942
82649
78845
88900
88535
70562
85427
69999
79853
88348
80534
65105
70952
72521
71411
61456
56804
86186
68754
65897
80316
88827
76950
72703
87189
80925
73892
62706
80095
71508
63303
79796
73495
86706
69523
86808
87696
60627
59401
72876
76660
88779
87227
81481
60933
66141
57521
74216
65321
74862
56970
85943
67110
84920
60518
62061
78762
70595
61188
62938
79374
89105
84008
62402
82651
80793
85056
58091
88462
84088
80710
81013
74648
67554
82152
68458
71081
72286
81895
72342
79406
63539
60605
79001
77081
86557
64386
76346
65760
59973
58640
70398
74952
63856
67430
64506
80995
62583
75082
63717
79959
83447
67891
84849
77922
86089
85861
70875
73371
84917
72542
83393
57339
87266
81009
81973
73243
81809
66993
57359
67135
65931
89360
89479
61844
84440
83400
81411
58038
71730
59898
83757
64629
59578
59285
75849
87513
83945
58490
85446
85860
58056
77278
70418
85398
59236
59119
83635
64695
84348
68282
78996
66000
81790
83276
76444
81147
68530
59415
76677
65756
58804
64920
82924
58224
71719
81975
79268
68613
75432
63599
60752
74378
69633
67118
63025
82953
65695
72063
57404
73842
67911
89702
85104
75162
77316
73739
70502
88963
57700
75547
80426
87518
81891
87916
76105
57038
73640
86240
88619
81647
84079
71563
61091
83607
59335
67352
59077
64604
71037
71016
59640
70870
64600
75901
86092
71590
64262
66455
62733
87478
86359
69532
58264
70851
77225
66237
62829
70681
77476
76631
65670
85662
77095
57879
69863
73234
57985
59234
57463
74645
81637
77812
65806
72042
66584
58567
60623
61946
63597
72246
61624
59420
83443
66146
75127
58515
88557
73429
60031
89304
88194
79205
71516
69403
63670
68699
87875
81796
89241
78293
58094
88766
80318
86633
68775
74166
58863
58123
86690
82592
72735
74289
60303
66364
69024
78901
65904
57431
70551
57082
69288
83604
70828
75986
69973
84076
62214
89759
67808
62836
71286
83257
61907
79582
59122
64016
78826
87363
84806
83731
79468
68512
65542
60880
69307
84894
88775
77276
64810
71446
85390
68213
76816
70356
81545
70502
58651
79515
67581
79147
78054
81514
78976
87126
70861
82174
84840
79921
58112
69528
82307
67749
86230
82688
57865
58202
83812
72138
82894
85024
74319
68568
73404
64654
86238
79648
71041
87784
68947
68015
83845
65606
73340
85230
81695
58867
87941
63013
69640
78356
84496
57405
80400
62346
89735
86730
74767
64793
83633
64073
82719
81865
65156
79269
82440
74892
85819
89345
81148
76066
67752
58801
58757
83002
58570
67465
74427
87258
84386
83803
65978
73984
89411
68283
68179
75658
73769
71941
84994
84307
65995
77218
79648
69023
74611
65414
71258
67001
81230
57853
80994
70618
88511
58024
80356
72013
88825
67778
77756
85969
65229
72104
69990
86591
87232
67225
60342
71788
88673
59322
66505
59985
78298
75869
57915
69225
75460
84098
73370
79707
62784
87966
65307
62681
67395
68764
82060
76744
72753
73506
72330
88481
69294
83477
87028
75543
76977
65375
64416
69114
87513
66800
72012
71259
87045
70402
60119
61169
74271
58274
65969
58555
70968
66412
87184
64999
72666
58262
72036
80883
67481
85296
64398
84242
70892
72105
66124
70865
75067
87190
80760
74746
89913
76463
65139
71608
76148
84506
88924
77821
78635
71661
68229
85281
65375
89838
61479
79052
75308
88989
67668
73237
82010
84340
85806
84203
78128
87405
63831
74932
82568
72133
69800
84533
83753
67327
84262
85170
79696
89645
74289
75350
64400
73835
75775
82901
88540
71596
59721
62287
80099
89273
62788
80504
77212
65142
62931
88054
67361
77415
80379
62474
85184
71284
83095
83059
57935
80873
78669
75663
83649
70593
70080
64196
73975
76836
60679
77854
69336
69422
80735
59193
60068
82674
60444
68962
64133
68287
78822
84217
81512
85410
59681
78873
86026
83499
66733
76412
67926
89972
72400
77464
58606
58208
57456
76302
85256
89633
69766
68933
85115
88829
83407
70226
87577
89681
72901
75548
71232
82134
78285
82621
66220
86051
85938
76331
72847
88179
57938
59415
71908
64425
65943
64533
58112
63889
75945
66814
77162
85353
60770
60050
66796
83104
84995
84578
72170
62173
88869
76782
78835
75587
64498
81930
66454
83700
88724
77702
83575
78035
86766
81165
61858
69263
69002
81486
87582
79581
59603
77914
62406
66820
66181
60237
61012
84383
62817
80177
88255
80030
73509
87071
84679
63631
66235
69543
62669
79644
72369
78195
75241
59092
77801
81190
63543
68142
67730
79754
71537
77770
66390
74987
87491
66555
62165
83646
66266
72579
85331
89223
80191
88989
66733
60409
71139
74561
72338
87134
69115
72099
83183
78137
87821
83453
79531
86058
70987
87182
90261
81427
82977
77026
81563
77689
68874
81237
66876
84013
65703
73683
82752
67115
58898
64481
84902
86978
70768
84449
64478
66805
68293
88977
78392
82978
80397
85462
67741
78305
79240
83896
75645
80943
81237
76461
83208
61644
87874
71706
74913
85729
59875
61463
76431
89062
69089
77171
88054
65475
67989
82679
82694
60469
76501
89583
89971
70516
62222
78311
76581
61971
84371
78259
70448
77863
75829
88498
75014
89515
62996
61267
90092
85539
66741
88535
80554
87936
58196
63577
78215
63556
64635
71948
61556
76006
78291
62917
60808
89208
59963
88505
67500
62599
83479
87175
64920
76867
60906
73337
86270
81631
77608
70150
59908
85307
88901
89756
69368
83649
72978
88221
66623
88461
79945
68264
59535
77264
59238
60441
74079
61558
84921
90323
60315
61702
74682
58941
58523
87754
80796
70026
73558
78129
85029
82750
72147
59249
80828
78829
75489
84848
62916
81478
73736
87013
85032
68177
62399
82362
71479
65013
58335
79030
67507
71357
67672
62296
89892
69852
59939
59910
66162
65390
84600
75111
72371
80384
59968
85005
79938
82771
58829
88919
76817
68957
63689
76693
68416
81553
81516
65390
69870
89184
82418
74367
86607
65280
62285
88901
63742
62060
87063
78909
63381
59564
61642
90185
60540
74070
64051
81494
75518
76373
70436
81980
66210
73193
75370
80101
68792
66031
88318
87474
75826
76899
60544
83738
74677
86307
75232
89237
62960
72949
68703
71608
70701
65996
70838
64161
71461
71751
68756
71061
74265
80507
88654
71656
81950
80882
58578
59421
76729
58099
79838
67407
79019
67332
79983
82896
79886
63662
64891
65295
89761
71296
73954
68287
71009
78679
72867
90421
62553
78300
67659
81170
67514
63821
84660
87075
77614
75649
70635
80261
67434
74790
78706
76557
70146
63822
73384
85478
69506
70954
80773
73340
81850
88340
82826
71577
64601
72147
86776
87246
90558
62747
63553
78869
64010
73812
87996
80564
73338
70812
79772
82277
66292
80911
67619
76723
73695
66630
80915
77479
60984
64029
66918
60068
76258
86714
84542
89232
69182
67019
58911
59956
82172
89358
68444
69094
89905
72983
88271
58725
90281
76622
63437
75780
83326
87351
87641
83979
82409
72950
86424
82778
89177
77586
58502
59215
78274
58745
77542
68586
87096
64452
59519
68143
63420
88253
70789
61900
90454
69918
67926
82428
85092
67484
73831
76203
80433
85540
74365
70363
90057
76901
82976
64838
75276
61326
83532
60485
61442
59225
69483
60400
72558
78920
86144
61831
61350
84782
68261
72465
61089
86514
67767
70210
80978
80272
74064
71330
69684
80224
87285
62188
58663
69531
72849
90548
88954
76571
64546
75085
65865
74338
77235
87786
62729
72670
63626
78083
71265
68460
67746
88315
80187
59674
88668
60415
69404
83249
69233
86833
80560
89459
80427
74502
82346
71585
67541
68076
86219
66880
80752
70193
67135
87197
61351
80672
79408
86799
73477
77165
89494
58492
85350
69331
79692
70686
58795
80123
75625
74375
73650
87968
61645
79075
66182
78321
59642
67966
87762
74550
73254
87430
73116
67255
74638
77841
89903
72409
63500
77409
58969
73611
80620
71015
80855
78816
74492
83079
62990
79613
60386
81307
78076
77878
77234
60986
82541
66164
86720
73274
65138
61146
73651
75635
73743
76456
66011
88774
76340
68703
71621
79455
87278
70694
75788
86326
88799
86892
64113
73692
80620
63439
83758
63092
82485
64828
77960
60415
62026
84824
64164
66270
71580
82463
62875
80529
74801
63947
85456
61125
74396
80376
79490
75662
87341
60421
74397
81649
87397
68797
65494
65445
83884
90423
75766
74010
63302
62202
64630
83131
61060
71525
90189
88177
89911
67151
66566
66152
61290
82922
79893
64021
81489
90605
80235
62072
79228
89074
76872
63902
64080
70428
80209
61803
70584
77054
65762
66966
71704
88504
88229
82677
63363
83299
67428
78843
79405
80048
62235
75391
76579
77003
62802
65214
71481
87686
84393
80804
75844
60595
84661
69703
81034
77265
61706
79541
64119
59628
84121
90095
69778
69054
86077
58677
78255
67610
63376
73348
74085
60043
77571
66142
58562
76856
81454
62153
60222
65034
87140
88986
82926
64273
67467
67059
78586
79908
79146
83211
80721
63176
63940
90157
61595
65364
78437
89604
75120
58962
81018
70933
84423
82215
59365
75149
69041
69111
85841
81981
72775
86723
68291
89827
66272
79828
61554
86443
71816
74077
88025
83445
63918
68700
70410
76377
60445
78529
70213
70632
81710
80594
58825
67765
64571
62926
70122
86933
64342
61904
59748
83234
77883
90871
90607
67078
82820
75716
71444
89718
85020
60611
61246
71420
81142
78702
71444
87674
88831
81998
83718
74092
85841
78947
67366
89709
76201
87494
58682
66557
59163
84877
86287
86913
86276
86255
70416
83339
84033
74665
69910
68444
86174
78239
87426
84391
61585
84423
68746
61592
80169
87107
60368
87317
68161
87501
79929
61252
59129
82520
89596
90701
61031
90868
85753
78177
85129
86771
72525
83451
79742
88138
63523
76645
85238
72506
75980
74623
58344
65839
65043
63676
75395
77544
90058
78189
67686
62936
70825
67650
60691
78028
80985
85517
70305
86991
77771
71882
70834
78666
80846
58333
72613
83568
59873
66970
68621
59609
84805
73226
84577
89965
64087
90860
59125
74884
83485
60667
83496
81740
80927
60015
71903
76394
66680
88774
80179
69092
82988
79812
81767
86078
63932
77753
90909
82659
67576
87298
64713
60871
90901
59090
80741
81483
70655
71475
90727
73057
67056
62023
74736
78064
86594
84692
60230
85114
65154
86015
76676
87292
90309
77912
67216
72725
73279
60951
90190
63083
63505
84133
78355
69963
88675
89951
78429
84879
90547
61846
74945
71109
84588
90074
58916
73101
65211
86648
67886
84035
79518
76097
71420
82142
89662
71821
83989
72984
79486
71552
84384
89552
91092
66444
90836
85676
89944
73015
69295
67842
65050
82463
89579
73209
66233
67643
79150
76779
60721
73315
80769
90894
64757
71187
68867
81236
71998
64108
67038
60815
70562
88187
80251
84441
63720
72894
59890
79155
91163
59876
70597
85100
67549
85205
90573
88645
90622
61938
73076
87762
85325
81822
61221
63011
58798
63997
66305
68132
62061
87035
58836
80834
84690
70033
77383
89935
59638
73540
83543
59432
73428
82670
59653
81813
74147
84416
75855
66288
89956
87944
69472
60682
86711
80688
79108
61130
84210
60551
86622
80663
85620
71493
78301
84472
79159
87881
68204
71418
59813
68132
72425
73427
68013
88539
72153
90180
61973
58601
85338
91204
79378
75652
89944
69978
79126
68129
82436
85579
82665
80186
80002
79861
71163
76367
88034
61051
61433
61995
70738
81314
79006
86120
77458
74875
90828
70709
71080
65603
74715
81495
69844
89735
58673
66670
83398
80523
77842
72058
61199
76269
78778
90013
87766
81030
79273
59171
59852
70545
89151
89791
63074
62479
67464
88343
60473
88170
76889
68483
77785
83288
58780
59922
87719
58882
77800
83151
89873
78694
66389
84546
80140
76537
81806
70457
78528
88209
73255
72648
73089
79747
73521
85390
81666
77576
74764
65338
90821
77286
76925
68942
73686
76108
59904
61475
75449
66301
73056
62253
76705
72368
62084
61825
82147
69303
85644
80788
79273
61408
82973
68166
85227
60569
74232
74527
90267
79703
85970
70104
83232
76856
60768
72477
65798
63975
59313
85137
77044
86464
63680
85523
69598
90932
83274
88128
84859
75375
68829
62520
77050
80441
73778
59557
62961
88346
70076
63482
78230
76226
87169
87033
59953
61095
81193
60024
86737
88304
72020
61284
80190
66194
86321
83974
87088
86969
83789
80773
82366
87913
60072
68781
84505
82789
77582
90350
80506
79696
90020
71848
60505
63250
65474
64678
85216
74877
77312
91368
63647
80945
81300
81061
81793
88508
63963
67472
75007
67334
84021
85083
77971
72429
72726
67705
74352
60204
61786
69929
90224
87425
82137
66992
77646
91151
74556
79589
68629
69889
71183
75763
80344
60784
71447
68699
87972
77702
68069
59192
70323
60388
72619
77767
84194
65090
72015
73510
77669
91477
60350
68444
86458
71158
77443
62362
64731
67968
70808
74177
60088
68474
69499
66851
82404
68214
60549
76430
81295
61496
89208
62855
70068
83227
72023
65235
90003
74417
73338
80956
85602
80298
75489
87441
72768
61175
58825
84719
80746
87087
77181
86079
85937
65329
63599
66048
73772
66827
67719
87879
86314
72730
69819
62723
64106
76147
72928
83590
60815
81282
76735
65345
82126
82929
77676
59855
61930
60107
59347
75830
79202
66786
84884
84329
83433
60270
62225
88081
83990
74486
80324
83596
71261
83828
68055
89142
67902
66484
67054
67560
69564
71677
66888
80831
76817
78835
71174
79391
75936
75708
63946
89079
71979
77922
86148
67654
64582
91000
91529
62686
69899
65025
86758
73832
79120
72333
61171
87464
89750
70309
79915
79874
67331
69481
78650
63805
72083
68984
61272
72840
80458
88080
74966
60090
63789
81783
74230
64478
83377
69273
64000
63983
79476
66546
76434
65760
63787
86446
76600
81887
65243
59663
72508
81883
79949
70928
65984
62276
63164
75848
87049
62226
83152
82448
79390
68872
84944
61160
76178
67386
71955
75799
73374
81101
87991
63122
72563
63486
86678
81183
60877
77157
86646
60858
72396
64635
76928
77368
65792
72027
70900
77866
90306
66501
68122
81924
81611
77672
60284
85887
87295
65889
69970
65339
66954
83711
63550
60329
66606
68041
87353
82216
76251
91330
75213
88942
75393
81643
69766
62506
66850
69386
76195
74983
79403
68778
61456
81972
70660
62051
71321
83458
71142
79195
60760
63309
74989
87565
65391
85247
83822
77385
80125
87569
71306
90236
76106
82163
78339
85042
79173
70702
75343
76761
85553
88648
63723
81864
65691
83175
85746
76416
61327
68410
90606
90673
69643
67477
79598
88960
80052
88155
84953
86407
88520
67617
77569
85789
61780
65808
79099
89432
69543
85899
82095
64337
65542
63506
86443
82727
59809
91239
85181
90183
64710
76783
78528
80618
65621
80730
80310
64735
86900
73607
64535
86922
79747
63393
78441
70445
63059
86671
76561
73574
80018
64395
62569
81145
73866
64016
60690
78032
64780
84218
77452
86080
75942
67817
67075
91790
59676
78310
61292
70578
90902
67657
83665
67674
62999
88281
74729
82738
70830
81974
70636
78691
60656
65908
75173
91225
62757
77833
64457
71370
78018
78057
88455
60148
82328
87791
89440
65574
72010
73343
89657
77185
89860
85098
73391
79872
89450
62481
84650
76214
68815
75982
62261
77399
69032
89743
64653
71930
75584
81348
78455
63261
73389
61052
63191
87274
64002
73418
81535
71353
66502
84078
86085
68565
74405
63921
64088
73347
88422
75153
78292
83264
66333
81694
86163
72011
73634
74788
91463
79459
83009
72458
84421
83922
66739
59386
62372
91818
59469
81219
78599
77135
81784
68347
86967
74805
60769
61928
87157
60395
63986
89505
75918
84057
65536
68080
79791
61766
84934
63355
69627
85021
81298
70563
65115
62192
83134
71597
65813
76989
67298
90911
84129
80624
67400
87405
80568
73770
90784
60117
76717
83009
62197
73864
82432
72072
61408
91146
79921
75600
89852
70107
61650
73134
59545
83799
69856
87679
91317
68571
70739
59306
78888
70953
69876
76453
80414
76558
72559
89403
68042
60994
66217
81804
72793
67215
87379
86869
74533
64565
91584
73841
84524
82062
81907
74400
65216
76270
83453
83080
69248
91853
91782
68601
78470
76840
74153
88949
88802
74532
86021
60656
85575
88565
90128
59860
61957
80894
64943
83016
85559
87353
88068
79282
74302
91354
63879
67194
73070
66351
91737
66322
69638
89803
62677
82483
75878
87267
70759
73833
69756
59640
63137
70865
65408
90038
85643
82721
70625
65821
72251
61162
67967
83422
76454
78874
73754
62472
89526
75973
83466
61155
81565
85029
88881
81436
65640
91871
73775
69667
67287
82055
75220
80850
61804
85607
86235
66895
89282
81788
83413
76339
85536
68034
86371
63724
64846
89266
73896
63328
61607
72968
89598
89298
73584
85449
67048
90890
69224
68229
67657
78512
72352
63193
68051
61178
91789
83769
88513
74887
73052
83692
61385
73610
65669
65368
67148
60714
62371
91264
74961
68649
64131
76491
77489
69828
89467
76295
84499
81883
92157
61869
78619
91474
62827
62055
85855
59831
81965
90319
71067
60197
75522
79226
73125
89448
89235
60981
60579
62817
79182
62606
86395
91052
67441
85399
91531
74369
86373
63206
66971
88792
72270
70880
87823
74961
82144
87608
77153
75602
76916
78002
91087
88818
70747
88877
65361
62486
86386
76000
77006
79961
60918
76260
61327
82738
92058
79090
70644
64977
88023
81519
80486
85577
63108
73893
69260
82420
76454
80212
65218
79635
73097
65641
67527
84406
66576
64525
59573
67548
70217
79329
86839
78042
85316
71048
60406
66561
77606
83047
77652
90747
86393
65192
69213
84086
70086
62853
88058
90501
91238
75459
82536
80962
84373
85372
76009
90425
71880
86050
86458
86273
71233
85953
86084
77228
67296
81028
87958
70498
79420
70523
69907
91208
74482
76187
84840
68518
83261
75783
71106
64586
74695
73102
72509
60967
76479
84340
86687
73538
63788
66421
87622
72655
71809
91399
63583
86422
86641
71648
91993
62108
71940
60856
63129
60160
79083
75088
89968
60963
77329
65715
69194
89867
74354
69819
86056
71690
65328
88536
62544
87450
85987
79373
79426
84108
71729
71739
66543
70498
60320
70818
62502
79609
79783
86693
65871
78443
62475
84941
89179
88627
77161
64529
60411
76434
73230
91989
85008
71986
84239
71728
90467
76298
84887
64498
87447
84865
88187
81894
69468
81366
70164
70612
64229
68031
79437
62922
79515
84560
86267
60188
63507
85535
92269
84650
81213
86950
88132
64609
73183
91368
85637
86533
86338
71256
73453
89389
80940
77046
90245
91791
72461
61371
67958
60029
72829
75831
64797
81584
65510
71289
82018
83269
68734
89135
84038
86277
62585
74510
71356
73449
63612
66164
72122
67805
89940
92236
65679
87493
71144
67891
64375
84670
68460
72664
72045
90534
73176
91049
79936
84190
76441
85676
80617
69710
71558
76458
64028
75690
92181
79251
74525
70132
78543
68894
63701
62019
68353
82352
76581
87490
78517
69759
79994
89851
76000
67831
69026
79446
92125
74077
88030
91100
92186
65202
81208
63041
80658
62426
61206
72482
86651
64509
84752
68747
83904
78894
65023
63420
79793
71754
89430
82221
67194
67363
60086
84431
73681
86494
79292
72085
67444
88730
69662
70451
85459
67155
83958
70950
81161
67077
89181
76788
86545
80660
90172
80309
87607
80619
65375
79570
77004
79331
88523
61453
76062
83303
76114
91585
65704
91479
91492
77931
77189
72873
88360
69226
87339
72022
90059
65283
67413
82804
80665
69288
92481
68511
79946
79994
74012
63646
71454
65804
71099
79940
91948
77418
87691
79763
85878
82266
81867
67112
62530
70625
77560
67795
61221
82185
88969
81797
68961
80354
75741
74351
84081
76743
65138
88680
77025
72674
69463
88207
74595
89075
66020
69938
86048
80972
61096
89583
64588
73504
79267
84761
81405
86270
66741
87134
86589
84633
74327
87206
89437
81866
86153
77117
66957
73688
89099
92213
72618
60150
76752
88582
83543
65805
91312
67192
90959
85436
62813
85187
70394
62878
73368
73460
74302
92363
84901
84114
83607
65185
85756
67714
90218
65220
87873
66088
79766
80739
77942
84431
91725
73917
75120
69707
91682
89572
71047
78300
62306
68289
70290
76886
80552
61273
72467
82047
66732
86094
83118
82617
87132
91305
60128
89825
76590
88278
79341
86902
92084
66288
69146
92158
62065
76864
85789
74405
77035
70656
85970
65832
87809
69476
70191
80113
89727
60123
77690
82564
85232
61586
87225
78873
83891
79929
90987
77706
87633
74763
68213
92016
90894
77576
60255
65417
76222
61573
73664
85086
67802
63719
78583
79394
92371
60332
91164
82652
77222
64171
82999
68553
91825
75420
66735
74235
78021
92378
68101
75335
65148
76392
71361
71774
80589
76850
74413
74042
63965
83094
78402
89276
76824
71203
82528
91795
67457
74657
72770
77407
72518
91473
75184
87830
82328
82806
65910
75175
91065
72211
70678
82654
83031
76279
82106
87176
82968
72439
62060
78295
87158
62331
83337
79624
68813
76092
91507
64578
71090
77643
62087
62402
89735
75094
66639
78645
86348
68647
72696
60517
63672
74605
72454
88344
85129
87231
70214
73269
71704
85982
64772
92713
77616
80954
81023
86665
91424
74680
92058
79097
64015
64179
82644
73548
62096
92481
62586
66285
68983
80311
84252
79741
84970
69743
72765
69821
81851
86216
80206
68527
70645
86895
84190
87800
66484
86493
73227
80521
78650
76577
63548
74366
73536
91616
68882
86342
71306
70554
61083
64773
61886
63790
74185
89142
64886
73889
63779
91541
84628
79899
67515
83772
88278
90674
82016
88332
85930
88939
70932
69198
80195
71934
76481
76442
62444
83162
62759
81400
85404
80617
85785
76870
64971
60309
90857
82906
61829
83851
63265
75624
73149
71871
62323
69413
84963
60592
78323
75052
70841
62445
61572
65825
64866
64216
63120
67349
92859
90026
82685
77226
89839
76215
87644
61304
79174
75252
60771
60335
86078
76982
81821
63997
60893
62652
71264
79282
71237
71536
86016
82978
88201
76394
74562
88650
84415
70198
79635
83383
64087
62039
90746
64676
87467
89739
75980
63843
73686
78161
83487
91390
67018
76713
90112
87325
62365
82459
77417
74026
75044
80634
78061
70324
74947
66026
82998
62737
76931
87200
76721
84040
73061
77033
91016
72494
65783
68590
85713
86222
84260
68278
71173
87310
82512
87020
84403
66704
60325
92899
73077
84951
76199
91095
85796
82347
67343
61814
69192
82110
63446
60318
63442
83087
86672
78697
64014
69007
62459
71783
79059
86147
82136
74538
76285
62761
63993
92424
86556
75806
71324
85276
92526
82943
71927
86670
67851
87502
69908
91156
90208
82072
82399
79033
74462
83029
72830
73182
65011
60432
67040
73342
76602
75592
72345
90038
62191
70293
91373
90756
78501
78735
80170
80591
80955
76779
76860
64423
73996
75751
88187
80079
81254
68585
91335
82296
71742
75106
66007
63568
92961
90873
86478
60603
91758
88038
60943
72032
67011
69275
65363
60392
67765
61098
72697
64002
91076
80355
90269
67499
81293
91324
63211
82604
85058
85495
65205
87908
75608
72062
68932
82631
90495
78482
79596
66983
65239
80164
87779
73011
72545
89731
67924
91325
87476
62776
68526
83136
86513
79918
63298
86817
92408
68887
68109
84149
88028
83466
61906
61444
66453
75377
85357
61772
74997
77602
88163
73673
61662
62924
62653
76852
69809
68501
67351
90250
65289
79617
88308
84238
72874
66838
62804
61073
70068
62910
78729
67057
85789
83820
91206
80096
83037
75266
87289
93158
73067
82163
73050
75177
72937
68772
92996
64365
91803
78617
82117
75479
85534
63437
88177
76022
64983
70369
74747
73348
68137
83833
71942
76136
83179
80228
81976
70528
91417
83451
80528
69278
87753
91211
78074
79312
83809
86134
90657
78821
82440
67158
82565
78636
61530
85860
90829
64127
86880
92120
69726
88960
67775
65298
91180
87587
61487
71481
78800
71021
83247
67618
71900
76155
65784
76147
66155
74437
71855
92168
66812
62116
93150
84629
89216
79122
63269
76173
87217
83889
73517
73283
68518
86544
75742
60752
82596
74537
76754
61492
78136
67630
75785
82496
69250
65669
61406
79027
83156
62225
73017
85539
66428
84147
86279
88350
74461
69648
88039
83474
69317
69269
67366
91242
76538
90809
91630
79610
91670
72578
63162
92061
61077
92491
79117
73244
81453
84932
72548
81490
61278
90426
83305
86414
69961
80665
66153
73529
60869
89007
93192
80057
62896
82226
87348
64660
83843
74245
75095
87257
66601
81463
62417
79036
91666
92749
63397
72064
85635
79681
73586
70298
81200
89034
91558
70931
91660
82654
79086
73262
88416
90997
61681
92491
61978
83345
63293
81163
65128
88187
76929
70581
87686
65103
92670
74456
87509
61626
89912
67122
92716
90883
80881
70097
77170
66888
79447
69496
81261
85259
82301
92996
83413
75501
67592
70543
61613
62904
65323
69653
78035
66211
75221
70741
72405
82642
82984
69947
81926
71197
81710
68091
81873
90898
87239
77888
66382
78909
87014
68486
87827
80551
75005
77764
87885
88476
79542
83791
90639
73649
74468
62459
66537
86278
73657
84867
70333
91849
69945
62251
92878
75771
85742
73379
66074
81783
61918
63023
83434
62256
81594
75781
63143
90298
65624
76022
62959
90892
91747
92241
80616
66948
80978
64261
90324
75819
68758
66053
66534
80187
66584
86001
90196
75742
76258
70130
92078
62521
81692
65510
82030
65705
88891
87997
91088
67660
71797
75810
85476
89796
91256
77406
62433
89399
84315
84858
62652
73882
82645
87204
79865
64816
62381
82645
61122
84813
85873
66992
76598
61792
68715
64940
66051
85808
61905
90485
92727
61030
87612
70288
85843
72780
90715
75070
68001
86228
93161
73636
78024
67292
64732
78888
64670
92592
88800
64286
75837
64465
74499
61348
68441
72437
85426
78794
89553
66894
77540
90103
88451
82959
83605
90504
77413
73517
62838
76985
64722
65122
92643
83401
84513
88952
88341
91481
74620
76228
88217
80918
90863
87793
93184
72087
84672
84223
72409
64136
92927
64906
74460
82441
66909
77392
72296
74321
90946
73454
71472
63639
86553
63466
77105
73778
80367
86774
88551
65791
66108
89203
77760
89347
80128
77365
87505
74065
77842
83846
77767
81454
66741
83565
82465
84596
83309
83504
75421
63028
76305
67351
74992
69791
70176
82803
82874
75047
81240
87519
91577
62433
62085
70854
83773
84270
67736
67365
61404
63642
67064
87698
93286
65284
84509
74366
91420
69632
62810
71863
91164
70265
66298
63280
90144
86171
84367
88837
89960
89839
87431
65722
83701
65224
86528
88516
76280
65503
62430
72522
77194
91450
72474
76332
87197
86354
73308
67653
84019
64884
62669
75501
61390
82024
78374
82626
60967
92241
67854
76969
87586
93140
83874
74767
76802
79484
66133
75381
67289
70749
90362
88107
91715
65784
82463
92763
69716
89439
75933
74314
68559
86426
75629
91611
68249
89416
81853
61781
88173
88969
91459
72293
74192
65052
72914
83047
75592
66501
92459
92641
78025
77298
64021
89936
87408
80285
86448
78632
93044
89972
87046
85782
78937
73528
62691
81544
72038
88675
63463
81519
68698
66061
63193
64067
90203
89104
74302
72264
77615
74603
61482
67345
73390
67556
77143
67138
72311
86258
74868
70810
87523
75737
85951
74032
76343
85271
84182
69116
75038
81151
92874
72090
88918
67492
88694
71243
86953
90104
92431
70205
73247
75317
66812
87308
93042
61820
77031
87688
80066
89276
71956
70329
91018
72406
69361
89888
80339
71167
70383
75072
88743
73317
93329
75357
64201
93205
78018
76932
90531
63516
83564
85195
78464
61676
72006
73434
87547
85506
61166
69034
71607
83654
70199
75149
85073
78003
84164
66415
70547
67767
83670
84315
68331
76765
71010
80961
66587
66345
73319
61174
70705
75459
86910
73340
69306
80985
74419
74628
82227
70846
77203
73009
66240
85207
63110
80159
93217
62903
63583
81060
84961
67593
89138
78677
76496
75438
82277
91852
62644
62632
85002
66473
71996
66103
93548
69591
80181
70977
72424
71185
78848
86263
91903
76452
76100
65718
77993
77174
82656
68139
89323
93511
88868
84667
85675
69687
86848
91170
69828
91528
77308
80986
91734
66726
82602
79038
79199
89444
72793
89199
65424
73097
88396
74231
89433
69515
73387
84012
77639
87706
62583
74327
63887
76768
73155
88982
73195
65800
82210
85375
92068
76797
62812
76294
73200
65524
67173
64673
69759
63404
67215
83626
86609
87284
65534
80644
71370
88431
88668
89345
91400
64660
84175
67203
71028
82680
87080
72034
85399
72400
87390
90126
93744
90545
62522
90486
75651
63387
65107
76840
75763
66358
76349
89273
71891
84827
72446
90983
89466
84438
79809
85245
84117
88939
76751
70391
80834
78103
74426
79591
91482
91799
70875
77079
69773
90671
79871
88688
80821
90532
92254
76186
92388
88202
73165
64357
89279
66502
82228
63080
81808
87627
63041
63976
87190
74535
77150
79867
80800
75971
70113
80620
61658
90470
75907
88546
65254
81148
78356
90301
71470
75798
75373
61249
66681
66609
88997
86902
76733
62779
77192
90958
69428
75859
80196
72073
67506
63441
65894
63958
75830
69766
69125
65595
65471
64581
89405
73654
77153
79265
79840
70693
64151
76025
81511
68451
61403
83634
82479
92596
71540
68292
81634
77155
90768
73080
67634
79273
91282
61808
65486
61649
88237
66279
92046
79258
75186
72762
74737
84957
87078
82855
66250
92271
76440
79445
88630
73801
91185
70805
70609
71398
79245
74600
63530
93165
70601
83777
85620
76816
61918
72716
74878
84276
92205
85614
86757
89554
64091
72271
70024
81821
94046
70294
77884
75109
61400
71219
83905
91195
89764
71267
63221
67542
73647
70191
65608
84533
82186
92982
88944
77446
80445
63405
69470
82759
79325
62884
92272
85931
72033
82827
89832
61503
81713
66036
82333
91853
71424
66203
63728
74112
73820
75939
62978
81226
62339
73250
74276
67459
85113
66272
90767
82643
85079
63580
66646
78673
91366
77584
74904
79340
74348
88310
92410
91915
83910
75083
72788
72816
61623
76179
66475
79458
77440
89053
65376
68619
86705
66120
85158
63263
89150
80838
64313
82622
80597
67104
93006
65948
89199
91451
92101
69471
80166
69529
77990
82248
86342
82978
68043
68118
86438
77093
74202
70951
86585
62618
91511
72929
90848
93610
70327
65616
88706
63345
73943
89104
72799
64770
86062
76398
83873
79531
63072
77514
66868
69755
88789
77888
92120
88578
79721
83847
70261
74584
78181
82968
71854
93025
89775
93331
85432
66382
76605
73311
62829
84839
78543
69777
68508
77064
90846
81424
71076
62954
63695
80630
78401
63652
77933
63801
88997
71282
79510
82058
69579
71220
78900
89469
86792
93370
66928
84971
82147
88638
61730
90261
73510
65842
62603
79369
75573
88637
63302
90314
63903
76160
64380
77483
94195
88349
73304
62844
82133
89338
64698
79080
76368
66498
86064
69534
71278
88365
88098
90031
93702
64898
90956
92727
69078
71258
68977
63040
70097
81062
66894
84707
92858
68595
93902
88240
61938
79597
79228
70225
94095
83234
90941
79977
83629
89609
85823
72898
80905
83267
80173
73896
68300
93216
74917
62096
80804
80997
67819
85758
61977
65613
75999
84133
74783
68557
75564
89039
94183
68380
76483
86271
66555
72307
75656
78549
85386
68370
73546
88883
90368
63875
93945
88990
86234
71970
64531
83175
91833
88285
87648
70154
62133
83257
74207
80470
74995
84885
89344
77518
75130
82611
87827
83664
89666
89204
92929
90100
76686
91363
86586
79159
91772
62069
74734
78169
64987
93072
87168
82051
69948
66889
84280
91437
82508
73586
87096
70719
77921
74196
76977
72822
86610
81593
79702
72970
74380
81582
78609
85902
86370
80262
73205
76055
61861
90274
91765
71328
86901
81520
81107
88237
65878
69426
71899
82479
70535
71425
83920
89768
85391
71953
71335
82831
80408
87094
93299
69878
80128
75943
92449
91498
78766
84739
89189
84251
93090
75921
76020
87101
71504
90316
92148
70829
82223
63519
90288
63192
72973
75757
75921
79321
83877
94164
65354
71393
74867
85043
80722
62428
85447
79337
88727
88401
84761
85856
68465
80778
65948
90827
82388
67318
70421
71083
77003
69579
73454
62872
73761
74991
72070
82494
83553
84505
77260
71846
77570
89396
89356
91063
68827
76548
86281
79356
80093
79627
70731
94375
85248
80558
74938
89046
93054
73620
70764
70678
67136
63823
76988
94501
80533
82494
83868
84477
70954
90033
86828
80397
86583
78159
78731
84938
93686
77749
63212
76902
72025
89696
69613
85215
91900
70861
68133
70716
83033
90846
93436
67348
70459
70784
82112
67663
63349
71819
92661
71472
77011
85738
85740
77460
63825
66043
64407
76148
69515
69432
79771
86193
62837
66328
82599
62993
82764
76848
76548
82052
85708
92574
62062
69037
71332
80039
62755
68765
66087
83359
83769
62946
84292
66569
64564
66752
71864
70144
68824
71102
83586
92886
85820
69221
76439
77050
79136
62020
94168
63263
83072
84279
94529
73882
65130
80617
63331
86284
75788
66456
92692
80706
76305
75288
84581
65369
64046
65307
67796
63526
82679
73135
68547
63445
81400
66824
64041
79823
62465
80768
73352
65506
88001
84700
63007
84124
93846
71121
82016
89335
64420
75463
74404
81724
90405
89052
78878
87329
76799
70700
67085
73524
64924
82512
64566
65405
83958
67620
67986
86879
69617
81869
75076
91328
76270
71163
68557
63082
74909
72044
73859
94128
87570
91058
66368
93012
81692
81717
77399
77224
80082
93819
78028
83444
73838
63655
88260
89880
62815
73536
90682
66418
73113
90420
65012
88066
82992
77597
83125
70348
67109
79042
92853
77950
90496
89057
83790
77139
72350
93228
66808
83255
68557
93329
68983
65324
70422
76222
67155
67564
70234
67045
94601
73680
79265
62908
83584
73712
62382
85705
71486
88716
64727
84700
71132
88747
68627
91357
69175
83713
85589
62151
75753
93206
87064
73973
66680
78245
82235
78493
69068
65346
77584
76698
67815
87104
62640
83822
82128
71378
84369
90503
89552
89712
63066
78529
81121
81277
67573
67629
88932
85542
80102
87825
76562
67213
66780
86575
90677
71719
72326
91210
72728
89698
73640
78823
89532
73868
64366
70737
86732
76528
72448
67551
87763
66370
91222
79737
73389
80957
84814
66393
71228
76938
81148
69903
83548
68836
87361
64200
87832
82298
70303
66511
66078
86676
64587
63060
67952
88186
93828
69229
67165
89746
65828
71258
74928
65992
81013
71693
73255
85554
69701
83946
68134
73716
82237
68811
87469
68450
82030
84295
63368
69733
74029
84532
79045
72992
74017
65130
67947
74707
63130
89034
67945
83967
88356
71039
85453
91851
63581
67460
82486
65190
87299
64358
91788
80430
77905
76364
88302
74320
66956
73780
80876
80817
82393
91263
85239
70477
77393
68528
81685
65119
82007
71281
77274
70016
82985
82391
81043
70418
71094
77030
79300
93407
89008
63320
81621
90366
63713
81306
62472
67063
75714
71192
65710
85542
62538
62394
67483
73317
67588
70062
94167
79845
64612
85097
92566
63837
75611
68584
81770
80743
71209
74556
83896
85030
76403
84293
68201
85549
69013
69310
93921
65180
93753
62841
67125
75404
80937
68844
83352
80814
87649
79853
83223
62510
89961
65466
87687
86494
76769
71740
67771
92304
65373
63885
92922
91075
68468
78519
74927
69507
91412
88511
79203
92298
91160
81122
94441
63403
74013
80158
68568
64625
66961
88564
85055
76547
74252
75373
78483
65866
81636
81755
77548
63318
88828
78561
79473
69374
68828
76085
85265
67271
64007
85669
87925
78856
88200
73432
84274
84043
77519
62807
66370
67061
83387
67403
63157
75818
65784
76425
90020
66027
70027
69067
76903
71809
79531
83520
91399
81183
65747
87624
75510
92611
84757
70008
67838
91485
89777
66021
64376
95027
62694
78495
63678
70020
68360
66427
72163
68459
81107
92694
91041
90631
71935
82966
90002
86233
74772
73395
87459
94573
64896
71543
80327
82493
88807
80449
74216
70866
85434
65680
88099
75564
67339
87550
89396
93284
69024
83467
93999
84112
72262
79644
92274
82919
69223
87748
68311
63782
80095
72513
68398
82738
89356
65098
94442
93694
77860
87304
73242
93871
82124
92514
70555
91902
64742
79997
83340
63454
84394
64131
70659
75615
90616
87972
80894
89555
93932
93787
87197
81455
69300
69363
76942
89524
81310
86089
72648
73422
87413
90579
73084
78652
71438
81633
83528
67953
94750
75555
92847
76090
65358
65644
68038
82850
90258
66997
86063
64019
64438
92005
83787
73917
82746
82128
66732
65595
65887
67325
93641
88692
88450
87212
91126
79552
95145
79767
93331
80205
67164
90873
76163
68032
78518
93005
79328
68895
91835
94040
80620
63214
80364
86633
86347
62872
63513
93152
66160
65041
85623
85997
65110
64186
85746
71066
88432
90501
81348
81420
91874
62809
89415
73989
66289
79544
76807
66222
90552
83871
84252
79508
79389
83629
94903
95216
83204
91528
86778
81707
80067
81533
69389
68769
84181
77158
85102
65702
68050
77777
73864
94406
63902
69726
73352
68177
72673
90473
63340
82456
80568
68329
90204
94577
73643
94104
78654
83073
88286
93525
64901
89530
89739
81094
94537
86690
76975
62529
93341
91606
75012
78317
68381
74319
85296
78116
62918
80869
81212
85788
91403
88337
86599
82631
67876
76279
63868
68599
85162
94372
75585
89542
75105
89748
85681
67637
91989
93047
93517
75027
85544
67892
65262
68641
77994
88367
93695
86643
70314
83656
87016
88345
67852
76580
73165
77567
74780
89647
92537
84498
87074
88289
77461
88996
64567
85185
67614
82962
75606
87208
78358
92580
70582
74440
69497
63156
67671
85996
85106
82707
75995
77825
94415
93352
80792
85974
63155
90970
71147
65568
80266
93233
74447
70081
86338
90039
79790
75594
77241
75685
76663
81854
67185
81851
91120
89753
94859
81392
85326
62736
81139
75211
94211
94363
84184
68369
71895
70321
72287
83872
83770
62930
87960
84123
87512
91083
87473
79559
69999
90422
67177
65077
78301
70208
88520
63778
92542
89263
92173
82459
65204
92963
63465
94565
74695
62875
79082
84379
65776
95036
76346
71577
74928
72014
87433
84377
85606
84872
91720
65948
83745
90509
64792
75532
81075
91574
65410
80799
86791
78098
87016
63358
90036
67755
72123
94375
66513
73739
78319
86415
71692
75007
76716
90892
73462
80027
92487
93555
78241
63870
70000
79101
72301
66392
73901
71024
70175
67497
77575
65787
86835
91083
81410
91745
63348
88114
74451
82522
86985
83187
90318
90166
83538
69507
67614
69059
76467
71105
93368
83569
92336
86583
84370
72116
86267
71069
74767
86186
80969
63903
66494
71422
73899
94433
86597
76556
69916
71743
63384
88389
88918
77145
67183
83669
79851
85583
68854
85892
82064
91849
89542
64218
73916
93755
91412
85127
78962
88935
89640
95234
67930
94499
64785
73583
62999
84060
90264
62918
80853
80731
90226
64562
91681
71239
68538
92855
89342
78059
93086
78872
89397
87482
89688
83192
84716
72208
73312
81471
70266
68539
84447
77503
68474
87994
65127
69656
70174
85572
89314
68312
84679
92173
68041
83431
82898
78020
64919
83235
92596
80608
80252
72519
65865
65692
78933
94993
72809
87616
70620
78756
81085
86435
67100
82987
71888
84718
85801
78527
79721
88738
89869
82571
87321
63709
66565
75053
83984
74201
68846
90976
87604
74677
94202
80088
78197
63864
84391
92014
69210
87891
83954
83325
67808
85030
87495
68492
84869
72774
72381
75053
76960
80254
74496
67876
79347
64595
82830
89292
84611
66188
69287
91831
89768
87794
93310
70805
63072
83541
76853
71767
89576
67023
73992
90260
86158
69197
73673
94251
65985
86346
94348
88362
81002
76510
67747
89838
68735
79096
73933
66444
75476
90087
64426
66672
66357
95264
94322
68164
89267
90427
69095
69652
68667
65086
92552
83375
94573
73502
93960
94544
89514
74627
82942
70781
79215
90828
70622
88112
80866
72019
88104
66613
81067
80626
94431
67027
67589
85702
74045
84398
95509
79922
83109
93420
89722
69927
85977
67991
85285
63907
94829
74306
83307
65656
93308
94448
92760
67919
93337
73009
92999
87020
68104
73102
94127
67764
77615
84007
95552
93804
67655
87707
87087
77123
84567
90408
89550
82707
91747
70932
84319
68836
64736
76363
90922
68018
75116
89161
78285
80496
89788
92730
67028
82764
80598
90720
75657
78389
72576
81078
71437
69274
70392
67795
70312
71285
81125
78608
87902
85129
74638
74989
85955
80871
66890
83121
75024
70839
69175
71761
91765
67125
88623
69523
80561
63994
86776
80243
85985
70781
81595
92358
64917
73433
70328
68637
85289
81361
89655
81132
89171
72209
90562
84460
85496
89526
75409
82109
81220
76561
76358
80592
91897
94376
94939
94596
64775
81534
73432
89487
88158
65685
83401
91552
64768
82608
81135
90179
74842
90461
70710
93444
82388
85043
89959
92375
79271
81241
73631
65975
74222
68168
90368
77198
71169
94673
90278
67669
66558
68449
85724
89468
79016
80772
65936
90252
77173
86440
76549
88331
81122
78628
92360
83360
73994
79736
81637
80503
64631
72150
86874
65255
68920
74722
64972
77394
88627
95671
65401
90189
84669
69418
63342
72705
89192
65106
91898
72401
92956
87880
88674
73278
81770
88363
68054
89351
87836
91239
67236
84884
72721
75319
84140
82836
64840
73065
77844
85734
73274
89186
85821
72117
69741
76897
69877
85992
84806
95752
69358
92601
87583
70424
76910
76707
88217
93564
84297
89474
66867
69513
73997
64758
70172
67972
76412
93960
78918
86116
68415
95504
86204
63962
95192
92374
88117
63887
63449
66551
65769
82861
79443
79498
86691
63648
91794
86276
80152
65054
72967
66905
69751
76132
89222
66404
90177
89795
83890
78985
79963
84572
67253
88729
91234
71208
79156
71157
92478
82235
93313
71415
65786
64585
81427
65165
67794
77673
78388
78375
71054
68889
73466
75476
74255
87682
93048
92071
68648
79102
70453
88928
86959
85208
64990
68936
85971
93523
65335
64861
85679
66029
70487
80815
86816
76004
76565
86794
91348
70394
72894
83669
75428
69749
68873
75834
75556
94059
91212
67208
73592
69436
74735
81621
70761
85344
77857
93927
69048
77667
90571
69461
87985
93741
95426
63721
66308
83591
75329
88393
71377
78555
71574
88790
76034
94779
84251
66517
86237
65701
82280
69837
75737
91270
79047
85551
85169
95612
82153
79164
72888
65632
69847
86052
71532
93316
64810
76139
73805
83513
64639
84625
70384
86677
63526
69106
89423
69747
88346
83947
70755
84666
90422
68414
79605
73699
74917
68792
70321
74421
79771
92689
65404
63571
91202
88083
91399
71545
64760
64510
81572
68867
73399
95276
69977
92591
63444
87025
67635
81187
91885
71365
76509
82482
67101
85669
90737
73819
95857
70070
82062
91794
65440
92972
81067
74564
88054
86890
89003
81301
75922
95082
95665
95212
74193
79712
69173
74673
78858
95386
94808
81493
82044
75435
70004
69523
87684
67528
82936
80118
86292
67698
95347
67228
92256
92758
89838
65849
68570
66161
88703
90462
71777
91767
90395
83964
81589
67958
84396
90148
77359
68534
92259
85520
87983
82405
67920
69479
89301
79728
63792
78013
65396
77876
69766
64601
75075
93526
95469
67132
82902
80239
66732
80223
84173
65517
73867
84539
86604
95158
83941
78478
84907
67854
80639
72285
82542
83642
71576
86581
67447
78437
74689
82615
94330
89156
80623
95572
85426
85494
69967
72276
92114
90286
82265
77853
72255
81555
87976
77746
89468
70503
86281
90746
87525
77927
81618
83267
80545
75635
66933
72838
75986
74095
92500
73196
79630
95209
89559
86802
89363
80380
84668
72073
66486
95348
80815
91170
86301
95538
77339
74088
66862
72147
94527
93037
64071
72076
85124
91338
73264
92760
90126
91873
96078
65878
95121
91493
68121
94828
75622
76573
78544
78641
80862
87012
83819
66826
90838
75765
71121
84627
85899
80997
70219
85056
63664
64753
84536
77892
82110
66298
93955
76209
63628
89550
68947
74465
94239
77865
83073
91926
68035
83708
70223
69469
66394
68972
67287
79544
92661
66078
95425
80251
93089
70066
94649
66551
64388
64141
80672
78934
64552
73180
86786
70598
91158
90581
92489
76506
69799
67904
91440
95532
80663
74807
74490
96328
82907
65066
80355
82373
84020
77094
89687
69813
79365
75350
78946
77376
86498
64458
75368
80267
90985
75639
70678
92895
64469
67455
93592
70151
68304
94131
69388
87033
79241
95318
94263
93113
74759
86564
64631
94843
80061
71571
75513
94984
91742
95065
69420
85090
71666
85038
84342
75691
89898
67027
73765
66883
89328
71507
90280
75057
71747
87689
67839
85700
79682
72930
92528
80761
85638
76133
69244
76064
80565
91120
67345
87867
79956
91588
88833
95143
77277
92995
83379
80510
89106
70393
67865
85307
92304
69082
93409
66847
95911
74954
81392
83156
82537
79715
90636
68945
94721
71666
87000
88573
69959
92354
72454
67607
93073
89758
70856
85333
79819
68753
73863
65995
84682
72944
66776
82191
82909
72602
73900
75419
92069
79231
81094
76146
72999
69983
70003
88839
82208
75220
87157
68954
82840
77971
90944
74852
82874
78575
89449
71349
73187
71583
82779
90460
73721
91584
93516
94983
88062
75038
93807
86635
78053
87983
79979
66534
86436
76896
70413
94819
94858
85780
80953
89983
72915
63978
82983
73450
67706
76735
63948
73999
68686
75765
64405
69879
87112
74610
82011
67946
86556
82667
76948
75096
72718
85602
67526
94072
77319
81389
91714
95535
82152
66490
88846
65715
76830
79696
67107
81520
66935
67095
86744
86443
95027
68891
64159
72805
91231
65549
73711
81538
74590
82315
71041
69674
95945
86176
75199
72560
83065
77711
93818
88369
92897
75724
74971
79167
83105
69452
87452
73151
68185
94974
95607
74192
67259
84634
87519
90990
86245
72089
86511
90261
65773
74116
83872
87977
70333
67954
78142
84757
92961
73421
95005
92211
78622
70484
78216
87404
64902
89190
82682
76704
92873
71549
70289
73415
81678
71673
67263
72153
73346
66079
81987
86508
91120
71521
83287
70812
83347
71647
93483
87472
80936
89391
73619
81915
90182
70233
81148
85375
78322
77094
82597
76505
65135
68763
65292
92633
88147
90304
92838
83824
87520
81830
96466
67791
67984
68519
95504
78797
92402
69360
82030
75401
71093
94269
66372
86609
81154
91364
75553
73155
65808
82965
77061
78386
73970
89952
78801
79948
86707
83063
82683
83961
66468
85046
77190
69510
94965
72416
74034
95746
88707
95660
79344
81128
72177
70016
70040
91391
71674
81660
95198
88703
85509
71610
81539
76917
78330
69844
85448
86888
94805
71335
79144
84797
79993
71127
78918
66648
91462
71060
96293
94212
64493
83739
64663
76821
77571
77439
74232
70092
82901
84137
84763
76794
81916
86685
71557
88168
70961
71168
69081
71799
81762
89815
84628
87300
67845
65170
67322
72078
92588
65609
68689
68251
78553
94789
91980
72535
65300
92354
94154
83583
71484
73203
96449
85629
82459
86855
81012
84181
78396
88043
88301
96447
67073
88208
94375
81173
69104
89198
82827
71024
85326
70537
87069
66191
92399
88627
93432
83448
96332
71122
72312
83169
93398
85731
93366
70224
66442
76863
71097
91266
95430
78749
79850
96650
87643
95065
96457
77626
91107
96628
76767
86598
74069
80859
76275
92327
68566
87532
75905
64318
85202
81718
75112
74426
74572
89984
80611
89019
96114
74765
94138
91703
85109
96799
87994
78878
66711
86714
71778
76601
76678
70570
75231
81496
80616
72136
85051
74156
68919
77944
88273
73330
94927
74358
96260
84433
73029
83923
72496
74502
87291
79162
64225
89278
77041
94328
67907
87491
75998
85563
92378
66779
67968
89370
80755
89070
78640
66006
89435
91750
90809
76000
90318
75483
74858
78107
89522
96240
82282
95202
92550
95352
71500
69197
84885
76510
69091
85936
82287
73667
73560
94565
92057
91112
75385
64460
72324
82255
91988
64655
91068
82845
67077
94763
83810
73667
90060
69804
67036
81629
96867
82871
75211
94298
64910
70094
88637
67422
92915
83152
71973
92004
67628
64447
95752
82984
77595
68038
70904
71876
96381
83579
84422
72217
95426
78689
79732
75888
91933
72369
66537
66657
79575
68442
95208
84725
68328
87622
66371
64775
82888
94431
85324
71152
83843
90322
88461
95587
87052
70930
73913
73877
84947
86049
89570
73377
77977
67467
65515
95276
82051
89267
85825
66116
92526
70353
72646
85134
67203
75324
67342
92833
72715
92389
81614
75949
66948
84004
80785
72544
84468
73656
87981
76554
68221
81417
86646
88575
81714
64943
70577
84541
79401
71736
82764
83534
67793
71206
67916
86384
64390
65592
68102
66292
64355
79339
94866
78052
77400
68927
76157
77288
84348
73662
96190
73322
74148
92347
81387
76025
76340
71896
68013
67051
87605
82635
73586
78407
69544
83297
85089
84450
80154
71362
70803
85191
93561
87288
70016
87004
94758
81835
70839
96451
69451
65326
90835
95487
82543
89280
72362
80984
65352
86027
72903
71296
94928
67057
67355
64502
64667
83080
71919
80427
86631
86115
70429
74468
66037
79636
92288
84703
83223
74478
86697
72633
89099
72720
73427
81167
90631
88735
83737
71908
86037
69202
76775
65346
74273
81716
65967
77092
86608
76709
83677
80532
73364
83874
87564
78865
85118
82247
92282
90931
89939
77458
72889
68242
95329
84074
87464
71907
80275
87776
66978
71524
78404
78516
80373
87931
81489
65563
96918
74649
71538
67263
86547
96101
80074
84744
70088
66327
91324
85146
75350
65057
81153
69151
69713
68885
73975
84550
87353
81603
83516
96779
64684
91297
81788
69690
93657
84593
91527
69166
82232
69917
87719
87519
88697
78054
65584
89372
89786
91837
91736
75284
88828
69873
73289
74011
77528
81675
77429
89003
69486
96503
84266
73897
79519
65892
71014
93674
70268
71532
96748
90870
67837
97144
73367
68876
74743
80734
71663
78950
80200
68045
94458
69309
90964
74987
67413
97040
89526
69692
93570
76450
72239
75206
83844
88898
74210
82547
87465
67278
71364
70070
74152
76794
92494
81009
66027
70734
71285
65303
91950
80750
66011
92942
75849
80798
81991
87895
81994
91013
91731
83056
78535
88369
77668
79737
68211
93788
69855
86167
75246
68078
69018
73878
83682
84675
89489
66002
71499
83885
81371
96343
71958
69821
64732
89415
78830
87486
71355
88444
87379
87555
95766
95087
87788
64867
77045
78936
73502
86657
80381
75927
77789
72273
77287
81747
71618
87255
83248
85345
96606
96050
84497
79719
72911
67290
86705
67393
81808
96806
77722
94371
71318
66065
73321
67840
79512
74045
70858
79531
87726
78904
79780
72509
74013
85759
86673
64822
67185
70592
91025
95463
83661
91876
69375
90255
75136
74829
69572
91076
96984
80348
96202
95764
71739
84791
87220
83181
78451
82633
68812
93370
83530
95242
67644
85327
76631
78592
96898
64903
84247
66822
90142
74283
74304
85708
66701
76822
76369
74655
74875
82327
72046
72170
65589
87831
78443
84221
94813
80636
77607
87054
89825
71885
83739
75389
69165
79766
66610
83293
84128
96142
88539
88623
83517
86775
78429
88816
83620
91718
91756
95063
91456
82820
86777
70488
64961
70900
65870
83692
79053
86774
71001
80660
96498
69931
95816
70683
69600
75482
91479
96540
66517
79506
95974
96453
66904
88337
74191
76634
70954
94053
88310
79357
68218
90193
90914
70444
84312
83186
91403
83083
81260
84130
86452
86500
93416
81949
79098
80236
79803
80867
68717
79176
71432
72157
74336
96847
94422
88642
73532
87058
87049
80828
83226
82457
77969
90823
67984
96880
90081
69722
65994
95587
70050
76746
87261
91781
94377
74731
75865
83703
70695
93048
80669
87270
69920
70837
74352
76886
81951
86098
89421
89374
68391
86931
78333
74292
88044
92590
68076
73259
90691
78965
81845
82170
72408
90164
70527
80639
89631
85725
80268
74052
71565
65122
79631
75520
75015
77411
65854
69729
69275
67849
70313
82568
91758
86834
92874
70870
91381
92110
76765
83814
71016
66184
84722
82650
75380
73130
67136
66907
78641
91962
71100
90331
71763
69993
84458
93853
76196
66095
68851
89080
89010
75311
96761
95320
79300
92896
65191
68741
73747
74734
80652
78632
90679
90078
70569
84619
91616
94194
76232
94112
70086
75596
77328
86597
86243
70997
82263
90822
72159
81760
87991
96419
68300
73099
86500
87700
93459
89830
82108
77771
79278
80088
67360
70265
87448
83390
85507
88979
93826
79572
65216
71638
81864
89433
79793
95753
90019
85742
93949
77442
70816
76096
79793
66539
90961
80102
89363
82246
74818
67469
84019
88367
79406
70994
91074
68193
73843
82287
94759
77180
80324
75290
68048
69638
75550
93098
76742
65711
83709
87804
75909
94425
89295
71445
83722
85847
69801
71176
90669
65653
71481
86298
94257
71481
71164
97317
75930
78825
71600
95290
80958
76749
75021
83338
86943
89654
87472
84103
83832
88768
93528
72262
83862
81107
88404
95272
91113
90224
74300
75449
76763
87082
75232
80856
88032
76914
77182
66585
78159
72728
78904
70503
76912
95759
94660
94446
92374
97393
97638
65080
68591
73922
72987
88469
76249
72057
70935
81857
77943
94396
68466
78017
67781
94316
87071
89102
90728
69473
80157
71669
89482
82935
70385
92222
67300
90057
83283
88076
88604
88252
95272
76548
81490
74560
66736
76209
78070
66002
81665
68903
70364
93637
74676
85479
84882
97603
84446
88579
79601
92815
88386
95875
69874
73868
95428
86022
86979
94339
76065
65197
80922
87329
78814
65844
92106
91839
79486
95074
82580
91367
76280
66468
79167
96531
75368
93173
84714
71351
86789
94720
82082
72834
70227
78473
78640
72417
81562
80905
89908
91078
68246
81048
75640
83879
88688
83728
87422
74697
76013
95088
84059
75198
85222
89726
67016
92205
78584
85169
90487
85201
89980
95309
77475
79812
85177
78544
77803
69630
96601
78221
80224
76056
80666
81303
80093
96854
76230
87776
71831
83685
79461
80546
77812
72545
82609
93438
79521
83099
85194
67044
93663
74648
66347
83250
95261
66269
87261
78368
95948
86249
86506
84443
79471
91140
94229
65904
69873
76599
67528
73452
67132
94364
73038
77249
92935
69848
84546
70252
81391
84965
88904
65877
86730
70421
95739
89335
84024
96339
88870
81728
97146
74412
71990
78395
93832
93199
82671
89068
87133
68689
97887
74108
79766
95604
65552
66966
94011
83241
83586
83472
87517
94099
76248
97486
95969
67406
70610
83939
75291
83632
95227
81146
79263
81487
82980
76789
81363
85187
78096
95443
76745
82861
80753
95447
68044
89592
91411
85734
79417
93022
81496
70450
97425
87342
92132
68117
83147
90189
89241
75327
85231
86139
71622
90644
73952
86232
93083
68688
83065
83367
72673
83949
82908
93009
69864
82758
73223
91821
79552
92796
81321
76414
89259
71961
95283
87614
75987
69363
76593
94746
95289
76884
81883
76861
74478
80215
81127
97105
85125
81045
91810
84547
84168
75009
85311
69959
95402
84753
88431
65565
82813
68895
67378
73106
94309
68366
82668
65609
91149
83248
72891
66747
74392
74343
83464
74877
87515
74123
68956
86722
83913
80396
85109
66080
90414
77785
97434
79767
65697
89728
91435
85711
81331
81814
71804
86945
93293
77913
78563
70873
95482
80532
69648
87098
86944
91331
92829
79811
87285
85368
72166
90161
90703
71165
90651
84165
94844
90171
68244
87111
94899
91098
77412
76619
80843
89770
97072
85939
92075
91202
86594
67957
72450
86247
65497
69791
71480
91055
97475
71832
75940
82917
93742
73896
83199
95664
87996
77242
93720
66032
78805
86369
77002
87401
91713
74266
79915
72483
81142
67793
72967
71184
95022
67494
96653
81392
92861
89584
74055
74610
69538
77186
81232
90012
72156
66862
81089
70252
74111
95368
76140
79040
80134
68844
79053
82291
66027
95171
69949
96713
94069
92673
93033
84237
76754
93426
71683
68472
86885
87095
84407
80981
96865
69900
90977
85859
77975
94924
80509
80251
96140
70838
89566
93298
89807
88305
79012
84545
80521
70862
67944
86883
75862
86606
87481
70783
87635
84708
90572
71495
82041
98171
68719
88736
88105
70075
85823
71171
84487
82568
86811
85027
87564
80332
75992
94416
93655
97143
96822
75291
68932
77252
83731
87227
65856
70845
66271
74671
69852
91905
75344
70437
81056
90053
67927
81563
67617
78361
72018
68164
66005
82284
81795
81837
97575
82771
68545
89504
78535
77446
96109
73545
80708
72491
87208
97943
71644
96344
81347
79333
81299
80595
71927
66778
87682
92444
66647
81037
77170
75949
81410
87789
96169
77952
89245
73057
94468
83154
93185
74411
97862
73767
82480
70674
84400
93582
73870
75200
69074
79910
95566
73321
66208
95201
86314
83501
73928
66440
91479
81088
77635
90111
73144
96968
85802
83147
76626
66182
96716
67025
70400
66489
75005
94816
70759
95935
65969
92530
97581
94974
67785
66351
80998
83074
84524
95155
84559
66791
78362
68369
79935
80762
80061
95896
97498
84123
77825
75605
86152
73830
74662
66008
77350
71826
98196
80699
84987
85400
94318
67425
73965
90904
78441
97404
84468
74617
82527
85970
91088
82641
75039
85952
77047
84228
80136
81663
66514
91951
83414
95526
70952
80967
81595
92272
85723
85245
92850
66752
92882
78565
91920
95202
75318
83672
79963
80660
96481
84631
89440
86469
90387
87472
71808
71068
71527
68006
90955
81852
81670
86348
82000
81735
91675
77682
89906
72992
92807
90307
83711
85238
71381
87278
96958
69502
68464
82692
85063
84479
83987
89377
86360
96020
92546
91983
77540
70830
94072
79271
77486
78680
73440
87482
86807
68287
87111
91951
89396
79729
88722
92077
96548
67045
72172
95739
66721
93884
78595
86117
74708
75846
88692
70242
71790
94536
67715
95605
69364
96508
86288
72017
87642
67674
96199
71488
79316
86166
70806
91333
87273
66282
89188
84352
92617
71061
90624
93267
74208
88612
90967
80835
96427
84208
95979
79265
94411
75240
77184
86505
90968
90768
97304
70890
88439
90442
66082
68775
74799
97749
98287
81278
75384
98067
69989
82439
66965
87567
65783
74303
78756
85566
83669
75238
67700
70405
67679
75301
89238
77436
76768
74356
88759
91506
87161
72891
97069
70833
88667
98487
89551
95106
70457
72352
95754
89972
98046
90377
81201
71002
76987
71175
89877
97171
93155
66453
70870
90510
73146
87863
74232
88204
80651
90334
75705
68008
90649
80140
82594
77077
98521
70200
75357
67240
94046
80244
76742
68502
69269
68173
66884
71038
81714
88563
68954
83626
83178
73114
91001
66450
92643
86047
84761
75169
95849
88815
98568
84796
86242
67109
97025
92417
88580
78834
83328
98380
88389
92994
95189
73472
69011
95644
87671
68740
79430
70730
93084
83979
75859
69819
81414
80921
82882
76837
75296
84803
89442
78446
74057
72246
94395
78925
78704
80634
77380
76973
67297
73080
80342
70994
81502
92474
77153
77502
77170
74867
78814
98134
92930
85055
86148
85441
94757
82475
75327
72337
83254
78584
86878
89381
83751
88732
79243
67533
81687
84362
76289
71472
80423
69427
73209
78059
81802
93645
66405
71035
68316
97107
97761
92509
82101
86989
89063
72051
86397
82129
77890
89770
97922
96842
73669
74970
79175
91256
79676
88302
79136
94008
89507
90692
78587
96902
79510
84823
94081
91200
67849
89499
95070
74540
97849
79016
91612
70461
85218
68763
78263
87826
74931
85945
93229
94912
93695
75606
78420
66513
78261
70646
94384
80525
81298
86193
84229
96376
88213
67036
68202
79899
72628
69349
94111
74247
82637
87935
71584
95000
68063
70655
93306
71671
92794
88326
93278
74210
85364
87649
67828
96432
66782
80173
69873
93711
74294
96575
88044
71185
97502
71107
69742
67815
97485
66850
68680
94700
97669
89130
87849
69605
89413
94313
89967
68230
68735
96729
74046
82233
78220
96195
67535
96028
79007
89309
96523
98376
83960
83637
81753
87129
82010
83027
83380
76331
86462
94234
88576
98529
66633
90352
92574
80428
95612
79519
93246
76234
80299
83322
94452
81484
94640
75075
98703
75549
92384
75596
86054
72640
85822
96221
90867
75865
91119
93910
78436
74607
74734
86933
93552
78064
86273
71706
88104
95861
91372
85865
96398
91336
83172
90928
66985
80548
84294
85162
85209
74939
93577
87235
98665
73469
81010
73597
76387
97048
85126
67218
74408
77883
90309
67419
89919
88096
98709
83952
94190
97609
74237
96145
93703
73354
75027
69189
85381
68551
87992
77760
83031
98303
78466
79242
80892
72841
96250
74846
98640
76190
66312
69841
75430
81944
88491
79668
85014
82041
88045
84666
82457
80687
67351
81886
80467
77335
95521
71167
96943
80703
73836
91213
83633
81136
84916
77289
94984
88812
85568
82248
87907
66804
78939
75481
70278
95885
82952
90855
87197
75780
80370
69312
74704
86192
86690
68887
85783
89719
95220
89511
66384
67219
68300
87065
79503
86934
94469
79400
89525
87212
94122
66819
73796
86561
78185
95730
97905
76579
80196
89661
73083
82120
78218
71242
77372
70227
75526
71685
74238
93875
66678
89220
74127
89932
90687
81132
96920
77818
97886
88718
96042
79955
94370
86614
86938
84525
93976
81766
83599
92513
79559
86270
85849
78030
93342
96159
81540
67744
68267
93552
76973
70098
77198
73184
86933
92913
87596
77965
97652
78371
95144
80741
97936
92265
84367
90122
93453
72225
67154
88187
68359
94415
73210
79602
71390
70172
81175
89352
95697
94239
92153
93727
93391
93916
72227
82177
88969
66314
96765
70853
77260
77338
95433
68851
96014
97140
87768
80104
93255
90884
78846
76411
77826
79093
78915
90080
74931
94908
71899
66765
80203
80217
68953
85724
91146
73945
71967
96561
81812
79136
83225
74588
97864
93157
84395
71552
75725
80894
88295
80821
87277
80350
88324
78508
89511
89436
74507
94098
77183
87222
72148
82230
78361
67797
77105
71789
71686
79570
73065
69046
84446
82618
70376
92698
91535
75662
89652
79702
72692
75918
95267
72508
77482
75703
96844
98903
98335
83339
96187
89550
92651
77328
97769
96394
85348
79643
89579
75675
70252
78798
81385
88536
67726
74080
74450
84678
89674
69916
82510
89276
74412
95149
78068
89668
66852
76184
82110
81603
83857
97546
74681
95837
71327
92372
75521
75027
80979
86196
72173
77102
90340
69334
79239
85217
85453
96922
71743
97066
91936
85144
76256
68601
85789
66530
97218
90004
92163
77960
96578
74042
75814
83810
97391
88326
95298
90889
72454
87319
95247
71207
81825
77294
70933
78577
90923
92695
77762
76785
96919
66828
99002
94729
93393
89430
96366
95157
74997
85493
92912
74128
70848
96002
88582
72730
80708
96659
83837
93880
66527
76511
77247
97276
69997
98979
83112
98087
84413
84164
67734
83692
79170
83509
79807
68983
67339
97563
80328
70062
90357
76847
75155
87479
75808
74084
88408
75450
97695
73675
88311
86504
77684
89267
91788
76476
79291
88084
67908
83584
69669
70702
95856
69908
71592
94317
69848
73451
71797
76688
94802
90198
84011
86282
78739
72197
93258
71080
91716
83658
83178
92021
95577
83617
69549
79067
90014
98030
79602
77578
98450
86021
98635
68510
88953
66543
87346
67963
72877
72300
91383
81148
83253
71220
87805
91982
79000
77698
81446
89366
66803
69587
95884
82010
93514
97003
80498
70046
73244
67866
99194
89165
85050
87741
68632
98907
89561
85255
66886
92969
93669
92162
87161
72105
72088
73168
93652
93634
85068
84791
73372
70902
97677
84317
89069
93762
71027
69839
92587
91461
92974
69064
93626
67749
70115
68017
82802
90031
92087
85476
74573
82749
72489
91061
94947
81373
72356
71091
86297
79663
74324
71211
78485
93839
89146
93934
74357
67828
83579
73300
97088
79384
87038
66945
76828
78042
97077
68583
89666
73440
75579
72716
69296
70528
81696
89486
94237
80353
79745
86116
76082
92765
90715
77158
82679
77610
94496
77840
88972
97338
89355
77187
94489
73311
76209
72908
88327
75187
79322
95337
79729
85815
69262
98569
68309
78266
96371
72084
73744
78333
74582
87147
98953
98836
80903
74225
81068
77839
86122
94282
97434
67546
80331
80995
94494
85090
98674
78898
94948
68601
95095
85567
85477
70652
87000
96867
81702
83891
92617
85967
96930
89720
87371
89169
85380
85276
90880
96467
77978
89734
86590
83749
89863
81821
82274
81148
83256
98921
78951
90170
89113
89204
92599
71791
83080
74871
94528
80288
79626
86834
80331
76872
72636
68508
67721
87709
89741
93756
69359
76564
86955
80855
70340
98343
81979
68427
89209
70998
88909
71355
90040
92524
88847
91116
86591
83459
90688
84975
74991
74826
90600
75265
70432
85766
82759
72111
80952
91607
93707
89150
97148
75197
97990
89417
94758
72410
82334
75436
96183
73594
83271
95137
91278
85072
72238
82729
92858
81410
70135
92590
94477
87017
70442
91622
74865
85010
87337
97530
78719
90248
71782
90600
92238
84437
77522
93222
70793
84678
92313
74120
99269
76143
80140
71523
92177
80239
75742
93939
95438
88949
90772
94458
72641
71171
98871
68778
73830
76658
88396
81349
95623
86327
89606
73219
71950
93284
99513
75188
90648
96114
73362
90022
95562
95549
69766
70729
86888
70992
95880
77841
79395
93539
67327
92444
77619
93218
84599
92181
81318
92464
97174
96344
85368
95852
74578
99158
87395
87667
83298
88891
67320
80998
78066
71887
83183
80109
84379
69786
86972
96379
89234
74572
96355
79572
87584
93532
96652
68557
93010
72174
79578
95571
68593
89338
84601
82607
78004
88235
92406
83208
88501
94725
95060
92458
86306
88267
94044
73350
67125
83616
88628
77689
70758
80236
67891
93905
84703
77057
68852
89741
84016
71679
84649
78820
97860
77812
81842
89225
78483
80072
74607
92462
85658
90969
88914
98631
70792
98146
95544
82960
68667
99489
72697
80593
81002
79673
80445
82016
99364
93013
81810
98792
75897
76814
80828
97514
92791
84367
83020
73345
80216
70262
88181
92138
87289
81022
79642
80963
95374
82011
88875
80787
83349
77030
70194
85771
87816
79226
90409
84620
83159
98206
76687
83817
79765
95204
86203
72813
68721
71185
78703
71456
80233
75901
90032
88646
82362
73405
82645
66985
85659
74624
76255
68376
81962
79287
96776
87216
84647
73977
87967
73818
95200
87333
77586
78997
99564
90441
87117
86646
82972
71106
76866
67820
68399
70053
70857
85321
69061
81758
97963
97534
91159
99479
93689
76966
77284
76124
87203
92231
90543
80508
97093
84180
72743
92978
93252
99062
99303
80388
70938
86795
71007
89324
70126
92784
92946
80054
87912
82427
87555
92073
77507
95692
88681
70505
79908
69190
91306
75292
91946
88664
84615
71372
77254
81665
93332
87308
84301
73747
68588
71647
91595
83511
75810
70613
68507
91697
96635
89207
68404
77157
88922
95461
88902
96154
80635
86974
72966
70143
89700
89664
80581
77675
71577
73393
87240
94697
79888
80381
94292
77172
88164
92320
72968
83967
84045
95942
99440
88761
80592
69553
71638
96398
98995
88156
86107
81393
95028
73054
79175
69081
80123
71696
72862
73737
81740
69362
88564
83093
95617
87371
85889
98466
67768
93712
71032
92269
91593
87559
76693
88719
71547
80172
92405
98431
87287
71508
73259
79960
87164
72720
73104
84956
79445
77268
73178
71865
72712
96345
76529
69132
81873
95807
71934
74532
73806
81399
77252
76680
70780
71136
95283
76859
89058
70576
93754
71230
98060
84758
71902
68183
70715
85918
95881
68113
80987
69076
70564
80388
93237
81836
80231
72022
87526
98337
82672
86658
67216
82461
84115
67928
68687
77465
71026
84550
79983
77317
72525
98005
86492
73962
88219
68470
84953
68558
91353
96895
87285
80472
71458
88177
86587
73140
97024
75132
72362
92729
67458
98373
67301
79945
85134
93670
76075
76921
68217
90934
82312
92914
92117
95052
82509
88600
80266
83774
96447
96361
69929
82734
77324
84391
99708
97416
87171
73529
92514
91525
70915
81871
91353
86516
86196
78405
74845
80185
92918
77770
70257
88470
94103
98625
85883
73897
92489
84967
89044
97590
97363
69942
75808
97831
72070
91658
98267
90833
89459
75011
98869
98425
94171
73770
72992
74007
96103
71127
81575
81753
95641
93394
77953
82923
73475
97208
86502
75766
99255
90016
74657
73959
72702
75263
88679
80241
68941
85449
93031
97237
80756
91097
83746
69985
96793
81555
79485
97078
94821
72904
69140
84047
69885
76761
76754
93375
69684
80160
94911
73274
94847
70283
80152
88535
98601
88714
89253
96020
74567
86828
94535
93211
73967
91269
81361
75588
75429
90706
97048
74202
72982
87264
67918
69666
76041
84265
69515
86681
92050
93248
80301
68734
80520
95728
67682
99216
80186
75424
92035
77081
72030
89210
97956
68651
74826
99277
94185
83242
68711
91823
96539
68234
79586
73702
76538
83674
85412
79113
76501
75778
77189
72674
78425
94153
99516
77591
82343
77210
79258
87561
79785
83335
86393
91133
83109
92302
81903
94842
92946
90651
91719
80625
98987
89807
90929
78756
94659
69760
78520
95168
69848
86913
85621
74444
93290
80163
73218
96071
88333
72571
84914
67725
69054
73318
86399
96251
79987
82379
86596
79187
82166
92448
70445
90722
77298
97328
76139
72160
90190
99611
77868
73111
71867
94110
72394
77768
97161
85396
96066
72650
100031
83133
79081
78324
77418
68031
82778
80573
70453
68714
73139
75042
100154
80192
71169
95304
87320
95285
95480
77923
97606
78003
82408
89814
89511
84705
83692
83356
96094
99877
75109
97766
83683
87272
69286
72197
90710
85401
95473
90763
86548
94452
84131
93869
87945
75140
71083
72684
71237
68710
70976
76021
86865
70481
67540
96197
81603
92115
92995
80656
97168
77789
90449
70372
88482
76674
88659
89226
95786
74748
88108
80301
79416
84976
89467
70333
85897
95475
89363
71830
86943
81484
81324
67933
94487
73979
83416
81067
89912
97531
99384
80622
75720
68549
67567
91148
82723
89109
97623
92489
80526
80624
99059
73322
83144
77286
84645
91674
69858
90773
88865
81294
78673
79726
99746
76645
92482
82364
91100
71122
75309
95457
94769
82940
73645
85731
72231
69285
84879
77352
82202
99338
99368
78974
77614
99083
83692
88927
90760
70028
82237
73074
74430
94747
73601
88404
92299
81107
86647
86425
93640
98176
81611
93710
96663
76036
68328
74305
81122
82937
98061
73028
86788
83095
76707
75437
80581
93656
84430
85217
88972
70107
68162
84115
92880
78214
83544
80263
83408
81776
83808
73884
70532
68094
71737
80649
82643
69836
70944
74471
80134
84302
77254
88304
83069
71351
69029
72582
75680
96537
73363
77559
86041
79822
72088
97023
69185
68376
72189
74126
90327
67844
91813
94924
76024
88468
91553
90714
88651
95772
93694
90587
97149
96237
93153
83124
68333
80433
68311
69903
72616
86806
88678
90662
81559
75823
73960
81854
68599
74263
86169
69361
90378
82775
86766
98353
75276
75401
73256
73354
77929
75710
84266
91175
70957
81182
70023
96280
98236
82638
100320
96595
90307
81431
87661
97016
67950
89028
87513
71129
100060
77259
91219
78649
86480
93232
78562
95444
75433
81191
97528
89632
72084
84089
89675
74451
80640
72232
80608
81573
90194
71766
93544
80471
91354
69731
77776
82420
96006
73558
94740
94295
83414
96638
70484
95213
74384
87385
78121
94396
92853
97716
98617
82852
85555
85780
92425
68325
83420
74837
83987
71650
85527
95889
75801
77349
80342
78915
83896
78754
78280
70572
78656
79424
78799
91254
90051
92821
75444
74904
97388
100337
87578
89209
93714
75167
92848
99928
76045
97639
78507
99563
89417
79703
85620
93510
75929
74436
71069
75775
82765
98443
83994
77200
88838
82588
90030
90620
69577
91322
71075
86966
83795
82556
94398
90558
84652
69272
94066
68877
90623
85856
74324
96563
90793
99469
84687
90175
91024
88636
86553
97759
68534
68918
76901
79304
77582
91252
97371
96600
77198
91107
68293
77946
84101
72804
91787
76235
90671
81175
82145
87547
88966
84441
88511
86645
99420
72459
69777
100162
86439
68246
93489
89130
85532
94763
79122
84253
96511
89808
90302
83410
100153
73112
99714
89262
80555
99761
100199
91367
82882
74660
75621
75753
90443
76249
82388
95737
78473
84570
86307
93720
94085
89560
100556
97578
97190
97267
72839
88151
99969
92342
100287
95922
77554
97121
92482
85528
89196
90732
83772
87899
82573
92360
85862
73120
82678
73832
92027
89350
74073
71168
74220
95369
81363
94733
92884
77605
84349
76565
98606
75838
76094
77104
69702
85823
96995
72391
97645
85634
94321
68252
81393
88432
95673
91914
84300
75241
87086
86671
97180
70886
84212
79239
97363
85596
82233
88378
97584
87140
78024
78873
91502
86426
79579
84805
81211
75458
99633
85329
93547
97202
81249
84553
75630
87916
79982
77043
100735
99210
93339
88404
86815
81631
91521
70774
81346
99163
98910
72041
85448
90927
93872
98184
77742
82226
100611
87549
95622
92291
76807
71816
84132
83824
69093
90492
91035
86423
76243
97546
92264
85323
92135
82369
91884
69690
96040
86614
75680
94028
69099
76961
69252
91598
99421
76265
76376
79823
97628
87137
82959
70602
70027
79346
98945
96134
77989
99387
95840
89147
77073
85463
74349
93686
75191
68830
87019
86590
82451
82606
89940
82424
95367
98539
70988
96904
79606
99268
99283
84537
95630
82296
87998
80863
72677
70425
94824
75195
96328
88721
100261
73630
92496
84450
88055
74833
100789
77746
88837
90677
85607
93446
93768
98087
84699
96334
89096
86950
69539
70050
85639
90424
87874
68683
99196
100361
95550
86405
86978
81878
80759
98435
90962
88073
84406
85940
68975
99110
97161
70469
90400
78181
92239
68839
82403
97953
76175
92370
98464
79728
88974
68617
98524
80276
68640
71648
81455
78738
68542
83644
83448
100256
87257
99867
96591
87492
97646
94676
76603
94523
91867
70815
93989
83224
73713
70103
76685
93229
77130
72831
83196
98350
76764
89988
95546
91156
98767
80705
74432
69056
70028
97352
85104
70369
74519
94048
89476
97559
96158
95946
97733
76121
80722
99529
78333
79508
84341
73569
90286
83860
95924
86366
69380
72744
87480
76952
92681
83329
76280
82294
94232
96732
97489
77745
85652
84833
100568
78938
83929
83530
94063
88351
79219
80455
93334
75978
96911
78625
97540
68874
96942
91294
76407
80246
92321
69030
94792
83919
98737
71331
96834
92549
100638
93998
100276
86653
71627
93927
93381
82194
70711
81316
90120
83802
91823
100047
94800
80298
81346
97289
71366
91740
95990
92947
94520
96975
98233
92911
89780
80304
82586
91202
93270
91768
95417
96509
77918
100918
87932
69436
80261
95631
82564
99183
100498
74755
100832
83383
84008
91250
70784
91795
79586
92894
79596
87739
96162
77682
75318
89676
80933
81603
71468
69414
97755
89943
89555
79506
80118
77924
74001
70185
89537
75225
95914
84977
93236
99746
97134
98760
93637
84520
80816
89094
82304
69144
98297
96094
93786
91494
86526
75269
94147
83857
85456
85014
77946
93992
70483
88886
75685
86669
93169
78196
85025
72185
96399
89970
86551
79552
97216
72138
91856
98263
70713
88491
89802
96147
97158
94403
100875
73395
72955
70754
74421
96417
71916
74716
100827
74997
100385
77359
83603
78395
70532
96997
97100
69110
78877
72252
83298
79333
77632
82053
80624
69252
74501
94410
96998
99030
79609
80563
99163
86370
83219
69546
82468
76411
69354
95038
70565
99269
86820
101061
74727
83189
87858
86086
91627
78296
80187
93334
70974
79255
73301
97472
95694
95033
69883
83626
83452
81769
74684
73974
71410
92026
76848
70183
98103
92584
76336
92933
88960
98977
77638
90178
70090
78916
88675
91997
101029
76200
80848
88775
87251
72800
79207
76101
75537
73469
76547
70805
78901
94421
71477
82772
99705
81667
88121
76319
85783
95919
84264
69625
94998
68752
97134
78316
75363
89518
74879
84467
93219
68973
70598
97560
88904
99527
83166
95450
90722
95961
90629
75729
97720
69281
84686
71061
70552
76294
94998
96731
92907
83480
77368
80609
94220
98458
80517
71437
80859
86718
73966
87505
69901
92463
81156
98257
82886
81236
98595
90696
81769
86996
84713
90535
73391
83029
89069
89984
100854
93834
84654
79779
85980
98412
98250
71815
93197
78279
70513
80619
94297
88313
73496
81084
99338
81142
87922
74554
93556
84112
98972
84055
88525
99062
73368
79711
87871
94586
84988
81118
79164
83607
86251
77247
81682
98866
84037
76209
99519
91936
86299
89295
75270
92649
86630
99455
86978
97483
75512
80794
97147
89346
83378
86478
86327
83271
80376
78401
76690
76183
98402
73079
91665
90165
72628
80502
81332
89074
95761
82728
89034
89004
90731
86016
99081
78613
86590
100064
70366
69813
70526
78139
87298
91443
76494
97655
84302
85968
73202
94101
91088
78900
82567
83219
94494
89453
91377
86033
70890
86581
88982
69044
71383
81523
88650
97224
94603
71173
72201
94633
88070
87229
76012
98403
75058
98217
95830
73240
92603
84888
94062
73890
68640
68825
81875
84858
77579
87110
101003
95448
86494
89474
77628
99868
89998
78462
94110
88941
73652
75842
100656
83616
81377
71914
71466
80219
88882
98030
86195
88698
89637
87463
96085
101041
95403
90895
100782
72819
97407
85705
69224
82707
83381
76385
101227
97578
91030
85716
97616
97848
98219
78675
90905
88974
90904
74052
78368
98411
76332
92554
83534
77157
87605
98054
74381
100106
78233
72285
71040
96200
80418
84732
71281
92426
99738
72026
93835
71588
87192
73341
98889
100209
83865
79040
85806
88634
92754
75219
94647
69082
100677
96771
83854
91552
99731
85180
98816
99061
72465
84556
81073
94527
85149
80617
93326
76037
92851
81654
80644
85587
92219
73858
74095
77408
94629
89618
88278
82030
96824
86688
94677
77298
78759
73443
75994
75253
74726
79825
84629
98234
85307
81507
81065
94369
72856
99480
97960
88395
70184
91068
79678
93695
88104
83946
74156
81484
80888
70864
94072
90096
81266
83890
94819
82169
75898
96945
74396
91434
93398
77134
87347
70304
75841
95786
79568
78262
71354
98831
89765
91173
89378
99380
69025
71536
90630
97213
93671
71295
75962
94850
91774
89737
90791
71953
87882
80696
76517
91126
86331
93704
73741
69178
73412
91377
86088
75049
77967
83013
76716
98648
82543
83931
94409
86247
85142
81773
83838
71428
70920
76351
97810
83120
95567
79361
72831
85702
75888
74999
82449
91449
79135
89943
98608
77725
84015
78835
77178
78569
70476
101399
86038
83067
99308
71349
79428
77404
91779
77503
85560
92358
84470
98517
83496
101603
79699
78880
74148
91352
70079
72318
80166
81154
78512
76767
88042
88703
71260
86255
93183
80625
76913
82165
97439
98686
73990
95994
88764
79132
78289
98863
81883
78859
91035
79241
85797
98466
76786
96942
76987
84815
90910
85012
73547
89562
70230
72295
94177
84969
94771
74028
97279
101577
77156
93861
77295
90731
80804
74484
85848
78253
92393
76418
92688
77787
89310
96162
76593
100726
79508
98162
97391
91700
69748
97794
83880
93767
98425
83385
71869
79074
92316
73204
70049
76794
76687
95471
91311
99658
72109
92393
84289
74905
76338
93315
73342
100159
87207
100970
77939
83174
73377
101429
86886
69006
78251
100497
84326
84180
68993
72859
75303
80499
76415
87181
75021
86027
73816
100253
75143
97313
75019
76578
82334
82535
96275
90361
78542
88382
69086
83239
96532
99450
69505
81599
96328
101733
98986
88071
98221
97286
77270
90582
94151
95651
101572
91712
94828
91268
92457
77429
96542
85242
93093
90087
95640
95136
80118
95403
98471
80097
94060
70434
90939
85434
71836
100568
79294
75201
90969
93356
100772
84583
80352
76850
86340
95098
100435
100437
96742
100590
83817
83265
93213
94684
73571
70016
91735
87243
79682
92258
91570
77103
99383
95139
69905
88623
77147
77896
88688
101035
87968
88778
84596
76414
93703
91766
76358
79104
80404
99348
98210
69839
90240
97223
69419
88272
71213
89652
88322
79472
74079
86246
82838
78128
97064
96753
92350
71520
75044
85718
80133
91178
100199
84647
92484
83667
92852
85868
89719
77630
90863
79556
101321
99250
81365
87504
95985
91100
84459
96332
87745
72984
100788
71423
98300
78828
75559
85334
70761
75477
80736
86604
75813
85575
81558
96396
86333
97775
78925
96730
87420
84795
92109
70063
92802
72988
85202
76579
80918
92427
88197
75280
76990
82250
91819
96117
99468
71788
98077
76056
98874
89623
69496
97392
98938
88329
93461
79041
78215
90713
78652
85129
97024
91647
86420
72219
76790
85143
89822
75658
97092
78434
99299
82376
93214
69518
70315
99087
81645
79287
73200
89216
91226
83629
74962
90891
75433
100472
75469
91022
97609
80537
78823
98881
81577
86163
85294
92497
74829
79274
76129
84683
87328
97771
78318
80316
92684
75884
85020
73367
73928
87765
82570
84694
78065
73247
90840
94180
96093
87196
74660
97595
93100
98616
91832
76233
70687
86014
76673
76953
93102
77790
83396
92335
93780
97709
93324
69684
81838
90221
79207
99027
73668
80591
85969
93026
74279
87542
70897
90309
88892
76158
81795
101903
96215
91325
90134
75243
94987
73032
90487
75067
89665
83641
78189
76030
94088
87984
90534
88951
84524
81944
87282
81036
79242
70828
85167
84332
79394
70585
92804
83828
81134
91941
96851
79444
90355
83888
71784
77165
87829
91514
100343
75902
72751
80326
85445
100224
99683
75261
90917
83406
76463
99318
70950
76937
90049
101236
91147
99387
77581
78064
95995
100794
101148
90521
96250
76368
76327
82074
93208
84760
81892
84379
89064
73643
100768
97418
90164
87036
90254
95899
91887
101761
83551
72845
83051
100244
73746
80432
91341
85784
70414
80676
78269
90463
79982
90339
98402
78411
72348
72193
72589
89524
78113
89779
81460
100362
85691
79503
70179
78396
79280
84882
100078
99544
83555
77415
70954
87667
97317
77798
82396
94539
76877
95196
95794
89131
80779
73994
98161
76431
81273
86640
84783
71689
78451
77259
78786
94947
87977
82780
94456
72198
81266
72427
98569
70170
71652
70156
73161
95727
97697
94113
70178
83484
100595
86176
99266
89062
102172
86550
99601
99171
90599
72812
99174
98527
85891
78825
91514
99710
87185
78457
93725
87843
78972
85677
79655
77713
93193
87042
88242
71376
78383
94310
69766
81107
97064
97016
97749
71255
78280
71696
83241
82190
72462
89727
77978
94973
71673
90648
73796
96546
80284
83823
89848
100699
88949
83168
77618
93059
79867
79059
74827
81374
76662
73023
72688
88247
71955
86125
93139
70983
75320
101119
71584
97241
81941
78640
74547
73004
73596
73053
87304
72473
81650
96709
97523
74869
96006
85901
70417
92217
79073
76039
82686
82912
98079
87347
79688
78097
81117
90758
80164
79486
94995
79595
96352
90124
93221
92424
69529
98868
97716
81602
71854
85161
90298
95491
91508
94267
85974
79034
77996
89083
90084
88356
88882
87456
83665
93003
100727
94505
99501
95948
79152
76740
74498
72668
100176
77295
97893
98957
101940
96477
85578
70478
74782
99099
89885
71857
72165
100467
78478
77426
96747
69905
96812
74164
96078
95204
73781
75405
89443
88135
86700
100037
70496
96993
83117
77275
100440
80329
72190
79433
72557
76782
78054
89097
87105
83895
81474
96344
98221
89318
94165
92858
99510
91586
100576
70462
99772
95093
77042
82435
74229
80307
85250
81915
92954
97692
92859
87279
90976
93156
75287
93892
71594
72241
84271
85500
76285
79812
83538
88960
90164
78172
89172
101276
101109
85079
87336
94795
88291
97563
70321
93365
92693
97460
89558
99318
79816
90558
76757
93473
74832
82054
85465
84612
83797
71276
81614
70190
84539
99468
99188
81327
92386
73117
86194
75551
92816
84760
93230
79714
75563
101789
97050
84393
93356
72852
78673
92220
88272
76048
74402
83576
97040
83960
98411
72723
86740
83816
81258
83368
97764
95061
83409
85615
76575
101744
76184
83787
75119
97357
73495
102155
101116
95685
70612
94185
99488
75929
81818
79447
70044
76119
93643
75004
80777
75394
94454
92665
83601
75757
95404
96624
78302
89448
74128
94535
72787
82078
83886
92713
90490
101950
99086
88526
99006
88665
102024
92797
78043
82956
80089
93135
100754
101470
77815
82101
89505
70763
71330
93884
70386
100035
71740
78480
96019
77837
93914
81343
71142
84720
102299
98752
92314
82739
94521
76852
94425
78882
73949
79979
70723
75316
71992
80426
85020
85996
102351
83372
97601
89597
76950
71910
101473
100017
90049
92688
98921
93323
84439
98144
87360
70700
92680
95257
75957
94579
100032
85700
72630
85992
99452
85181
95682
72283
73437
100082
84128
83400
79866
87016
88658
91006
78331
101119
92997
73344
100068
101622
77002
75820
70318
79281
97226
88090
82844
72506
78772
99143
74956
81415
77243
85619
96013
102011
81983
98247
84976
93102
86664
70587
87842
98161
88250
71991
92664
72589
84997
71928
85324
97356
95005
101430
93576
70715
102122
75396
101632
83245
81792
95991
94341
76419
79185
74890
80438
88235
98977
84417
91802
79335
74043
78733
73708
86096
98403
100208
89014
87322
77579
70881
95906
101657
95818
87538
82572
98948
96265
90928
80603
78842
75264
89803
86802
96450
74977
72439
70562
96855
94162
98193
96515
91940
86049
94982
84226
82572
97587
84593
86621
95789
96446
99587
84621
100454
97080
87720
81379
72726
99472
83431
83414
73127
91419
90378
96668
82252
86737
85632
85239
79494
89785
81023
86354
79085
89762
95214
101644
83501
73492
70273
89364
94543
94598
77862
70838
76602
92881
95136
85940
77945
91621
88689
76441
76862
73403
79870
87370
86183
96651
77806
78814
83009
84542
77779
98735
100555
77862
76812
76465
81724
88557
74730
85763
93447
83403
78097
74948
75421
86524
75297
76840
82739
78194
98454
92619
97734
71879
78317
72517
75613
79733
99337
72190
85647
86345
72916
90180
98372
101397
91433
91290
99776
83366
87794
81747
82909
99829
95885
85600
73623
90529
97141
84839
101326
90269
93214
100373
74824
81190
78112
83124
96758
102137
91032
87296
95352
79554
88779
100150
93410
73175
81165
98671
91585
73254
71650
100652
99417
75373
82786
92466
77617
93865
70882
92568
95698
86224
74960
101918
75211
72130
76767
102080
78072
91773
80740
81547
84228
90513
87296
87216
87085
95445
75136
84951
73543
82775
91905
84917
94468
98201
77400
86241
90738
94714
75697
100067
73925
82802
99957
100494
97367
90242
76914
96913
92397
100459
85046
78920
86844
89247
101051
92888
94124
99445
91210
70266
91739
80160
88217
92695
98405
85474
74295
91414
80483
100477
97577
92018
90161
89579
82134
100367
71157
91982
86304
85326
94812
74538
76500
71647
101927
87762
102212
77782
77031
74784
70450
75777
90884
75625
70896
101241
89348
78256
89542
100728
76810
95002
94868
70506
80797
76194
87992
74055
87211
75790
85042
102431
86478
84258
81926
85751
92365
74515
100834
85459
77158
102207
73729
90900
78155
88602
88143
72452
91498
77676
95182
75184
73841
71354
96568
87798
93842
70657
74470
93406
102020
82091
91120
102446
81866
94395
84118
82744
83511
79947
79327
78583
83634
91448
85119
73306
90423
82204
94974
83936
76830
77692
84759
75109
95392
97347
71263
82492
92311
93807
85543
100221
101765
94987
94882
89760
75992
95325
87371
90699
97644
78176
90753
102761
98898
76149
77428
79996
95952
94293
84293
99636
96168
97866
73321
96320
96669
86175
90959
76132
85300
93780
88386
102860
102328
75031
91792
86176
77184
70256
84716
73176
88437
85308
94993
89938
73166
82780
77736
70689
92702
73646
86892
100905
82577
85052
97420
102889
95346
91316
101712
74903
95217
77081
71680
77938
83748
90295
82434
98132
74315
93532
90690
93062
72024
93893
89815
87769
101039
97879
101859
71666
75562
76560
73146
86502
80736
77244
84039
92679
73255
77164
87468
102397
92247
75812
78377
101400
88529
86996
72511
83940
102336
101257
75797
83198
94239
72933
78106
95783
93820
100813
88812
77463
101883
103009
84089
72595
83101
72497
79972
97346
74690
82861
102826
101309
92653
82142
74629
86373
90568
86100
72848
84857
78440
87904
97580
75752
99537
98947
100643
98147
74429
96549
97420
83639
94873
96650
100335
92762
95441
94467
87977
84035
75341
91233
76433
97279
93244
81071
80859
78082
93456
85025
99389
94011
96969
73543
71249
71147
94839
93830
72251
96438
79098
82889
76939
86779
72973
75892
74853
99681
71299
94106
99551
86450
80591
94319
73130
100589
71370
83200
73461
90006
97713
90401
74894
89169
101741
71079
97354
70831
83992
87000
76712
76872
91836
83232
96433
84490
84318
101126
96802
96208
75835
80733
94925
73782
92753
93375
97341
73388
83233
91959
83097
71114
100788
85310
91082
98276
82652
86249
101344
77277
100540
84320
71858
75840
77194
81042
82629
75404
75668
78119
96624
102608
89217
89270
75837
81784
78298
98873
93073
93543
100041
70846
96400
102470
97056
94815
80955
101147
75676
84851
95707
93981
76652
100870
86179
81607
78573
85383
82065
91947
89016
85697
75413
91017
72158
81933
98293
81696
98930
97733
74992
92484
73544
74491
88738
102321
77821
87659
80935
95007
97335
91055
81667
92694
72494
95410
87745
99844
87148
98151
97243
102029
97745
80827
72154
83746
96985
79304
75966
78549
82210
86091
95648
84587
99880
84824
89750
88243
96851
74572
99799
94487
79157
89092
81952
78961
79628
101452
82518
88096
74639
81306
86636
74586
72167
95229
98183
87747
85499
94800
75104
78399
83696
102067
81642
101637
91888
76604
85046
78838
73771
75497
85907
98860
97052
88793
75257
92117
86542
96188
81576
86850
91614
87945
95756
77883
77826
71535
71652
94614
71114
101901
85155
88328
90342
94693
95766
94522
74025
82958
81736
93727
88973
86826
91043
92038
76406
92824
94551
74219
78651
98795
101120
88467
70882
98458
93315
82904
78891
92664
79672
80577
100561
99687
84303
83669
86028
87753
74860
97073
84058
97080
75669
88025
88703
81399
73806
75340
86986
96680
96002
99419
71067
72127
96933
102714
89634
86070
102296
94424
101993
86915
83405
72044
102805
80071
72235
73552
84329
81480
91956
94995
74763
72225
84197
83402
81675
74040
96221
100262
80801
88689
90050
79052
75830
86561
95457
91232
74534
82374
101652
85475
72389
90101
81897
80064
85664
93331
102912
100897
95749
85320
94133
91399
77765
85553
80639
102554
73528
88789
94360
71870
88706
82779
75871
89318
101909
90618
95482
98605
96631
79024
91839
95651
76102
81719
79317
100324
103033
84277
87958
78576
94952
85171
99128
74038
72463
75984
92589
70898
99598
93366
74951
76473
89333
85710
74144
76370
89663
74800
100921
88520
76444
93278
94817
100029
97780
83249
84953
80385
91048
88851
91573
84324
86299
76143
97029
80840
84337
73574
70837
78714
93846
97476
82610
86722
74626
97074
94286
85688
74684
71597
88038
74842
78877
102454
88514
74716
86231
92619
80444
83519
97462
103063
101157
98597
71077
95334
83044
101604
86643
101211
85984
86233
85463
87269
101537
92671
82610
76527
101682
98239
89493
89943
70985
88842
83843
76706
72361
95142
85496
84206
85320
92101
85033
82983
92845
102876
80270
90750
90269
78002
98718
76311
99062
87480
100570
90882
88283
101784
99084
74861
83217
96016
98001
82456
101801
80897
84565
77321
100064
73923
71006
74368
91459
73148
95372
75821
97047
79665
76255
85153
91383
100187
87673
72963
92607
77502
96677
80132
102825
73398
90393
102932
80054
94803
93816
76503
73808
84326
87579
92882
82989
88540
80657
88683
95862
76619
85092
88848
100137
78027
83870
77750
96956
79111
99468
92549
103427
85140
93762
101585
79187
82561
101727
98893
89320
78639
100243
75899
82052
84322
79966
72039
85081
86425
83738
96405
100649
71579
89659
89400
77228
82515
92118
76964
89906
74205
95072
96518
91529
74721
75961
79955
87585
90656
93288
92030
96878
98124
71977
93678
95630
83485
94885
87343
93484
81569
79232
76008
80292
77268
92312
103181
90471
78704
86924
100437
91042
96774
81532
71919
71194
77134
89872
80241
72282
76476
71356
71697
77329
73811
91714
86551
88758
101822
80504
73106
84077
88989
95819
80714
79918
97565
89604
83191
92452
85963
83914
76720
93523
77226
79208
96934
78206
91522
80721
78354
80968
101756
88289
85612
92313
91116
75238
85982
73539
78446
96607
87544
87014
91956
93572
74661
84241
88222
91398
73566
90025
91915
95639
74653
95631
94448
89005
78741
71549
85287
88963
92192
100913
81801
78689
76025
93902
72638
99102
99883
99967
100948
85219
83401
88413
74767
95025
96736
83091
87936
88102
78506
78783
85209
98812
73988
100764
80896
92370
81186
97247
92386
86447
83330
91742
80394
88772
76318
88439
73074
72945
79846
92080
77721
99979
71789
95899
88277
86877
96739
71421
87275
83436
95043
75822
88285
99840
96461
84675
84739
84063
95415
91755
82269
74716
88096
83735
80424
79760
79941
103774
82607
99944
84983
77343
98404
76768
89421
73064
86063
85517
99222
82070
94214
94433
80273
86974
91838
102059
74721
93772
73249
72157
72635
78570
90944
85010
86498
79524
82187
91727
73173
90953
92446
83593
85318
88340
73438
95848
100303
103307
88261
71499
72417
87464
101370
85900
82429
74039
87589
72965
81702
81279
96641
78035
87958
102692
89907
79961
100528
86860
103386
79752
100662
88065
94823
88158
92860
97239
94511
86957
94044
94926
83262
87838
92076
97913
85998
101493
77037
85856
101049
75287
101253
103844
91468
103625
78256
99553
84444
84666
95858
85848
80829
77764
101584
89166
82993
76527
96063
81327
74110
91447
85853
76023
93251
76175
79327
96082
75531
99877
97994
94466
93219
103144
93671
92162
77225
98632
71536
91625
80870
88380
80144
94480
99806
100234
73483
77047
84004
74051
92600
88549
73203
98444
83768
96207
75899
73380
95586
102523
82041
85795
73725
93414
91658
82048
94002
80354
90817
91606
88640
90115
86519
77288
103026
103100
99170
76642
72271
88774
93162
103010
89360
73665
71863
77622
88663
95518
88207
80488
80413
77372
102239
77303
89324
97745
92183
98280
80975
74892
88251
91645
77704
94969
76983
100037
92288
74404
100724
80853
81156
84609
74024
84308
102445
94859
100338
77501
94240
101036
89894
95456
80888
84189
84710
73002
91649
78478
91634
103975
75303
87368
75712
88389
77998
94865
94416
103899
83235
74512
78138
101737
76178
79089
89481
99618
91641
84363
75211
94375
87037
95808
74473
80406
87772
93349
93749
84803
85923
93667
87874
80965
74145
101726
76792
84789
88859
99988
83687
98610
87617
76359
88028
75944
91745
75486
72370
96466
91483
77833
94315
72318
79189
84388
102016
92689
101039
80350
79988
72394
102969
91802
79791
73547
83876
74261
99722
97109
102455
76489
88999
90835
93635
90770
73347
84506
89561
98576
87630
84847
80186
83276
76282
99785
75663
92830
102546
88281
97115
91342
77005
74312
100909
75641
100067
90176
87322
97462
71839
89389
103786
77562
90037
84165
98706
100921
92759
90694
89699
96334
102915
71678
77952
81053
88223
81937
74261
103159
72647
85623
94406
79294
103014
76868
96230
102217
84099
103468
76522
72329
101726
71750
103453
79597
100284
79120
76693
95108
91263
103860
72293
103778
86905
93577
81428
89412
83586
101085
98382
86135
75464
100082
87770
100597
95335
79686
98252
86226
99386
82967
85500
101590
86000
100391
72118
80492
101474
73149
76211
99514
96803
81132
75848
79122
74841
85783
96478
98953
98764
89013
98722
99557
76861
78418
81278
85693
74233
95702
76359
94939
83374
93450
91960
96485
102524
80984
71583
99645
76367
93395
89558
79909
89197
91255
98933
100391
102987
78769
72646
72628
89253
89122
84345
91659
76493
95392
88217
101212
77380
85629
91071
86061
72839
98316
82822
71678
82731
96354
90942
79656
74284
98394
85477
72715
98435
85212
100179
103272
77558
99934
99764
76812
93492
92586
89915
97711
75041
91618
98325
87835
94319
89026
97436
71569
72814
90662
86990
79720
73765
78796
79357
82935
80033
76378
74695
86709
73613
92835
96585
77727
102403
75302
80272
84698
101794
103895
77392
76186
74209
102947
77785
89666
99234
93230
76102
84941
89355
93279
77048
79980
74641
72222
77123
95088
79445
78044
77158
103019
79540
91732
97985
100754
85785
91665
89666
74598
89110
75313
99873
72596
76724
96616
100301
90393
83719
98888
98854
82857
96773
93119
100332
102482
101784
101089
84599
90461
92145
85479
89257
75125
100128
72824
74274
74251
100833
101672
81586
95480
80569
103487
72212
88420
86338
102331
84953
78823
89539
87192
99234
76271
103172
74062
82322
84066
90721
72092
94979
97668
73244
77700
83832
92698
103928
73111
86483
85456
90627
87666
84425
103128
85939
101769
98706
81108
75060
81187
91109
81654
77569
85414
101923
97637
84914
82453
88787
97763
92692
101847
94286
101294
77183
96186
75707
86691
76900
77367
90174
79273
97574
94456
103021
91213
99627
95127
79876
95146
81458
89513
89049
97932
91623
101371
91666
102613
84916
96027
96405
90655
78043
90906
94144
74658
93890
81041
88923
91480
87949
83682
99274
87648
99570
98240
85895
91297
100681
89074
72912
98223
79587
82259
91037
99058
94621
90654
78805
101125
81589
89448
91073
80476
100060
84206
99009
78122
81548
100369
91198
81025
92315
103455
87775
98491
75537
72148
89088
74522
85559
102433
95072
79531
77296
76843
85785
94320
99660
87703
99286
91837
87131
99845
100672
90083
98367
74458
73401
95244
97669
88131
92237
99942
95414
95863
88037
88452
103720
84540
79550
82689
100890
101804
90906
82534
83456
87609
103990
98125
104476
74735
83579
94919
81998
95737
96760
81916
95533
100455
72976
98321
102486
73518
78192
99663
87301
98928
92485
88449
99554
102398
98987
97181
79645
99868
96104
73895
75196
93060
87258
97235
91444
80045
86062
86506
80439
75340
92883
89070
98766
83228
80686
81153
90023
82650
77200
102275
75440
98452
86373
85371
77797
89636
100014
104504
103269
89848
73649
74552
96204
101396
84718
83528
93117
79705
88406
97005
97726
99335
79032
84227
99913
88193
72316
91812
88095
73040
93843
102219
84704
93547
80558
87609
87001
72629
77230
96280
74013
78280
77660
94175
92887
84977
89179
86773
93918
95867
97883
80025
84618
94257
87182
77953
75463
95774
82016
101569
92775
97431
76387
99055
91837
96636
78728
92293
78439
74682
99989
102022
75371
85012
89555
98405
78214
78628
102663
76322
95680
98460
81828
76214
91204
81874
92991
85937
84847
99708
104003
103202
101159
74423
80614
97463
90990
100687
77404
85285
102710
83258
83018
90826
77175
77669
83581
74385
98944
81332
103644
92183
84875
103492
98715
82188
103059
80883
81330
96219
73834
74274
92558
78221
78598
83385
73222
74474
93723
79212
98704
73954
80368
82749
81333
102444
99435
102722
92354
96301
104557
89001
79809
81179
98150
74745
101543
83298
74016
74138
79055
101959
103903
72600
93095
95179
89772
102308
95658
77778
96238
84572
92046
87172
96826
87244
93630
83444
81260
88884
75786
95999
78327
94475
93597
93560
91257
87621
101680
86402
90003
74194
89470
101436
90103
95591
78328
80292
102082
73344
100281
94645
79373
84134
97980
77011
74686
74989
95053
83817
77476
76482
84925
92369
102852
87523
85594
86388
102893
99759
103326
87090
74131
90528
92327
98052
95962
91926
79335
79583
83952
99414
81437
84700
74144
91346
84356
82583
101412
86699
102730
93140
94779
86388
98115
93033
97916
87609
103903
87384
90858
82111
103514
102459
81608
96782
76594
100325
104111
89133
87262
95046
103133
83757
75453
78223
96208
100200
77389
98967
101652
94475
77469
73341
91737
87250
86533
94352
82632
78355
74772
96619
95895
84478
92106
72804
103131
96291
73223
89128
81822
95285
86084
84639
97330
90381
95105
77846
80324
85233
96126
77212
99380
100119
87598
89772
77093
93797
79721
81421
77136
73083
97505
86519
77853
104435
84567
90999
97652
89319
89615
83220
79312
98996
85377
93363
103574
81918
96849
91320
76966
99829
86913
88174
86831
102358
79590
81833
76999
101300
100056
93610
102587
82040
84014
100162
79523
87335
89194
74811
90682
73059
76848
73715
98669
102197
87549
89418
94386
83465
79125
98750
88475
79610
87229
93141
90027
96848
74667
92348
102248
85575
97211
93485
82865
79635
86499
87445
95570
90144
74345
94583
75990
74398
93523
89611
93853
87357
87840
95276
76078
84277
82357
85361
101837
104586
94618
74905
103249
76174
103270
103724
82736
101287
79224
97887
73948
102738
100840
101688
72530
84840
99517
78324
81135
84385
76385
99494
101766
83030
74322
89376
88753
103307
90649
74262
88676
104236
99456
103297
89032
95383
73984
103490
96838
85339
79737
79624
100065
86847
99366
103027
72650
89479
85967
73850
101934
90994
102464
77066
78419
98311
93435
104431
75235
90897
97322
93688
103560
86889
84951
73046
76472
75379
101215
84294
76499
86251
92452
98544
88171
95458
96387
89486
77282
102659
78854
84944
102459
79131
94170
99455
95530
90073
86147
96354
77677
92626
104910
78686
87391
74183
92679
96992
95691
97835
79213
76672
102142
100320
103907
104926
97312
90690
82664
96976
85188
103526
83401
104128
80573
96163
81429
85071
78387
94034
84562
75326
73719
85459
92398
100495
96788
101073
91513
80103
79527
77510
75281
83511
74992
104385
93469
103323
89256
97127
90942
100995
79765
84535
97666
79888
100701
88083
103387
88513
100760
93692
80848
73038
74792
76062
80755
104404
74701
84748
75923
79923
92916
89932
100402
80052
77520
88598
98873
87024
92332
103513
97643
82157
94592
84223
79768
80521
97218
96114
77331
103964
89982
85855
92774
77145
93353
100794
100163
73589
79795
86786
98750
77196
103515
76486
76474
79424
78535
89192
85153
103587
103124
95521
88409
91735
82347
88901
78963
97523
103829
92872
93605
97961
89104
80642
98170
96806
77346
94639
91720
94650
89837
83770
74595
74169
80004
73787
98448
99873
97021
90174
75708
91004
86471
88518
90862
87816
78654
98193
104571
78358
89725
80670
87929
74928
93043
101485
100469
97150
74042
87814
104041
95467
100003
98364
74728
94595
90390
82611
73884
99231
103833
88864
86770
74309
73774
94800
76308
99146
103778
92268
93208
90297
90659
91515
103542
77177
81362
86824
95936
97577
98969
74693
96653
74575
90111
101009
97719
85426
72633
100662
83398
73220
87235
95894
94635
100036
97456
90823
90802
94051
97087
97372
72626
91046
77870
88807
94598
86603
83795
86716
73665
73455
103144
79351
103838
101167
90151
75456
102198
80654
96791
89805
85750
88214
85669
102441
101199
105155
92662
82740
91311
78748
80892
87532
96177
92579
89159
98410
90001
90223
81950
98991
81122
87192
104143
90017
103555
85715
81987
84305
105167
103006
102869
74367
81684
84639
89444
80224
101190
80904
93863
73631
76789
97341
94913
82849
78973
95609
97814
77581
95101
80174
74844
102028
93066
91627
87797
91853
82980
74883
97660
105165
83688
98412
97438
75605
81160
73573
73515
79812
82169
72795
103788
96270
88171
100750
97976
83973
92798
89584
78146
78807
91699
86477
78901
87512
77088
93873
73731
99714
104041
87687
88313
96186
73195
99838
88088
78933
103354
103985
95776
99547
90062
82310
93421
82059
77305
77782
99078
104863
103964
85455
103796
85969
103579
78743
95184
93213
91918
89778
82592
92617
74042
82726
88036
94371
101951
96221
83435
99466
78354
98890
100459
85551
98094
99664
100305
90397
103559
87903
91862
74487
104384
82912
85587
79873
98205
97235
76630
104674
90811
96694
103285
79273
73343
89257
82786
84493
92748
98001
93120
83705
76537
84730
81973
95560
105090
103808
97473
79309
104445
97391
87374
98966
78800
103145
99208
103793
85026
89032
91886
87984
85391
87941
92969
98090
93216
76121
75933
97410
92282
104353
95039
73388
79189
93063
84902
102316
102704
95199
91748
102049
92227
77647
81302
101123
103094
90547
90298
99625
82704
104639
95937
88078
80114
91110
75365
86100
101381
82811
88253
78985
74545
103191
100879
74410
76816
95034
72933
91877
75426
95797
90979
77731
88386
103495
86743
82630
82136
76550
103826
104495
86353
101376
93943
97668
105036
89763
75217
75568
74774
88410
92394
86699
104665
103929
90585
89595
101904
99675
92699
96379
98878
83529
104037
86235
90848
91038
101433
91240
77472
81321
87480
86925
100299
74451
75703
90010
84741
88962
85524
95685
97852
77117
78410
93039
76762
104720
77892
85928
97855
88370
77167
95732
77678
90597
75283
73295
73990
92574
74979
89712
77941
80998
88275
77899
105320
89728
81193
84441
100485
82508
100311
74267
100445
103787
86536
83805
74396
92452
77561
92856
82819
80390
75018
83162
73113
105167
81173
79882
86941
99981
105470
86886
97982
73219
88715
105327
91407
87118
102262
80840
95285
85705
81857
99899
87138
97325
76106
90877
75656
75517
105375
103987
84166
100129
86803
97972
73767
104144
100882
78353
89739
77492
79025
104915
79333
77129
105097
95747
90535
77191
82630
92400
103291
102592
91771
94252
104500
90059
89401
93912
84228
83810
79839
77089
72943
78793
97715
94475
93823
85936
81842
103534
84410
92763
95781
80957
87633
100608
89205
103694
78362
75633
81728
80087
85952
93178
94380
74230
77242
86669
87804
85877
96633
103196
84321
97931
94950
83783
77586
73062
74763
103223
103582
88871
82192
87498
76673
96559
83050
74736
92150
82329
105295
103253
78093
83719
95853
104512
87805
86434
103131
96955
82875
73052
102224
75508
104908
85369
74131
89315
79191
80205
81970
99117
82814
95815
103543
74056
91118
82734
84120
83168
100533
80043
99886
87674
100437
90888
80104
74072
103958
76087
92545
103068
103584
75030
83183
95152
95944
86257
74718
74724
74411
77384
75356
103769
101113
84435
79830
102687
94868
82116
102211
99994
101978
76620
98207
92714
96574
102496
76955
91914
77470
83645
96147
92281
98001
91946
80064
81432
78335
78845
104623
90004
85301
104928
73201
103300
77240
77269
82709
97685
93850
85112
75987
88036
85132
81540
80010
89003
97267
99993
84717
105760
75070
80957
75512
89754
97142
104480
93482
73462
74006
103844
82670
91961
85790
85404
86618
105334
94819
93780
94747
86771
78633
95443
100784
97159
105203
101212
99799
85062
85146
78139
94533
84833
98973
102334
99738
92999
83896
73857
84116
99088
73144
100590
100739
75292
99981
85765
86781
73463
74657
84825
74962
102784
89960
97371
100930
100427
87353
73435
90222
94531
93020
77772
90381
85396
86884
80712
83296
104648
91326
105684
103784
76591
99723
103652
96086
105349
103851
87970
103235
91087
102426
96491
89889
85382
87680
88474
91890
92407
88835
96778
91448
103402
105568
87510
81836
86914
75834
77027
80946
99684
104370
89505
98829
76827
80439
78989
80719
88764
90783
87291
92820
99269
100983
73490
84208
77643
81816
79640
81958
89173
102395
102896
87323
102787
92111
76512
104074
90355
103880
83608
91128
90980
92601
92016
73963
93852
74085
87794
75863
101128
104339
92312
103513
93347
92512
88534
77351
95000
99801
95067
105032
95531
89033
85909
103680
88917
104912
92787
86799
85422
79029
89710
88731
96529
75773
94922
92266
77690
74941
89881
79188
92082
74412
92162
77816
90159
100220
80192
97967
92469
88171
73965
89534
105026
76309
102401
77264
95913
82572
99350
83619
83325
74154
81518
90625
73904
91046
93238
78578
98172
78310
74764
97584
81922
79380
89280
82139
95282
82804
82263
85614
95722
76405
99926
87794
99938
92806
74813
85105
97479
79402
105297
75438
84006
97615
74910
90131
84108
94684
95293
81643
82796
80521
94419
81617
96064
83955
99418
77416
103027
98288
92708
87373
102783
78623
106012
79434
84051
102596
86352
82381
105207
101587
100268
101528
76146
93259
82696
89785
94956
93125
89958
77501
78864
78925
99444
89377
99508
103024
86105
82953
96444
74646
73645
94004
84027
93587
104137
102448
82652
103544
86082
99018
103041
74415
87216
95689
102697
104263
81844
101340
79383
77452
79417
100560
89649
104667
102905
89862
95142
103348
91715
78117
80083
104721
82428
105484
80488
104694
86757
89355
76998
94538
85531
75858
80044
104421
82404
82857
97043
76522
79016
80226
80982
88919
79166
79756
74390
91610
82026
94058
90973
101863
73635
100644
80001
85767
75033
98235
105548
79987
92406
96578
102617
75489
93156
94028
95937
86174
82640
80801
79608
88029
77806
89397
82929
87887
85246
100698
79369
105715
76493
89396
100130
100144
100862
82797
78222
79905
102666
90667
79408
103216
74630
75071
85469
80102
81573
80032
84488
95489
98045
100119
92319
86727
78734
102715
73520
84891
74240
77984
74064
82894
90156
105292
75325
84407
91870
80746
78274
84742
82393
77635
91227
78933
98588
99689
104090
77568
85860
100661
82889
94519
86514
78708
100305
87121
79246
103262
78939
75107
101580
82888
82228
91154
91022
82074
105462
91045
76746
77954
105189
98911
92046
95978
104215
92939
78913
74280
94680
103640
105259
100853
100684
95591
84792
78369
90198
104739
73720
83333
97721
103889
104939
81208
83581
101223
76796
100358
87957
75554
98891
83485
74430
89299
75311
93450
86698
84602
74620
92132
80478
96789
103169
100295
87001
95674
77397
88196
102902
90596
86228
77207
100755
102923
100836
97114
79347
84855
74877
86136
89185
76373
83944
99235
86806
89355
103878
92554
77661
76233
92501
75525
106229
94816
105455
95123
94391
76376
94931
90119
102520
95036
105000
95614
96817
86841
86335
82068
92254
80360
76825
105688
82339
83815
101929
87165
100789
100782
82522
92242
88440
74784
87124
103412
74341
103777
102139
90689
82223
102248
83001
91665
74662
103893
82430
92961
99803
87684
104581
78672
100997
94306
103896
103438
78499
105599
105110
100369
96355
93541
76788
100681
102723
104617
91906
83735
105334
97983
80176
101562
80521
91410
98832
93194
91974
104020
98909
98408
95961
89363
80957
89589
105777
101518
75971
98562
93865
101318
91832
86472
74984
104152
83611
102489
76549
76425
88038
81111
79087
85539
88979
85988
91661
77696
81887
87897
84769
83300
100686
84795
76658
93200
85231
77547
95530
77843
106465
86684
84221
80740
73750
84234
92427
104622
96855
91498
102152
82155
102792
87452
93594
75572
76590
76968
90370
79575
83246
94568
103167
96171
96471
99714
103919
85152
102179
96410
80696
98458
76346
105413
76006
103808
75832
92480
94870
100751
74544
103522
80274
100085
78449
87503
104509
78235
86280
83951
89266
100162
101766
92062
87720
99793
91907
101669
81049
101357
97122
94569
93219
75723
92887
103267
100782
84034
103591
102864
82767
99365
102703
85290
80620
93135
101672
91606
88993
104703
92713
92831
106083
94439
84077
84835
98787
85119
89559
91148
80309
97055
81459
78786
88242
86861
96447
103520
96923
83412
77546
99876
78079
75542
100443
91050
79710
74402
75829
102939
78478
101641
100250
98722
98142
100334
88430
102943
87162
76893
88925
77856
80782
77662
79903
81421
75182
79049
89850
105890
106230
83035
95369
93602
91501
103690
82109
85962
91951
74390
81441
84740
93132
82273
77410
105950
93419
74880
88078
103738
90675
100882
86428
80711
99435
98768
97709
94896
84959
98790
105617
86547
77318
81410
104205
86964
89699
95402
91739
77171
104105
75474
81267
91387
76322
93614
87945
95293
92241
90821
102359
102941
103127
85575
75420
95082
92819
102304
87909
104468
104461
95309
74891
96409
94997
94446
97277
75713
93607
94365
104767
81035
75282
77439
84147
104551
91225
85400
94232
89509
100058
74468
98384
76334
74285
91555
78950
92786
88143
80372
82383
88225
76544
84389
89584
97310
85353
89930
81121
81201
80130
79756
93553
90364
100787
97476
79466
98736
91450
106697
88342
87808
94668
100613
89345
90838
106495
82127
84225
87621
84967
75253
93556
82624
96639
82839
74697
93065
77899
85820
75586
84843
80444
97311
92919
74412
84436
104650
102687
74046
84874
76518
92043
98613
91760
97618
101747
75134
94227
87154
75381
102605
87971
81098
81627
84183
85076
75723
83229
96706
74499
84716
81062
93657
81693
95485
101851
77189
99005
85432
104282
88952
100884
78746
91263
74028
79374
76785
77101
81804
84530
104757
99019
104433
74187
76699
85644
82255
81989
81896
99572
97713
82137
106627
78488
74722
92525
89295
83493
86381
91317
76471
80803
96456
92063
99979
101627
106445
83438
99594
101303
90729
80420
101312
100362
101784
91302
91026
92432
91793
83483
88471
105046
94781
80149
90665
94877
86254
77555
94780
96219
98894
78854
99055
74883
75158
98034
95073
102918
100864
102231
81094
76954
74622
106417
76986
87098
79788
93821
104916
102126
87811
74398
83583
77900
95824
85758
91653
105023
80997
88440
96237
97031
88079
84214
93575
76929
94792
81622
85445
104617
102573
106387
84812
83805
97330
77473
98507
96612
98324
74136
83852
95406
103695
93845
89161
91613
85202
88541
83520
97029
102832
100036
78985
105392
102040
102350
83368
90662
86855
92691
93535
80363
100540
104424
93382
83848
84460
93883
102557
97678
95416
95295
76256
99033
100124
104138
95388
85522
89257
83195
90370
105079
90165
75935
94905
104927
99793
100565
76409
100344
106747
104305
77270
99028
92949
77215
106841
85156
85526
80841
92373
88771
83840
94394
82424
87542
96146
89091
93473
94194
78014
102301
88177
78366
105309
99537
98597
76187
82338
84053
98083
103554
104396
78264
93906
95340
87200
76287
77103
76344
77335
83345
104990
98056
85588
79184
87293
81549
103640
86793
75647
83589
96249
85262
103096
77697
105104
79137
78452
94956
92659
95892
92877
78409
88099
96175
103421
99260
99910
92754
104560
92108
95063
102363
80158
85095
99100
95306
93207
82214
94552
91300
100703
82131
99651
74901
80381
78889
104759
75608
89423
102874
84652
85980
88224
81879
91750
97311
99580
104907
91373
90078
77635
82152
101182
94833
89725
104679
99264
95217
87149
104010
99193
85403
97385
82405
85890
86393
81001
103836
79544
105791
89181
104046
86965
74867
96196
85939
76543
75216
77178
103329
96638
102381
98769
75029
83764
104730
75492
77457
102952
102026
106280
76416
75171
106168
93764
106690
94623
74499
85027
89444
95869
76955
101959
99503
104694
88225
80736
75877
94804
77706
97565
82503
94434
103365
91202
79834
89249
99229
78587
84843
103484
78432
106863
106065
103998
81089
86169
75890
76419
97403
89939
84233
81900
81719
87476
87206
86615
91312
88732
83062
93391
75797
92045
92868
105471
104623
93885
86208
91373
99779
75625
106879
103397
90554
95339
83524
96178
90239
104719
104446
89365
87337
77859
84497
89711
103130
104781
94809
89025
87270
86178
86636
77526
94776
91251
83488
94143
90098
97642
97102
89472
83796
77014
87765
81673
78559
95556
76513
86120
104122
82255
107117
102460
79956
81081
99846
98669
80203
82874
81362
79130
84365
89239
79058
78035
83133
94071
98660
99593
81624
77939
96012
75714
82968
94188
99699
92049
86040
83233
100528
101062
81978
83712
93895
93922
83270
83773
87663
80974
104531
82850
101145
98892
95979
98726
98861
85805
76394
100416
81303
104645
106151
93181
79746
100636
84950
106833
80739
99174
96173
84266
86074
95541
102854
76747
104469
83950
77637
87512
84181
99961
92602
101293
107060
101181
75081
100084
99591
84556
98824
78455
102337
101338
97448
88114
91193
76532
98904
95661
96941
76911
97254
76425
75270
82462
103463
95576
77149
101960
81306
78514
106175
80728
80712
103045
81709
80855
78062
96172
80871
83608
97886
95683
98539
90930
92707
90426
88248
105139
89956
75177
80215
106643
82699
87651
90780
100327
74789
77134
78250
88279
84876
93170
85429
105042
93892
86735
102924
74753
100900
107252
88406
85113
75318
89549
101915
83892
101472
79677
74887
84418
77507
93676
90475
82364
83811
97763
103045
82170
94856
90454
105473
90757
84069
86976
98111
83663
80376
84790
81623
96162
79153
105460
82907
84055
87126
96829
75868
99912
105638
85602
101167
101768
102461
102176
86256
103889
104247
103982
95816
84925
99352
107287
87916
100921
79724
98374
102630
84023
75434
97887
89496
102052
84574
80342
103934
101018
79751
89786
79027
102358
92222
89809
99383
106348
96153
85482
88559
83641
87247
88175
98925
92826
78237
100410
82674
86747
77800
84905
103473
100851
103075
94965
96854
91374
95731
104383
106055
83882
86673
107244
101418
96582
86129
91315
80679
105688
76961
94964
82543
107102
79475
82380
89981
82936
75742
76390
78236
90964
89378
87060
85673
88937
77739
78750
103706
105064
96312
103642
89919
104431
97340
90748
97224
97152
84612
106544
102280
100147
84763
84710
83064
105127
99947
103277
92671
90686
92068
75588
92784
99978
97890
97197
80341
94210
99210
85762
106987
94970
75124
87116
102253
96210
89936
81170
83093
95085
90050
103791
103649
82916
82640
75367
101907
83324
107262
86651
78459
78806
83383
106619
75896
76646
91887
92316
99133
89894
92167
88011
100561
87692
91633
81216
104793
83897
96916
87637
105370
90611
77170
101529
103098
105557
87944
88608
82246
89285
97909
83998
97658
101159
92895
80820
105148
91344
97811
99594
101481
74814
101099
91294
75220
86278
79349
96988
105356
85005
106705
87534
76254
93179
91355
102869
99483
81389
106763
81593
95260
81515
106265
98685
82818
106137
87012
107159
91202
92593
81684
98079
92898
106160
93694
102437
84221
102992
75209
97352
92301
77111
96463
92036
101482
88686
84806
95564
104973
80404
101152
78041
77978
93268
106287
85953
78110
100500
86413
99019
105492
103663
80187
84226
92207
102886
91912
96520
79443
93778
88501
95405
100068
96157
97622
80576
87108
105010
80379
84774
79511
99890
87440
102696
95434
101481
77058
83985
75475
83840
100516
101881
85306
91508
102352
104668
98776
75079
106449
82415
75231
89333
100864
88883
78106
105385
97582
99146
99958
80945
106050
93066
94658
97199
103459
83024
78515
92306
101081
82838
80171
81349
94703
96712
95930
97830
96795
92372
92518
91194
103969
102785
82855
96799
99060
92929
87478
93634
105246
96457
105479
95570
96611
94880
104212
88052
77473
78582
86109
93880
102139
89976
77997
78283
88630
98273
101278
75247
82787
96019
99423
81449
105407
103014
77749
99769
74967
107328
104256
75343
85488
87782
98816
106108
90277
82065
75288
80999
90322
84421
75729
78017
107441
97502
100833
85499
90691
89580
94958
83894
84722
83392
93262
99963
87668
95047
97809
91052
91122
83735
85057
90554
90218
89416
104808
79001
97618
96645
86611
77425
80510
96610
100118
91287
83779
82160
95568
106683
98013
87440
100272
94819
99342
105220
93880
95384
81928
91852
79553
105438
84109
89519
98112
106602
94549
85912
79687
88208
101552
99747
99151
104315
106348
79480
77876
91168
101369
103640
87937
105588
96459
76917
104686
88285
95744
98567
101671
107495
75331
107420
87503
88633
93936
78383
93893
83655
95096
95613
107686
85833
90120
102676
87187
83179
83813
96685
88372
77126
104475
75195
84220
104335
93398
76868
92591
86542
80912
83440
97570
103378
76524
91232
84803
93860
100194
86976
101720
105785
77213
105120
106124
98732
89249
101375
103847
92203
81457
81833
76829
90608
75248
91332
104010
85106
84934
107173
78076
88285
99717
97256
75826
75712
82893
92095
97059
85254
87597
103818
98690
86056
80522
102056
87553
97441
97221
76429
84500
104097
91032
100629
83703
83973
99265
100120
81906
88455
88675
90431
104924
101426
103849
96534
76766
75546
80556
94306
81273
101705
78743
102068
75210
94204
100617
107838
94221
94480
84666
91366
76129
84407
93026
88729
80842
84335
103382
99810
96892
82229
78196
81339
82775
77557
82882
87971
88494
81222
77138
83184
89676
93012
101353
105063
100537
94493
89055
79370
99769
78817
92873
96049
106262
89811
89430
81116
102559
95253
85111
106056
77425
92643
81347
102848
82037
75791
97049
95670
79658
96685
101767
77842
105893
83727
89962
88010
93398
76788
84439
105651
107532
81404
102714
90519
84667
104287
103741
81031
81790
96735
79852
86386
96344
105979
81942
80631
104511
98918
80630
95608
97755
85943
106770
98416
77707
107618
82532
76294
84137
89319
81336
80098
85007
76873
100181
92223
98265
104642
82655
92737
79469
78005
95356
91273
75961
101348
85302
105224
83388
93411
104097
81168
105288
104141
98749
100529
80902
76597
89373
79938
83642
107615
95817
93758
94920
81840
76386
103250
83448
93284
92676
88755
87926
103039
78960
90293
82973
83462
85483
104346
79860
80494
79201
95911
78073
100949
105806
106366
89886
75632
93151
93607
83346
100037
99924
107632
98625
89370
93096
77559
88222
98221
90740
75397
96416
81189
81425
103197
99082
82633
98044
105045
86512
90608
86655
102501
103543
84408
79246
106366
75996
100603
81648
96605
87992
93311
87199
83743
87170
101741
86128
84823
75605
107525
88054
92766
91123
94863
93092
101610
86539
89237
94515
102626
92855
97871
81219
81009
85833
88159
90181
91994
105799
91071
80536
85643
82868
106999
105458
83444
81297
97683
94722
81049
87460
102100
84564
83686
87928
104614
76660
107331
86437
86482
100694
93417
85329
85621
88309
94452
106231
105905
100155
88505
78952
94114
87841
107609
99343
87955
92951
103575
98680
97906
97702
105190
80660
88450
101716
90310
99638
80208
98248
94033
87650
83176
98350
107537
80071
79176
105693
92181
95498
91413
92215
89412
88645
100493
106705
95729
83792
106941
107733
76463
88383
99572
79012
82534
90923
98679
84159
90278
103222
98934
98023
85564
92361
80959
90755
77827
90144
80306
103491
106493
96009
89589
103683
89250
93928
77417
79858
98936
94207
96476
98291
99300
94700
76288
93251
86848
101747
92187
96348
95021
105342
83457
86810
90411
83298
107072
102685
101991
92772
99994
89710
88787
97916
105400
95077
83580
83545
99612
86218
85273
103588
80216
100154
106463
93321
76413
101836
78237
77172
86743
93173
84228
76824
96727
80553
101702
89270
83281
82115
82148
94876
92904
77479
106176
104684
103878
81190
101754
75934
87184
78754
105721
98248
107416
104818
98888
89629
91989
104071
99748
92852
92945
83792
104147
83724
79842
100316
97207
86860
88027
96831
85282
100303
88451
85046
79340
100319
75654
98318
75843
86465
100523
81089
97603
77811
89094
92515
78534
85937
91503
104380
80766
106685
81459
98871
103745
90720
81417
106747
104867
98732
94279
105047
81098
77061
92501
103011
77438
82144
102498
105956
102784
94665
78167
89201
81181
87979
92937
97748
81154
81484
85427
79539
99154
89879
81315
92272
98550
92190
93747
98381
104501
95327
100603
86484
105860
88390
87365
94326
88735
93556
95169
85106
83928
76991
98939
104184
94127
89466
81161
78222
77988
105206
93449
76980
86345
92488
81611
104899
105115
79437
85578
78875
93330
93164
98401
107901
98551
96155
97339
92598
86134
92965
88332
103806
85492
105130
87038
99487
93219
89063
107119
78682
106835
84663
78937
83718
89483
79578
97041
100858
108248
106230
100405
89773
85989
89307
104671
93724
97484
91915
90399
103788
92716
84858
76713
87761
76412
83858
106954
86446
85406
106874
85921
99838
108215
108184
80011
91890
107583
95061
102367
98523
93780
92192
92636
79435
81748
94133
96479
88183
76458
96927
76505
106208
83432
87035
80641
82483
92183
78720
101318
81517
95050
78012
89352
98370
89210
97184
78471
98752
91533
97855
97948
105008
81336
84947
91431
99645
97287
98561
76488
91480
75834
96606
107602
83290
83411
97841
80508
89451
103789
86651
87514
106275
98383
81972
83724
85232
90689
101080
98102
106680
107935
92962
76976
83391
91563
96279
102398
76234
101159
106823
105730
92549
104228
106064
81008
89122
102421
96163
82307
98883
83239
101515
92142
89114
89045
80491
93718
92878
89014
100679
106366
90401
76954
98693
91010
83793
80598
102133
107593
103995
79324
103696
106997
101830
105743
104573
99868
84607
102101
106970
84860
89729
101869
81336
85482
94616
78083
81383
104076
76966
94337
106485
79944
95301
100009
81137
86140
79533
103905
108148
98288
86233
100685
87267
94217
85733
91043
101102
79935
101307
94267
103004
79824
95214
100966
79371
79798
94182
93953
105778
92375
80190
85066
93162
103037
106346
99314
85229
99589
98205
86899
84125
107739
95209
87715
101704
106918
97705
104585
101546
77247
77596
108144
103091
84456
104530
88379
80267
96571
97100
84216
89812
94560
101215
106168
97839
105219
80857
80029
103681
95877
90599
87092
95095
80114
77238
78597
106183
79156
81625
93545
75961
91526
88043
92060
106599
76075
95605
105747
98368
100959
85009
79376
81235
106638
94672
105331
89035
90820
79578
97491
76981
97893
94548
97485
104714
99870
82055
96156
105961
101659
101182
104426
89636
98938
81263
77286
93438
90368
100638
97431
79411
100107
77439
94576
108345
84680
102235
96804
97734
106150
102836
93372
90002
88587
103852
79334
106334
96837
98979
82320
86837
94147
77728
86453
106482
84869
76530
79735
89602
90321
107799
107119
97131
77608
99036
96833
81677
108664
88774
95859
86312
108435
90545
92287
77087
76512
101047
93222
90236
108368
89683
94728
80691
100244
85190
88178
87339
76686
98234
99959
101626
97285
93990
81218
91121
91804
81265
103338
88920
87557
106202
86023
79610
96882
86039
103492
84197
95820
90172
102454
76395
82728
86495
77356
99948
90871
87930
93640
88280
78204
77584
90381
83823
92676
90388
98232
96203
79185
91782
83156
100001
86999
96863
84617
99396
79915
105007
88117
105066
107960
96773
104126
81715
108468
94095
89894
104807
95314
104578
87903
96767
102457
81980
86369
102120
83510
84137
106619
78595
83757
105059
88294
98160
99926
90141
77216
98828
107941
102721
90231
81208
99978
102360
96356
87261
86747
89515
78363
101549
102927
76967
89824
97195
106156
85638
107932
104685
102402
83884
88624
99744
93210
100687
89865
79950
79338
104155
83189
93532
76746
105109
105781
98519
84524
77182
78291
103792
91783
87674
104502
76996
95892
99505
86515
103649
87997
100662
94182
85766
76499
87015
93058
86955
104447
96148
76389
88001
102139
80227
90159
96059
87937
77682
82581
92365
99844
78527
82865
106228
108703
108613
83612
96822
81995
91496
98879
94379
88660
78739
99942
85692
89614
79648
104214
95531
90820
81272
86561
79956
106993
79483
86775
83122
88498
89378
84159
76964
78716
86882
78503
99185
99082
79188
79480
76170
94618
92052
83309
77328
92505
107751
99141
92566
87324
102176
107415
79400
100432
83780
78182
92300
90932
86252
95477
93895
100166
83179
93148
79844
77818
104241
100188
84208
99250
95215
107760
107337
94443
96252
95524
90137
93108
84088
83114
107805
106341
85423
89003
87723
92301
103743
91995
76531
76588
106366
106960
98949
88355
105494
76820
76307
81128
88562
85625
92536
89214
93790
103212
99322
100517
87913
93965
101836
93262
105870
93374
80599
77905
80020
101882
101051
100194
80819
87849
95760
79426
101624
80177
98545
93234
76779
85390
87739
98221
84846
104613
86802
90966
82664
83541
105509
91952
105123
103632
78387
104973
79731
90537
104527
89929
92569
101678
96864
101559
90854
108535
95339
107740
88100
106175
89877
98651
86449
88179
83299
98737
94061
96905
92101
102946
107478
83859
94291
106227
76402
85012
80982
83930
81262
85394
89866
92083
85636
77804
82338
83060
83746
83182
99469
97123
103368
80419
99832
97671
97969
104682
78228
77916
105911
101580
97689
100043
87921
91149
80139
108120
82846
97921
102204
93342
92870
106145
91282
92408
108830
86238
94346
106114
80045
89398
80125
107072
108205
96004
86690
92572
79924
106268
101077
89366
98835
93207
89750
99127
79870
77036
90837
88006
95982
104897
98797
107327
102084
100096
78446
91777
102191
85676
101151
77511
105423
91126
88131
91609
84891
83211
103964
94852
104320
81713
95406
81223
105546
80146
84165
93519
78792
96087
101945
94630
108843
102265
89969
76455
101552
97492
99878
83893
92799
101374
100713
77100
92370
102486
89320
95896
102745
104416
103789
92453
84446
102736
83623
92759
81957
104548
93741
85755
85270
89207
102336
104030
103197
87380
91856
91580
89042
80456
86338
88059
96469
94075
87921
95641
76796
89471
95603
92388
88753
91946
100765
82537
102549
94625
101449
90542
103786
78518
95446
87588
105007
80244
94193
85079
82316
91383
84755
88936
100209
81282
80203
83645
84987
91083
87358
100343
99735
101017
99436
79140
89705
77457
106421
104246
82159
98381
99611
99509
104417
79023
95945
87216
83292
77685
93013
97785
103744
80909
78658
79506
77527
84138
104393
108386
84407
87959
87768
100396
109033
105164
106588
79810
108362
93631
96444
107638
82994
106876
107685
104658
104276
85752
98829
82057
101605
107426
94834
96684
82689
89148
80483
83489
99658
90601
96834
94546
76754
81287
107592
81442
90427
87358
103369
78117
103452
108633
108986
84752
104359
97621
103024
83822
79753
79416
104618
78741
82706
81701
109010
94681
86934
84780
94080
97535
86547
86886
107072
98293
98323
101442
96661
103872
100308
83226
89406
83381
87975
91658
80823
102380
85142
98305
109059
105970
94281
107288
77993
93118
85547
93987
92669
97510
107464
103046
87456
94739
94329
76619
99658
103091
108612
81521
100039
106221
101886
80262
77632
97754
96434
78456
76732
105458
100423
88488
96998
101828
101724
86592
78865
84715
108663
91335
81785
103741
91231
81906
91084
90181
85958
80829
85225
85236
88619
86715
94183
101779
96255
83370
94297
83452
86535
105803
92880
80906
99329
97905
84130
93262
77450
99415
98538
87811
90175
103734
92880
104772
104995
91415
99595
108157
95041
105190
87716
79392
106386
84937
85244
80281
89632
82096
80656
93827
103020
80428
89596
90396
101645
108164
101054
94966
83867
97798
92477
80368
104395
80283
90250
84837
105947
104350
104549
83875
94769
107246
78851
80287
87615
77890
109070
106215
93353
83389
89582
76759
81066
106691
89671
106512
99508
85514
93378
81702
106582
100340
78609
82329
99683
85788
84269
86535
105553
94510
94434
92831
96223
94717
109198
108249
77818
101071
100134
89444
91106
78843
88953
104032
108425
93367
80057
78286
90172
79147
85559
86597
87172
93898
104558
90086
95055
104161
98627
79762
104011
102256
87435
88666
82835
92730
78798
78134
78477
92696
88138
80122
104466
77458
92731
109191
97744
81328
77402
95038
108781
90126
82596
102843
87021
99119
83804
109247
81878
103955
104787
92781
90258
103436
98663
99770
108692
78285
97610
94239
79807
90308
99717
104848
94595
105642
95420
84146
81481
79704
95283
91465
97297
104156
102801
83695
90713
104908
90596
89100
89409
103898
87526
81154
107502
107689
107391
98216
101932
78559
92298
89850
93527
99708
92892
101135
93307
108906
104834
79179
80826
98644
78667
77013
101102
91580
79495
106315
104336
101192
97805
86453
86489
107357
77699
91576
89382
92911
89817
98061
94113
105368
101143
89393
87326
94951
88153
81245
104771
82938
109335
104632
105708
83791
100522
103116
105165
105687
90380
109622
89946
78924
108000
101794
79843
102341
86706
98039
89348
103560
84607
89807
89148
89631
77432
77354
83164
83886
102915
99427
105507
106371
77827
98147
89255
80111
99673
99348
99574
86100
95403
90904
96638
95616
87907
79292
81322
94265
106491
100135
84046
86809
94585
105944
96069
77981
86069
96591
91737
108152
85986
88073
77154
78637
90828
88498
84402
100828
77407
102807
79537
88156
100585
105818
96709
78731
99489
103401
107893
105954
109543
90288
104397
89165
86733
89870
96260
101689
106967
84486
79708
79342
81407
87096
104778
80415
78332
97295
100055
94655
97476
94267
78150
86295
92496
104546
83959
87830
103327
103954
83339
79336
81661
86523
104521
92618
90501
92507
108992
78364
100581
102329
100782
106679
97377
80086
81953
78722
81947
106209
101084
109632
89489
96490
100860
105132
103783
95641
106460
85192
89703
85536
100405
104818
87494
99694
92810
80184
99496
108453
93123
106861
106215
105935
99096
103804
106256
92621
103984
90749
91055
89743
106634
96518
78285
108683
92701
88388
82102
80487
102715
99658
78592
94713
93115
93608
106696
100722
99159
101440
104255
108758
78163
106837
78182
109488
105824
83685
77333
93955
107455
85561
108354
80771
91817
105402
85632
106501
102127
95494
86726
86069
98270
95555
86898
88967
98917
105396
99469
86128
109434
108681
92241
106453
98745
80892
82408
87236
108110
93081
107895
95330
99606
82397
84315
104996
86017
89091
97459
107586
84411
104987
91934
99433
107403
103772
95686
100529
94843
86203
104861
78030
98233
87997
80614
91018
96317
81801
99832
104563
81836
81473
95550
84432
92796
85138
81027
82650
107354
99722
96620
106025
98248
80042
85318
100461
100363
90685
82946
105310
95812
97768
109694
91382
94429
92033
83463
93917
82982
81444
91931
88613
89920
97668
98675
90935
104507
82304
108353
90637
97147
92151
95670
105122
109152
99548
100551
94631
101670
89229
89137
88440
89097
88160
81338
101198
82861
108927
79034
90294
108734
101879
99035
90434
85715
93195
107037
88190
91801
79822
91165
100389
83757
87793
104086
84629
87753
95961
86312
80257
91811
100596
86104
109798
99858
88398
98777
108096
102643
95071
108042
97277
97611
84264
109247
88370
109614
86142
107332
91533
82399
101029
98719
108939
84280
109088
95510
99050
108108
84680
102897
81250
105548
94236
108161
107408
92839
81368
90465
105523
83317
106185
109820
108442
109846
85471
91215
86365
92438
95620
83185
92748
109140
88364
82512
106149
104548
81197
106045
81034
85553
98514
92843
81585
100839
106154
88243
94046
103440
100134
96476
79758
107005
100707
86170
93813
79719
81477
92436
81195
84822
108997
80682
92835
78914
99980
105655
107484
106360
94144
103187
103515
104384
89374
77533
90840
89917
107849
87287
91704
106644
96865
104657
108219
80721
103640
101355
98167
77702
98433
108181
95237
93364
81898
77306
102010
100335
80364
80732
88472
105790
107904
84129
84806
90177
92116
91663
78654
106518
104607
97620
98822
82556
106673
83401
97313
96825
108238
85495
109958
81082
81596
81499
78161
80634
102043
80230
106937
90533
89717
97480
83010
107644
83478
108526
83507
104699
93470
84937
105803
107577
102740
108498
90288
81937
83773
79947
77352
105343
108782
96711
94091
105036
91934
99820
103545
96238
94335
93560
103496
102826
107343
95106
85056
105467
81193
101891
101899
83767
97570
85908
94823
104304
109585
106105
82974
95128
98094
89311
104248
77801
100575
91746
90223
104324
109518
100050
106723
80217
83007
85559
96783
97350
97185
91666
81404
81539
96866
84966
85940
99389
93192
103671
92154
96641
100734
106322
102968
84828
105899
87053
95673
105537
79945
89808
81688
104362
99061
97941
81401
92418
93314
86955
101110
104899
106131
85761
84445
105180
94569
108193
89112
97621
86521
95099
104300
106037
85570
89188
87271
84388
80861
94814
93203
104781
109782
107034
93808
102918
108218
89787
79649
83123
86001
92637
107238
95847
100174
89302
99402
103373
104933
87867
108574
95175
101149
95911
97829
109908
107270
97207
80401
99511
79596
82009
98478
78806
90156
90951
95582
102880
103750
85198
80837
89650
88372
94420
82373
78460
95482
94745
91565
90143
94079
101053
85165
81114
79771
89603
97678
107174
78961
104276
103327
108254
77823
96903
105971
85155
86003
84319
97993
79487
102592
107093
89932
105288
95986
81048
101245
98888
92862
107859
84589
101018
94686
90670
100015
82391
80796
105751
88845
85491
78636
81218
87930
93793
101438
102766
102984
104574
97748
94059
88475
78636
106321
93401
104734
79293
105427
103730
83956
110100
77763
82187
94962
94726
107691
94870
79627
98310
81735
88940
81931
86786
87006
94089
106377
109960
95442
108952
102422
106541
94071
91250
96443
85807
101153
93665
83107
80729
81537
79529
90900
102951
85809
82889
99236
84267
102285
83198
90793
100527
110277
95369
80369
108956
85808
107570
108979
84635
87779
105357
110022
82041
110211
109436
94993
91600
90711
105205
106819
101860
88481
86277
93380
106187
104495
90133
99563
104145
81453
87661
78449
98586
80445
96246
80421
105865
90570
83268
88034
81889
91032
95187
91582
109098
84128
80785
99205
91735
96028
105885
86630
90917
93150
100431
104683
88134
105957
97400
90927
79295
81970
104427
95051
107151
87512
108860
103953
85649
85075
78023
77821
105379
102426
94964
104040
90632
85880
98234
100607
87051
90007
86882
89972
83173
96222
95374
81779
87777
79740
78713
93912
87230
108869
93824
103967
80469
80318
98274
100123
77948
86899
80068
89067
98345
103825
101752
98859
82139
88240
87806
99943
83509
95729
85451
78805
102636
99401
106954
89155
83684
98332
86945
89166
95894
102670
78645
77781
108981
90646
108400
109229
101137
81876
107330
108950
107451
94500
93157
85870
95082
97779
103526
107173
92189
88145
86625
106225
96514
105416
102412
102211
92311
87788
89974
82937
94735
103220
78609
96597
91639
102152
98159
98862
96793
89627
109129
101093
86177
91131
92869
100507
96894
89319
98040
108705
96523
92384
88746
87088
99055
85250
78682
105563
102466
89877
101762
107073
94705
85856
110365
85895
96355
83133
105317
94982
93532
98035
97249
103872
91426
95039
105119
105497
109279
104244
86463
100164
85063
85446
103473
92923
100474
109217
95166
93043
108076
98239
84045
87951
95491
92473
89183
78676
97856
84829
82653
83613
108706
96002
80403
99343
86919
92184
81916
89168
109909
86659
80832
86388
84248
94506
90235
89784
79725
84810
109888
100467
108190
91153
110174
108617
85518
100456
91105
84386
108760
110352
94556
109146
82867
106224
96998
78779
107033
85933
86883
98216
97960
79996
90117
81434
92872
98612
87314
102097
102798
84392
110567
107331
106976
97075
102973
81113
107482
88212
90795
88922
81265
81916
87660
110503
109142
86886
84067
108202
92957
97063
98652
106633
94111
95942
87445
108575
82077
94221
80765
81580
93350
83040
81851
102347
80954
96334
96882
106917
94511
100710
92611
87397
103764
102988
87444
84972
105557
95500
106640
99013
89310
98221
109167
81243
107779
81674
108408
101993
93664
95197
102724
103859
94844
89629
103620
83444
110068
86666
106886
83735
99541
85638
97843
84137
105929
97830
99933
88207
109942
92297
95607
102900
80291
79464
90917
80006
104348
83695
87223
103394
109016
100043
100335
106316
106714
81285
88843
90532
82773
83214
95743
98709
98707
90011
104707
92688
88087
106418
78925
103161
83330
104069
109856
82464
87987
81024
95237
88178
103474
83998
86105
98161
81871
91904
99591
84705
84358
101696
78487
107204
89254
85763
105064
100745
89651
96333
108345
103041
88456
87834
89838
105618
106560
93098
106897
107823
106839
95004
88472
83847
80781
98366
98662
80893
102155
104100
107028
93145
102985
97271
110448
93501
93743
78736
91462
97114
91515
88133
100831
81635
84834
84099
80328
96962
85370
88222
106708
94475
103639
98148
83044
103470
98932
78072
82662
88176
101077
89054
109724
80284
95467
80978
88479
84213
98360
96734
90403
87920
79412
82731
103932
102432
92910
89112
109666
104178
110838
86537
93425
98202
83067
84609
104691
110797
78257
106484
91106
100273
80501
82134
108073
85906
81716
99576
109867
90582
110345
93460
85126
98867
82725
98471
103577
84767
100724
81406
86596
81544
98942
86164
80878
85702
87691
98715
94157
95182
91658
104153
108385
106664
80179
103349
83010
109859
103148
102546
104988
100295
109289
105563
104952
82955
86808
89183
82621
88264
101436
89696
97014
107246
85463
86246
79829
98422
99662
103897
103800
104343
102472
90959
83052
106045
79447
91811
94320
79287
91610
105927
99451
110255
79906
88795
94208
84320
98515
108030
86384
83459
93325
94564
109057
88458
94924
86952
97966
88721
106253
80996
100990
80530
95539
87808
91658
106328
95528
102343
84025
110774
98759
94016
83023
93816
110330
81851
108838
107162
80671
110890
91578
82872
79793
94002
104172
89030
107812
89474
107135
83713
99856
93796
99175
89893
109970
83857
109379
91873
85232
108874
105768
84360
99451
84900
107936
99081
97210
108068
87026
82977
83140
87435
104612
108239
102126
103411
109887
100105
93350
96027
108882
86957
110751
92416
92345
93114
108079
102061
108319
89024
108789
102739
95426
102293
90046
97692
92278
85066
106153
109885
78573
99933
78986
93899
96053
92208
108429
90063
101506
105658
107804
109852
101678
78461
108802
109920
87806
109240
106448
100858
90279
100573
100479
92683
100497
95813
88408
86992
82138
85539
109585
79919
81054
107959
95545
89231
98934
107716
84694
104173
100414
82499
97868
102444
80924
80217
101760
98477
106173
84615
110398
105248
86754
105761
98008
104858
83484
87297
101136
106727
87763
110716
85048
93729
105357
82581
83352
98945
110445
105841
87568
82294
108538
98571
97279
79092
104483
90665
102499
93199
83071
89487
81217
108488
93401
93042
78663
84519
85739
91951
90800
80778
83562
81725
80744
80444
110147
90464
79984
84041
91941
79648
80517
109457
108351
83578
95740
78876
96075
84693
96241
81069
98507
88632
100000
104858
102802
92857
90387
92634
96391
85049
107006
97888
106406
92750
84455
84903
100167
92801
78985
104847
100003
96954
97659
91495
95636
91128
104461
109131
107420
79173
106099
99248
81961
105194
105509
89661
104471
79327
87941
109277
85111
100229
89794
83986
91791
83351
89085
103820
93473
109150
95403
91642
89841
103717
79931
82720
79489
102125
90616
79913
88863
100194
94768
103999
107297
89613
90774
91994
84848
101322
96741
99157
100419
98429
99014
97095
103213
100609
92660
85776
88666
86369
100254
106802
79126
87883
104461
89315
82318
90305
108422
98912
85979
84754
95602
101763
97852
83465
103100
109208
92835
85860
81787
109933
105844
98951
84945
97960
102793
102514
98322
95069
97657
95217
86057
82656
82458
79378
89656
102104
107076
87772
102527
110997
108504
110142
81535
83620
88577
88390
80223
106912
108730
100244
78734
108362
110993
81165
84906
81116
82346
89044
81569
82331
80134
100982
99606
83628
78597
84580
90118
96552
104490
86695
104619
94835
97567
99023
96160
90825
94969
98860
79687
84505
109756
89921
95592
78615
106018
82806
92186
107661
96152
102157
88551
81137
107402
94551
110891
109629
108768
86312
100029
98299
104137
104840
102353
95647
89527
81579
89885
83738
80299
102180
82235
107948
102834
107861
79951
87802
94383
101674
88809
108640
97116
94727
105005
109704
100236
92414
78641
96060
80051
109382
85926
84856
83367
87272
104891
94148
84904
97212
83774
105664
86687
111252
90116
80385
91811
85175
82828
89371
92865
95633
111071
81663
100605
94376
89018
105352
91028
103890
81391
110416
93060
89510
85001
83912
98382
102960
110127
104840
81147
96233
104011
86243
104029
99045
94315
102591
110231
93263
94823
86947
98784
80915
85700
90898
86147
105178
102104
88344
92714
98363
88111
90146
81501
102703
106798
107795
87622
82630
104694
110483
105399
103705
83595
103594
102766
96896
107318
79759
90263
81669
78887
101562
90002
99352
91999
103232
95735
107652
79821
96352
98775
103585
89271
104793
107077
103115
100444
87935
101141
80916
96728
94862
83428
88374
91719
89406
99417
96204
97581
81944
92073
107457
101398
106119
90465
87304
99705
86578
102752
91533
93922
86153
83234
107372
96848
93854
97349
86882
85724
104247
104005
79744
83100
108321
101771
93735
104391
91079
91046
81200
87834
81923
107224
105835
102778
90931
104660
105035
100058
108176
110278
88543
90207
97467
98964
90372
78786
96153
107875
92122
87543
90209
107358
86644
82188
103923
80050
106964
102739
107884
88029
94486
89539
86263
91433
86763
94108
96486
84851
107337
105802
105217
85553
106849
85132
89117
81076
91602
90069
86001
92842
100636
103155
95014
102886
101975
101102
101293
98660
91685
105779
90965
81287
105957
102897
102557
95654
102185
91588
82374
94919
107370
85649
81453
91050
98299
100273
102872
109066
110140
108881
104271
101663
103440
102168
86957
95591
86161
102923
88310
103846
86274
104878
107179
107820
111108
84076
106652
102230
82189
83769
91134
80983
111127
95350
107197
87864
89493
96789
99604
79134
105131
102141
94554
82380
100766
92080
84511
103784
90762
105003
86647
104322
105555
96526
109718
86866
98269
109052
108189
90433
97152
97093
84404
100780
84662
81090
89945
99556
83479
106497
90359
97401
94088
91042
99771
111032
102063
85505
90787
93554
94634
80662
86232
105727
108032
82329
101949
82051
81367
111465
85064
102000
95592
97582
106769
94284
85169
108861
102056
81077
92521
100797
103596
86690
87353
85512
98329
96747
93225
100180
93538
109836
102233
90259
110784
110630
94193
101784
104649
104774
99930
79226
81732
110058
100783
89149
89148
80321
97134
102319
85843
82611
105332
88977
86873
81441
88104
84215
102429
109422
102134
93426
97923
79806
110847
84587
86743
85757
106510
101202
90465
81444
88014
87289
110906
84663
79675
80826
110942
91026
97879
104928
82945
85734
87070
85445
103463
96639
92347
107319
92527
84808
100348
93216
93743
107792
110596
101478
105414
93070
98368
97553
82222
82851
103580
101036
88017
91104
106742
86765
105118
106312
90322
83352
103259
101719
110416
109728
102973
95043
88924
98191
82870
86657
101413
99881
88206
82059
84432
101964
95285
93153
97901
80155
87384
94797
99114
107356
93362
93292
101830
93469
87589
86634
102985
91294
92169
105997
93427
88171
85188
85493
92274
87241
88730
110114
95320
86099
105927
100790
106443
101349
84171
109052
109694
108985
98054
83626
85473
81872
109956
84835
92309
92564
91674
104064
91683
105659
94386
103696
94445
83310
100067
90141
109669
93611
93637
81714
81276
95208
90627
111641
79710
103673
100913
95209
82012
85299
90976
94529
99113
87250
89072
89038
81994
80792
102566
80147
103368
92087
90110
96873
82728
97265
83907
111684
108444
92414
82140
88761
100475
110126
101737
108349
96751
101711
109839
101296
103406
79313
93071
87706
103787
109352
81310
93364
83917
92786
90097
80810
79520
103258
93335
84511
102282
104508
88715
100593
81537
80266
105354
84415
105020
86126
85026
97961
111847
109744
109068
108375
107803
100827
83131
102205
88845
90011
105525
82205
87558
102762
107042
86989
85523
82283
86306
95290
108029
84630
85604
86189
80251
108054
84341
84301
88999
81903
101973
100838
104879
98020
97744
94440
103885
99224
90123
92083
102009
90867
83294
102417
91613
90055
92513
92932
81289
92084
85066
89283
96872
87881
95862
111103
83186
84331
105029
100970
88484
95739
100395
85114
81325
91059
108804
99946
109547
94545
94888
90243
85525
96760
101056
99481
103994
104659
101336
106200
85098
86011
106677
89025
107699
104091
92648
100207
94543
102994
90531
111135
83227
98264
111052
97775
105035
102117
110672
96742
86364
111950
95674
110133
105547
81265
82436
81340
109061
103380
107436
82128
108062
104457
103691
81212
90309
95445
99299
89989
111352
82833
96055
88435
94964
97999
83807
100812
101616
100417
105563
86371
103434
83415
108136
80209
89986
105000
83153
85635
100390
80915
102152
87669
88589
111014
95221
82236
102024
94782
91022
97482
90710
95216
79528
101742
89111
108584
84236
102298
87811
109456
96718
100073
107996
109876
99802
106080
90657
86243
94416
81397
80773
102616
94226
104781
88992
90778
101403
105418
111075
107296
93202
87493
80849
101945
98206
85784
105836
83243
97021
90848
105966
108698
88400
100481
89274
100780
88377
110058
86674
95851
108456
100122
94986
107883
109810
95970
98877
83116
110628
95469
94910
110529
83094
103679
90066
86322
112067
103290
96220
111392
91479
101158
92952
99111
85898
79921
111244
101769
108973
93301
82748
95112
85762
104698
98718
106771
94161
102588
100685
83365
79544
92334
105729
87147
88131
104702
86719
85925
82109
82843
86093
90958
87109
82933
109545
103167
95524
93188
83258
98065
83037
103051
109191
99586
86150
87710
89639
81689
108247
80994
102457
108365
96897
100116
106645
90468
87616
95308
97538
94296
101428
81027
110505
88830
88045
97491
111049
99305
91845
93695
87725
80013
80498
101555
90843
80800
104923
104205
107407
85702
99371
99163
105063
98156
88612
87079
102752
80628
111031
93553
109313
93715
100305
85819
82646
111480
83063
88395
111136
87471
83221
97324
85195
108612
90387
97142
109216
97323
105642
107855
102588
111455
97782
107314
102209
79818
79948
83951
108363
88421
106957
98035
101670
87968
108347
82122
88766
104964
111116
110818
83542
89111
111805
84114
110973
86144
86377
111450
107582
98155
85658
82029
100504
91183
85599
101740
80430
101934
97183
85621
81470
84221
106924
87900
79831
102342
90651
84536
93255
85994
97492
102178
93139
81642
89701
96569
111276
83847
92316
81130
87582
86568
108884
105326
102921
93309
95119
92051
84629
103522
102085
83904
87586
109062
94332
88371
107390
85324
111641
104590
102491
109169
83190
111506
99328
96752
93876
108586
107070
79778
83923
87211
109222
87338
109183
89434
88057
93072
110509
101167
87008
110636
90215
100312
103133
110790
102756
105217
109698
105211
105692
85203
99297
103138
93850
102842
87107
89328
104019
90988
95773
89881
87094
92967
94271
81208
86980
106809
108879
103601
100578
99782
85366
105301
90925
87750
80985
107910
84877
91981
103243
87963
106509
97295
108480
99974
106986
86307
99845
101299
100841
109831
84015
102452
112366
107749
88402
103196
109259
95764
96499
110376
84310
104674
103103
91045
101822
94353
81533
91277
109087
81055
97345
112116
83283
110411
98530
104098
84748
85332
108207
97794
98847
97028
87646
110907
89379
88685
97349
111516
80187
89843
89549
103997
98096
80394
90915
92899
88771
99649
108848
89637
97345
85376
94156
81101
104535
91021
79918
92289
105000
103893
108455
98211
80797
79722
98961
81013
96252
104520
86914
85889
101565
86748
103109
80184
97433
103111
90634
91865
84195
80095
110684
104084
87323
98422
88660
83696
108737
100832
105100
111978
99175
93743
89687
110686
96010
81985
86703
81963
97442
106237
81263
93075
112376
81113
95939
105312
87992
98463
104156
90445
88775
107378
109544
108067
101334
94220
101441
99107
100920
100169
104676
84644
81648
85481
99366
99325
96527
92049
94370
89765
107581
90900
97398
90265
85397
97265
101551
87038
92854
103709
93441
79880
104214
86274
104380
80154
80794
92871
80379
95279
87140
111826
83998
100728
84205
90251
112251
82502
100947
95075
109137
85547
93172
101654
112381
88924
92731
90924
97137
101978
86970
103878
111585
105682
100473
82327
103359
102337
82830
95025
97258
94427
107246
89986
90403
91950
90499
99742
95936
100099
96127
105919
94628
88325
103663
96649
96110
89253
109203
80275
101873
100796
95469
97316
106213
103794
81304
92474
91099
97888
83675
81873
85623
107505
103806
84065
82137
93454
101596
86185
109148
82426
102714
103595
89219
89466
107607
80120
109616
80186
110660
80429
111383
104812
95350
95678
83315
97202
84250
110578
94199
93502
109736
80687
102920
101431
85947
107640
92201
79967
103200
100660
105143
112372
109613
96817
107734
85460
90964
102376
108459
104932
106744
103427
97740
107697
81022
91164
107252
97624
82344
94664
82940
88228
106526
99284
101126
97399
96590
105678
97276
96875
98422
109255
95545
97720
106751
91224
108677
110681
89869
95971
106567
97130
108116
92699
107766
108245
97069
89287
104145
105517
82409
97987
102352
86234
102501
93255
90586
105335
81374
85611
83256
96376
107783
91371
84810
98832
85081
89384
92536
106322
92331
105072
110700
110230
93698
86911
99198
110366
107178
108870
91248
110073
92294
105195
108380
96808
110756
97040
107242
91136
85268
84568
110790
101327
103675
105255
102994
99266
102115
90794
101784
84230
103765
88856
87682
88110
108970
88887
104525
90325
92446
83745
111419
89220
88102
97864
98952
101590
96260
92856
81568
107737
88728
103836
85903
106936
108665
91396
107449
104087
85316
91877
89803
94143
81460
85345
95473
94459
102131
98377
99914
95041
84144
92129
102041
107925
112498
87267
81213
87339
106924
108998
100707
98508
106001
108863
87674
80762
97193
101897
81127
107095
94245
85986
84730
92611
98416
80342
86561
83397
87942
112063
103516
111020
98185
94477
91633
88822
110866
81603
104289
111472
109765
88770
80794
93855
86824
94794
106094
93791
93877
103870
98116
90826
91181
96167
91150
106843
81200
105724
104571
96083
82187
90785
109933
97116
102353
97325
101549
107117
95149
86000
95454
105453
89206
87093
94639
80155
80260
86468
107605
91053
107970
110507
94265
92087
104965
109630
90093
103631
104860
108381
87653
96879
101673
90613
90212
82843
81839
87753
80436
95683
111083
102515
89498
104170
112616
106661
109577
98056
103630
105653
100630
88237
100602
82777
96556
103656
99924
110511
104577
87655
98013
81280
97864
104415
98696
99013
90153
102831
104779
98922
100846
107200
107125
97363
97663
82095
100930
97949
85776
111406
109741
105510
102809
106151
83077
93263
92038
107043
106947
112640
101296
101483
104987
96237
91789
93292
92113
100376
99235
98528
92878
111767
97091
84779
98291
99224
107635
84355
90797
90274
107308
105556
85194
101662
108230
105187
84107
96789
93360
105265
92410
94011
88932
94498
89213
107309
84378
92382
101804
108791
83388
82040
83552
87769
94619
91342
100620
100939
83552
95664
103505
93502
87237
87364
83148
106661
87429
83624
84275
94260
106000
90074
89248
95079
85380
86741
97068
81863
83417
86525
83136
102505
83291
103357
98856
100023
111710
80239
98409
92274
97069
105852
112213
98040
95299
85188
92252
97219
85694
110400
81573
99891
95504
107493
98654
87693
84984
103372
94032
98883
89521
82065
90806
89462
83305
86521
112719
103865
93940
91863
109746
92696
97986
109872
107490
107609
95758
83357
102178
112513
91993
95729
91402
108442
85783
93980
90075
106164
91304
109135
95760
86826
96137
106849
82229
107302
109772
91762
83708
100711
110789
89806
88206
85826
110855
107795
97311
106471
111247
87703
103621
90342
104510
86020
81034
95218
93581
105797
99520
83428
84348
106662
102548
85763
89547
111926
81382
92290
99949
86128
86104
105290
93498
91931
86693
84986
103908
104815
107061
92204
91692
92793
88302
96507
97877
100033
100684
81602
95705
89641
98484
80421
86108
103704
99333
83542
81630
102616
80497
108689
98612
107325
80523
112873
97209
104840
93600
100423
87361
111242
81227
108464
110926
81933
81732
95430
88711
96111
86905
102290
94565
112016
92256
89472
95024
113135
88459
81323
109866
105743
105597
86619
94218
99872
110524
99276
104363
91099
98343
106546
80646
109742
112778
81145
104542
92697
110448
81233
102842
103256
91960
106986
85400
97090
87147
99836
85984
87409
89677
93579
106263
104099
85426
84201
84437
111712
106003
86396
90233
100317
91361
107457
112411
88097
82713
80529
99266
85862
103705
110500
109783
90050
87218
91475
89050
88838
90494
97698
108628
82407
107380
82557
93965
101979
80825
90946
108926
97606
112569
109440
88457
105302
96887
104191
89448
104747
86049
91904
81892
109244
90088
105669
88263
95734
94223
97620
86419
87206
110657
98937
90740
93592
97831
89354
88948
92416
88122
93294
85486
82970
94934
85856
92741
100366
107408
94705
91605
92182
104138
81100
97578
101090
99205
84414
91760
99132
86390
82294
84011
80872
91483
83593
100393
88782
100239
102841
100020
89947
104668
107382
104972
98340
100753
110245
89620
101324
83669
106657
109643
86312
102971
92799
86014
86690
96151
94103
84668
84187
87311
81215
81163
112789
108917
94170
83801
106447
105684
92434
96053
97841
96072
80737
103615
81067
96787
93910
91229
112730
85742
99094
110768
95403
98717
86689
110791
112834
112582
80726
106130
105501
105219
110650
102809
83572
108854
104565
94701
91876
89885
106397
104287
108109
94502
88887
92401
104697
99972
92539
102538
95102
109186
93528
104174
100069
92183
101304
97260
83979
82875
85509
106202
91720
100218
101868
101182
111951
103751
85601
97742
93781
111506
108003
112027
101494
100381
105985
91529
84052
111883
109597
88578
96001
85050
108400
108267
86047
101586
90190
94679
89925
106270
81067
109691
107685
82587
97759
86883
108780
107087
103334
99555
100458
82780
106603
99407
113011
82389
103110
97646
102917
85968
96323
105517
86186
109245
93541
85137
109728
97014
85738
112367
110904
86423
102481
85087
92284
112783
88986
96110
104724
100599
89677
83219
105323
97187
92093
104933
100877
108535
81038
83850
86356
91388
82805
104051
90691
82099
94015
104390
101554
98730
100885
86940
83115
91852
83454
108397
87829
104829
112293
92360
86415
99815
104541
106568
106911
101774
100450
94403
110348
84011
103009
97988
95624
83639
112443
93244
90514
101574
86279
81012
95387
111638
96342
111686
95336
93800
85690
101005
108983
88462
86665
97498
94757
88518
106462
105577
108879
93766
82657
91987
109880
111640
98120
98820
98795
101160
110878
107760
88161
102812
109251
103042
97444
92515
111669
108885
94005
97297
102285
91815
109995
110826
108237
93451
93854
84284
83672
90973
87235
87795
101314
81915
89432
98663
90698
87090
101827
101496
82597
109559
107638
87517
100478
103896
86293
81081
101434
91954
112603
108399
90496
86179
83002
105400
89849
87746
102081
105715
86868
82702
88643
83132
101262
106789
93238
84415
102000
105527
83033
92366
110937
86201
96154
91186
92733
91742
111158
101695
99054
99907
107810
101420
102810
98665
90794
88609
88725
113513
93784
106896
98137
109923
99351
96457
106188
103736
88728
109257
84673
107769
91381
98899
95936
83615
87956
84803
82954
83964
95311
97822
85720
99057
90577
84461
90340
87522
102979
94284
109866
98407
97577
108478
96496
112708
110726
96323
87556
101020
97607
83501
86597
89441
82654
98095
82020
107791
106030
105911
97772
107162
98215
95869
88704
81316
93362
99420
99428
85748
94287
108130
106048
93988
98044
99363
90656
105881
86490
101458
95678
86969
97547
82322
87044
88151
83294
84361
94157
92018
96558
94774
95212
98848
86151
106885
83055
96965
104587
90913
107813
102792
110100
100490
108893
111880
101275
102247
86257
113482
93785
82461
95875
108279
87723
83616
94983
85188
92091
102282
105089
93489
92765
90986
95760
104054
96055
93790
89900
90810
101413
102884
90156
91783
102620
91885
97803
91003
102093
108083
85867
103232
106572
92877
99546
106174
88817
99072
83541
103822
112958
82777
100874
96690
83843
102392
84066
111492
104447
102447
110911
98797
82504
81996
83587
113367
94701
87474
98257
94181
84057
108847
88983
84833
103930
105353
98636
113014
110243
108634
88310
111007
89391
105246
113648
111711
113256
105099
107242
86323
92967
97825
95537
84165
100796
107009
89393
106338
81551
109826
83512
111534
85000
97538
92028
109974
102829
109946
98400
88455
84618
93269
109043
82909
101078
102659
90553
108703
82131
109001
111023
101225
81142
95067
104841
101289
99656
93868
105790
84238
96268
100613
105670
93246
98722
100949
88354
108488
92587
81352
84638
83289
97134
100506
109651
103218
101755
90926
90351
83417
109709
92250
103609
107023
93621
93957
82127
99075
109493
90613
95154
102597
111530
84450
99077
113405
107759
81359
101010
84957
100413
109978
89230
108372
90647
113361
83742
100997
83045
103367
86810
89975
107359
99559
90128
96526
94636
111689
82316
84794
83915
113539
82326
95086
105139
103362
109693
107860
83382
100377
84435
85951
93099
107032
91833
101857
95052
83105
87389
112830
107229
92407
99776
109792
106255
111128
105405
104524
86307
84557
108103
91318
96338
81663
89074
102897
92781
85708
98484
103593
83905
89562
88301
101716
108093
99435
85414
93030
96215
93106
108054
86212
110635
93414
96875
84348
93541
108180
82887
109491
108642
97337
109960
111583
110610
111632
101324
110902
95265
108329
105268
87653
90838
112571
93673
98950
89659
98747
109021
104012
101502
96685
97364
108929
100247
93627
91810
111795
110635
105732
84022
99114
108464
88374
84439
98589
112083
91743
101934
113189
105750
101632
84869
105457
107198
103012
111310
86332
85484
101167
83943
84220
107018
113722
102172
81372
88168
97694
111598
86509
89383
87055
101650
103064
103255
111724
106941
96472
107612
107923
103455
113062
89750
111738
103725
96948
91969
93820
83364
81757
82841
87536
108619
106972
97602
99584
100728
109757
91624
94905
98261
92306
81443
101982
92772
94695
82845
107778
102337
109432
92790
83285
82600
90273
83431
103871
110518
93205
91174
86187
112756
112339
106890
88870
98193
107350
112368
108968
100975
112908
100189
91953
105442
107530
94437
103064
109620
89342
107723
99872
107116
101733
84713
105805
111311
99326
95314
93430
100008
85374
106807
82330
102725
83333
89607
88056
112194
111569
113626
99289
107786
84402
108560
112945
101786
103357
91957
109414
103048
111557
112424
95984
105540
96007
89213
100642
94623
105637
106271
113223
113033
90198
96826
85489
84511
105819
99160
85390
92389
105909
85194
94524
90191
92565
83785
101087
102023
109332
91869
108400
86378
96804
102142
88728
95187
107718
100857
92285
98333
83838
102294
82396
105443
84484
106232
99928
86282
103485
110532
98577
92162
102249
97926
86905
112456
83870
96336
82531
101424
82293
100772
88413
102625
88067
87187
88128
86945
112395
102951
106245
86867
83313
107263
101338
111933
103410
103225
98165
100367
107539
103829
97193
112673
105303
113110
102455
104701
112309
90732
100838
108573
102985
114001
104406
93430
104778
82993
88849
105013
111164
100301
103523
87112
97127
84641
91244
82208
109447
110276
86515
83253
92869
97041
100989
102859
112614
113540
102686
92276
110019
82150
85904
112599
113913
82861
114050
95663
110049
110110
102962
88599
97987
86452
111678
90116
94790
101317
89016
110355
90667
105827
105080
86661
109115
113281
81590
90503
81790
103510
82904
97463
83886
90887
83336
83173
83179
111232
108810
110358
108976
95906
94412
88527
92422
109220
93759
83856
87800
98227
83430
107166
93510
89820
96685
93701
84062
82476
93563
83934
94343
108822
104970
106702
82784
109588
90615
101583
102793
95121
113941
102707
83104
103943
110087
103398
106863
106853
112142
86003
96867
86963
113439
95049
91712
83704
103481
84416
85780
103516
110581
104791
93546
111242
100703
103359
99263
103256
89860
98590
93754
83114
90188
100365
88727
104595
83210
112354
113765
104638
99154
111157
86385
84237
104331
109725
84610
97663
103108
101307
93254
83799
90956
89722
113805
114043
101244
100500
102325
107546
113368
83801
100965
112529
97623
95148
93055
106128
95486
107854
111183
83832
86451
105311
95497
111880
97105
101921
97138
97849
107000
85504
94685
99686
108711
86991
84057
109232
105996
108117
102953
97697
112538
112904
96628
111120
99037
108568
105278
89156
82186
95663
90007
112732
106715
109688
107026
98541
84633
101214
114297
104686
94842
106134
87487
101585
91438
92639
89910
110323
82613
100360
88578
86838
88947
91059
111310
93676
91014
93530
111038
104952
94295
94863
99492
84527
95343
96904
113014
109061
109965
84954
113920
94565
112885
98181
111062
110560
82442
83249
111501
86794
98079
113847
88618
93217
94347
100579
102875
96496
103931
98169
105189
111603
101901
105077
83422
110524
87066
102039
81948
82325
102482
109343
99437
98151
110095
91862
82952
87259
109667
114253
89028
95166
89331
83817
108936
107434
99593
106015
87555
111843
103652
102013
91805
105087
92499
106474
109485
94154
84866
91566
89836
93416
107283
112821
99882
102076
102000
114319
93759
95753
87392
90556
86597
82391
92633
106279
99076
92441
92950
85232
107182
87948
89832
114286
84173
86498
103761
92533
107129
91424
92751
94420
90830
91461
88566
112674
104349
114476
105153
91323
112226
106931
111146
94213
95606
82461
112504
110328
83334
81845
112857
94941
98116
92852
95920
108373
104796
94821
92464
102814
96938
114311
82986
103698
113834
96243
93475
106736
94768
99455
104362
109407
83545
96801
97257
89520
100289
85336
88953
87524
95222
114375
84091
106862
87853
85027
90852
87354
87092
108624
98328
91885
92328
97991
94395
109423
98664
99899
88259
106151
111433
108156
85458
88197
93196
112027
110532
86854
110477
102479
94083
91891
111932
102807
112675
106027
96721
109985
110123
84003
104764
111595
112944
93163
99547
97448
101289
98547
92656
99685
89342
102605
89170
82156
100834
108084
104803
106089
102115
109902
96065
101323
102719
108846
87105
96109
92666
90781
105113
103670
91949
95258
109660
92542
112545
87839
84908
90866
111772
87718
86827
97977
97787
101100
86706
82839
105601
82549
91206
103122
106095
97360
85319
103572
90709
87964
81899
82833
99367
105547
86251
89065
106643
82214
95612
110928
90770
103185
105857
110700
102206
90513
114175
102270
99299
87179
90065
94789
88664
85839
99997
99616
108432
99540
99334
86898
100460
106821
101155
89418
94419
109757
104496
110660
94469
101200
98436
100266
91436
114250
114371
112607
82741
84667
85845
92414
96989
92467
110871
91326
105487
90826
89680
97177
112493
114531
86502
83245
109869
108850
93394
114658
89638
108924
85969
103373
95018
107166
97628
97492
110231
109393
88027
106515
97321
110380
86038
86143
111378
96363
88044
100041
114253
100078
93511
102534
106287
88197
86351
113292
97855
99946
114654
96927
114247
89103
113460
89165
83371
84762
114669
111894
94714
90286
95536
91088
92611
106477
109864
106314
82090
91579
84408
104496
106938
113092
88426
94766
95229
110784
98473
88152
109898
82934
99121
110794
83807
82430
98755
111499
101168
113868
114717
92344
108158
104682
100137
86494
114602
107013
96117
82599
97228
84139
90083
109753
109312
93523
93346
90843
102144
89246
82524
104281
94200
90332
88497
104874
95125
101586
110309
104273
92767
107451
104917
91137
100170
82572
90672
101636
112007
110204
91107
113630
98464
93380
88021
109613
82628
100259
103637
112851
101728
107686
89297
83031
98287
86054
100936
98441
98578
107026
111105
88421
101859
106479
101630
100154
103302
98332
114348
101388
100098
111195
84828
106550
110415
86413
86774
86611
87473
90813
91116
89695
86084
99680
96878
98330
105175
96475
98269
83117
94717
105286
89729
106384
107618
83312
97662
83627
101980
108579
112900
104892
95170
102057
109255
104696
109569
109198
87727
110325
87148
85160
102352
86471
97492
110421
108956
114538
98905
112132
84311
88416
101503
83447
93132
91034
90245
105543
95039
109212
98034
83240
86434
87261
114544
104558
107276
90988
89821
89936
85094
107993
111520
100204
94824
107859
97337
100108
89284
84750
97308
87720
104864
83432
88768
107436
95562
95051
96499
106618
104999
85845
110704
103859
93421
110646
111027
104627
96530
86234
95244
101210
98693
93897
93171
84242
100763
98123
97179
107789
92748
114639
86474
105935
83871
107917
109287
92653
96867
94315
108629
82452
82464
91421
111103
101452
86861
94865
103988
85118
103875
83594
89014
97844
108402
103819
96781
113569
96083
104950
93217
87521
101533
102005
86280
82562
85564
108441
102173
98882
89727
86209
109906
91418
89873
110654
87751
85884
110890
112308
113819
91354
99846
114115
84482
113511
86935
96743
89751
97569
98679
82845
99060
104975
90656
97224
84864
94151
85087
102226
89481
100916
92422
89622
84627
90518
100578
100606
112111
113098
104172
93032
96399
100044
96963
82895
112408
96890
98138
85927
106041
106395
102894
89736
112956
108063
93500
106639
104154
83112
99568
111618
110676
86858
83296
112178
83647
99215
97146
88998
109215
88511
96507
86901
106936
84830
84195
96756
89889
108277
100389
106129
115098
108822
112290
90367
85023
90778
103512
92564
101566
87085
89815
98543
91557
90893
99061
84701
93311
101134
104131
108670
87041
94690
110528
99747
103359
114583
92492
103803
82501
90209
110431
82543
87395
103322
106874
87370
113864
93191
106974
104349
101074
107869
91389
95586
106405
94979
103726
90591
100987
109594
89764
99277
103739
96443
96161
93370
110156
91263
96487
90028
107691
96837
105072
92935
92731
85295
108638
88496
86109
103150
82997
114547
94913
111424
83528
107682
83068
94390
86897
103679
95066
102075
97029
103900
103797
104658
94471
83841
87302
110367
112796
112078
102012
97321
86719
105506
103627
112606
83254
106619
102407
89048
101829
84446
109105
93406
87457
112121
97873
97710
96551
86535
97732
85753
112590
105204
114648
110768
106587
108737
94102
100478
101716
100651
84959
106902
83382
109959
93627
108974
103914
94193
84205
98123
95478
95141
105163
111936
100849
91309
113484
94065
107961
88765
99427
97501
99560
90971
82827
86748
93699
96066
92579
85412
98293
89865
93437
88594
83132
84736
102834
93352
89187
107099
101432
92626
87088
85394
111158
90989
97822
98311
109974
85897
89229
83178
91612
105582
95801
86873
103351
83422
108137
93644
111318
85914
114025
86193
83453
84264
99641
95315
106840
114386
97927
108032
110351
113650
92635
113771
90650
82541
94482
93007
84823
88958
99597
96853
99546
107957
82858
90936
92036
99391
96755
105255
114391
86887
104086
101227
93960
83549
106646
97609
115030
86582
99903
97578
84635
84533
88159
96505
106529
102729
83379
105933
85686
99542
92832
112840
83971
99512
84259
106303
113177
113798
97547
90650
99661
102931
98406
86142
83014
89403
103481
101802
105044
85212
106868
114207
113667
105762
108068
102404
91633
99080
99051
107208
112092
94491
113837
102921
104959
104833
99981
108469
84639
86331
108568
96623
98785
112807
103359
95540
91614
85321
115083
106814
88313
84170
107020
103208
107633
94529
114067
90708
110898
114354
86945
104842
82673
96724
102046
93153
92535
112664
106446
110819
105533
88294
87938
93164
111674
92202
101771
90835
112633
100879
93684
100300
110062
87050
97777
113293
92426
112411
93458
107696
99213
89936
100028
111961
97308
109706
88026
98328
108819
108675
89296
99089
95772
106000
84912
104538
106497
112036
85681
104100
90814
113430
115421
91422
85467
94372
85769
99990
111352
103223
91914
90081
90794
95209
102182
114046
109445
84676
95177
89206
85882
108236
108921
96902
90980
106304
108812
110976
85213
109086
89113
106991
86614
113637
85420
110842
94567
103582
86846
89483
94051
89629
115172
94384
88112
98181
99270
101697
89941
84490
106963
90819
87893
90875
103859
100236
111420
102143
96253
114216
83575
115359
89771
109052
112360
105476
98251
112425
87354
109058
93303
113075
85874
107606
96262
100323
94663
96556
106372
103401
92596
87013
99680
84166
114507
98582
87397
110185
96460
86996
107755
104728
105590
94255
107343
92178
99485
106236
110240
104307
113149
102104
106651
108887
84046
108137
92122
109122
114969
84967
115016
87232
90313
83419
107992
104520
100869
104743
114807
100198
101181
100423
98367
94490
90755
104406
105197
108923
95133
113748
103317
83359
91224
103718
104852
85695
103199
88286
86983
110743
89035
87741
93178
91916
106173
110966
93859
110353
114218
112437
86737
114379
99767
96992
114271
84211
110662
103069
88685
85885
98319
106388
85008
100727
105714
99062
107849
90163
109835
91198
90676
83880
88968
93367
83586
95766
115127
89150
110377
114409
91747
88905
109658
103648
83809
110120
96180
96110
106854
109963
105143
85857
92700
108613
88443
97985
110708
102991
112034
108539
87869
107792
105867
94270
89590
87259
105416
114982
109536
114618
105171
85400
102744
96618
102652
89581
95076
88230
108710
108370
87436
108969
112819
111214
112107
92654
106813
103750
94085
94522
90247
99422
104155
109532
95283
98081
99517
84531
88757
105347
99168
100722
84231
111845
86448
96672
92318
98873
94439
91363
111006
87910
94303
113661
111946
103918
109476
109591
93374
102606
110286
115134
90080
92070
111886
113963
112788
105753
95622
97223
103983
93303
111198
105198
111919
107161
114196
112627
114473
97805
92947
94565
87810
88692
104840
101777
111970
109351
87921
92744
92518
100641
83702
104931
102805
88089
114429
86403
106774
83694
88569
101534
99616
110408
91906
100791
114353
104573
94507
99436
83075
90545
86288
86198
115004
87874
97454
113517
98788
112483
100728
87050
108701
92678
103591
99249
96142
94208
99793
103791
84001
85351
90045
103360
98926
95039
103286
106324
108791
93270
100766
107282
85141
86381
87557
100702
97458
84120
84346
87703
100281
103400
87521
85220
106443
95046
96390
97585
112564
89506
106161
92532
109597
87374
112763
105525
101634
88996
93663
88397
105319
83951
109076
84974
85831
99721
94490
87523
96718
97600
111508
91161
88008
110078
103637
93279
108632
112810
87869
96362
105453
90953
90822
90652
110450
87913
104922
107782
83909
106431
94312
92459
106859
108815
96566
109318
92290
84556
89465
107727
101622
104449
94883
89339
108280
100079
90748
97794
98220
106999
104820
88932
102946
87867
94007
83950
104584
106625
114051
106809
96670
101080
88374
111733
109162
90493
106924
90212
88108
98303
105031
104617
93844
102306
115279
110147
85555
111617
106237
98645
83760
92920
109522
98344
109628
107457
107821
104306
102855
86365
90397
96217
101748
97334
109172
87219
100811
104194
86557
98320
98863
105194
92847
100346
113423
110316
90689
112891
84576
89726
93825
109024
99402
107380
98048
111805
106529
83747
109008
98609
108952
89799
83537
99307
102961
91938
109128
104301
95992
115558
113969
102928
93809
107349
87511
97609
94927
103591
103969
86570
113766
115628
112943
89900
106595
110386
100261
113451
83899
86953
91719
92594
86625
102789
111303
103545
113340
86756
90842
97836
101720
111729
104849
103022
84188
112008
108263
112414
96828
111515
107927
115417
92463
111828
109360
113856
92388
83451
114282
84347
106736
94107
100283
92542
90764
99936
94246
93322
89597
88772
107092
114295
85075
101354
106981
94514
90454
98762
93448
108546
104894
86671
89161
83983
113058
104253
111787
102948
102195
95127
106487
100788
85418
87360
98131
85275
103551
110112
85014
115495
95964
110089
96987
115159
104273
114587
103637
103010
109513
85093
97122
95867
97725
101452
100834
103124
113319
91185
100809
90849
108730
104398
109811
104926
103376
86753
98872
103699
100004
85389
104513
115543
107585
102397
115353
107987
112058
104778
111879
85512
114716
93599
92444
97556
112289
85915
98824
84016
105766
108790
107186
91774
110303
91752
92679
101378
89418
84678
100753
95725
113505
97647
109132
101410
108820
88038
103350
113651
86774
112320
84262
94251
88631
86465
102750
84562
112850
89922
105571
98604
112135
100053
113549
100483
98060
91948
90074
91686
112640
111415
86663
88114
104736
109197
89058
110736
93245
94477
85082
100799
97902
100805
105432
112852
88578
96531
103250
106687
89272
86537
111773
84687
97843
111382
87170
92281
88744
95715
105237
107093
87514
104060
89666
88169
92744
103856
101033
112554
96420
88762
102060
84160
109448
88097
97221
89098
115557
96220
86557
95970
89788
103098
109147
108066
103056
96001
111034
88550
91931
115285
109663
110228
101568
103132
94697
83738
89409
86944
104521
105591
97586
108597
114900
91773
111021
113563
113558
98773
114248
95845
95466
96067
89924
90139
90440
100395
111623
110558
88925
91221
110028
86090
108641
93421
87706
88737
104101
108750
99442
85285
92779
85504
85197
98501
101627
99454
85062
107004
111091
83517
104083
110839
91871
98411
90809
85238
114953
88564
83840
85748
105875
115531
105509
96138
108482
111463
86352
111633
104861
112140
87621
114439
92855
110411
89694
106419
90441
96332
105145
85260
113027
112971
113710
96216
87844
107745
86404
114705
111945
96389
87524
88460
100482
91730
99213
91101
83755
85003
114378
96629
101370
88924
109857
113165
100052
104290
85198
87112
94181
84846
106608
86675
110831
89862
115457
110416
112866
109357
96267
95285
109998
111845
101401
92398
94293
94449
104812
103690
108356
95455
99568
104724
115427
112966
83823
107264
110699
86349
87811
98762
110328
113516
115921
105561
96991
110455
90868
85929
115521
101848
100024
96297
105952
87067
113417
109154
93490
113329
96043
89818
93364
90093
109995
103736
87937
107603
83861
111272
89379
105490
90087
106369
88233
113103
86854
92198
97785
104100
96240
91434
94568
97129
102898
110263
97672
102194
87963
89904
88897
85784
105008
92437
114724
111421
91873
99367
108283
107786
111612
95693
100005
109243
93793
112823
92961
93214
97078
83905
107752
95383
98779
102426
98944
87656
102944
85669
84046
103215
96950
89247
88748
93616
91108
110467
85563
100565
98939
102442
86650
96243
96012
85303
109208
107599
109912
93362
108679
109537
86024
106739
89682
105816
107679
99522
96688
111966
91052
90812
97753
98588
90436
101369
85912
100865
104879
98795
83874
93887
95842
96137
114470
101783
89901
93613
84645
107479
93110
93883
104196
100001
84262
109956
105696
88301
108578
101226
106017
90833
83709
84420
106962
93697
93228
92804
90672
84882
91386
99351
90368
91907
89213
101516
103974
100989
106184
90105
93300
112730
105570
99866
98496
114149
115191
97084
87865
90976
96334
98393
97019
89420
90235
112261
113632
90852
106582
100744
97945
101867
86827
110029
86782
92071
94899
111995
115875
83758
85059
98529
104876
91360
87620
101911
95202
83765
96739
93154
100358
93369
107785
87001
89957
87892
112782
110534
87980
89295
108202
101967
87294
90260
87468
84694
88644
88757
105198
93341
97220
86064
90632
98606
90102
106610
87108
95738
115346
85017
103506
111936
110062
104702
90685
100912
89735
112499
113566
102481
99549
85193
85008
111136
88453
100118
115171
97018
112505
106036
88853
114747
110770
91661
114301
91560
86265
87574
95562
114954
99066
109082
104620
90396
84890
98361
100305
113575
85898
104496
113171
100076
87836
104411
98672
115266
115798
96504
86330
111104
110406
99373
89359
86685
105620
97613
107532
100118
98910
91351
113726
99984
102207
94911
94809
85311
92081
110193
102829
103558
85398
83988
92245
104032
91665
104203
89010
106494
102810
90562
106776
112562
100946
86695
93894
88587
113811
114294
112924
102978
101836
106426
86024
94676
99724
93073
94402
109425
101596
107439
106425
87317
112594
84389
89805
103797
85347
104291
103358
114844
98681
106748
111332
108502
103749
115626
98849
106701
86487
99858
100373
100338
102636
85449
97168
115230
83975
101910
116557
98681
84419
87034
95709
86428
110951
86893
104929
110322
109755
88555
99964
109924
104474
84527
93192
94773
106697
99647
109832
99626
90503
91304
98142
113903
109925
109067
110015
84662
97496
100312
101731
108833
110861
108378
97281
94818
106876
86004
96762
90529
108480
103338
111829
99229
105894
107746
103915
88727
98692
113004
108899
96620
111820
106177
94561
88577
100576
91016
96635
94947
101928
113247
114285
86063
88419
96727
114189
111536
111418
89536
115585
98376
91675
93608
115631
95377
106052
109726
89589
96451
102430
95804
87322
99289
88269
109796
103557
89071
85253
105801
103853
112111
109087
113457
113105
96364
89452
105338
93161
107982
87497
85851
106204
111024
103283
99565
97267
116102
92701
102634
87438
112771
108864
116148
111126
114362
106163
113561
99122
103299
108411
93781
89406
107296
115428
87000
115449
96160
89041
86090
88445
93444
113744
109389
104565
94369
89969
92802
84618
85957
103769
111950
94750
88477
109970
107998
91709
88150
105381
109416
113616
107907
84459
90548
85780
89535
102048
98780
98635
96147
96057
86096
97970
115098
89591
109596
106674
101346
97725
107374
114778
98454
96287
110930
101645
94170
98747
100545
113528
103159
108748
102618
106695
101048
92668
95855
101913
105748
100218
95939
98353
95756
87629
116626
96110
94167
95720
114770
101373
108093
108030
108729
102989
88385
110231
86143
91075
90882
101988
87141
106416
115939
90959
111734
96384
102378
115031
106381
90420
109670
93083
104471
110354
115925
107444
87578
99226
88068
99144
100983
103101
112248
103388
92012
104778
93965
104682
103004
104361
93917
114740
90835
107723
88163
109655
103109
93537
87521
101795
115734
111436
92926
113962
98143
90453
100788
101911
102384
100127
93801
84290
90385
86361
100188
100097
114830
86584
92995
88896
109170
110117
107315
100308
98834
98483
84927
108812
89165
101843
86372
102537
114451
103243
85029
115280
96804
85604
114290
116766
97562
100835
113486
85756
85674
116795
112561
115474
100647
89601
101163
89536
98375
102560
91083
88555
95274
101710
110911
115349
95640
85055
84796
102321
89995
111640
87841
99637
100845
102822
110807
100464
104866
112592
88827
90014
102857
89034
113215
102330
100927
98700
106509
85139
110437
101507
92270
110370
93988
116870
110379
108059
96046
98059
90162
87234
92294
93339
108346
87040
91202
109187
98986
100790
87440
90317
97719
100945
105719
87150
87501
112799
98527
107969
102193
104417
100180
86836
113892
99361
105735
87106
98250
115909
109973
90273
98571
109925
102668
112572
93114
114906
94892
97379
108981
101015
103658
96449
92108
107069
104123
89743
107813
101737
105998
87944
86494
95184
101274
96797
114933
88463
105435
95849
94565
86972
104791
102247
94866
92993
99366
111715
92135
106986
86705
85678
94142
85436
110522
104342
94592
114313
88477
101013
104205
90561
100053
116681
95582
88203
95169
96932
108649
111636
97704
104677
91716
85031
93948
101831
85390
91135
90331
107896
94987
102745
87515
85196
94862
104909
94727
96563
100124
113245
95269
85225
93774
101711
87099
84844
105207
98872
109393
111155
97031
105562
116855
84381
87215
92975
104202
115240
97990
94534
113204
94691
96364
93518
98738
99878
107501
113009
105434
97664
108776
111843
108764
97777
115120
93114
103240
88921
96242
94464
86480
90673
103576
106246
95824
113273
116462
111100
110091
95985
116483
94399
104247
107660
96083
88050
102333
93730
117154
97104
90426
108645
92971
102720
93769
88598
97274
89258
115972
103545
87447
92426
113352
110598
107748
85187
95545
115041
88904
91573
99462
88716
113421
115729
94959
93276
99079
112492
93572
89129
97655
111123
92719
106954
95790
95903
93940
98752
89078
115657
89720
112562
102701
94847
93632
107802
110515
113207
108348
88125
115719
102275
106244
98144
115628
86245
113761
105529
115410
112101
113807
101284
109874
111714
86721
112023
99898
86054
100710
96600
95338
100541
116907
109037
105470
88454
108097
110293
101581
98314
90720
105717
116593
97421
112140
89045
105896
98531
87703
109324
94714
115077
86631
105465
105116
89316
109305
86964
93077
85245
86054
108868
109599
104238
90277
95251
97104
110152
86994
106143
92153
113381
94381
86385
114639
114172
112166
84563
88520
115122
104600
111550
90056
101491
112787
102546
88957
100930
95966
102409
100999
90189
100796
89582
114141
89797
96111
115466
116844
115948
104955
109024
114945
101232
102444
88986
105320
108791
114650
100674
89302
99579
85356
95541
94084
101592
109723
86229
88477
106275
110201
107135
88922
115006
110769
116669
112747
86825
86544
92092
110746
112027
86084
92672
93099
104018
94948
116054
89222
87719
108465
113418
90008
114789
111644
86619
104566
97499
106504
108588
86723
98864
114128
91900
92757
92919
95116
97048
97939
93187
108944
87823
95521
89213
98870
89191
102336
99379
114398
113806
104815
107571
95794
91667
93910
93593
98223
86550
91621
88741
112737
116222
88249
106001
99565
89450
87999
105633
111829
94313
116507
107771
109304
109037
93003
88505
94040
90749
108807
98749
101920
103211
97388
111300
92134
95430
93018
100926
87853
106320
96027
92254
85806
114098
86341
90477
88024
108975
88033
88419
101141
99351
105676
97720
96079
105789
97374
102776
101171
115114
100170
114582
93876
114451
115653
92034
93523
112009
100843
104445
87454
100592
98142
109613
94711
100018
95792
114412
97943
103349
111363
92262
114899
95882
89710
96739
107421
102887
107939
109537
97613
107351
85583
94822
90786
88624
115138
93076
109315
88773
86864
105598
100875
98782
116215
94266
90693
97381
87362
109880
111924
100194
116076
87249
87191
93226
114377
106787
112874
101586
96354
103709
106800
103658
95711
86742
90096
107112
89259
109603
96638
96995
107602
106856
96123
106754
108078
115374
103839
89651
86082
108278
109494
103584
98150
93645
96489
93535
115877
98081
111679
112360
104931
97619
99940
100301
117186
105869
86184
96677
102087
88662
91466
102473
110009
111716
103671
106820
102218
95665
112014
85892
105722
109265
99878
94038
91447
116354
103506
91793
117449
107397
100004
89360
115565
88236
94319
86374
92608
103221
103121
91598
91743
93014
110321
96609
95309
91929
85382
90508
99477
106346
106393
88000
116016
113518
89227
94059
102184
112151
115033
108584
98302
106998
103711
94258
115274
89936
87771
109343
117153
96371
96372
102603
99771
104522
117499
96402
86229
85808
98352
91330
105813
104962
91464
90703
108205
89976
113389
102601
108929
87989
85639
91788
91916
102940
112826
99639
96192
101734
91439
111199
110892
103921
116632
116868
107299
89691
90606
111683
94235
99920
98301
86478
99539
99232
85027
114330
95033
106901
106837
95063
95370
100995
114274
113189
87739
102304
114300
87301
88344
107286
97012
92301
113707
112727
113221
98017
100575
97969
86100
112350
86757
109090
103414
95128
96855
114285
85427
106503
110747
102509
99274
88829
115851
94634
116596
106331
96722
113194
92013
113797
94105
107658
109489
111379
88676
110669
97923
117194
103734
97907
108212
93898
85500
89165
96034
112904
86312
94353
104319
105983
112797
114346
117332
110499
98763
95313
87109
95895
85787
111969
92310
113823
88205
88551
114414
88920
85919
86649
112219
90919
113266
108234
108951
110191
100904
115323
88202
111879
94352
99379
101135
111595
112901
115441
86267
97585
108691
114081
99164
99391
108892
108782
92926
96828
116026
85848
110644
102084
111526
96134
96212
108768
98009
99549
86404
109621
99376
99921
88884
106107
86997
108411
114156
114993
111516
112620
92104
95119
117035
113858
108353
94397
110430
114809
101293
114242
97002
87299
110345
89791
94784
97306
85239
105693
97460
92629
117507
98948
101598
87417
103978
86094
100928
85138
96669
100667
97834
113731
86722
91814
100315
107739
116348
116855
89065
109480
89004
95643
86755
98064
106232
114865
117556
114909
111563
91398
90698
92889
95900
110532
116984
90523
103540
117094
112409
108960
113578
111471
115319
94878
117233
85596
105707
93460
105366
97239
97733
106022
90114
110893
113261
107944
104326
101890
86603
109177
106072
117572
94693
90386
92376
104029
110919
90206
87320
109741
102824
112845
112028
117559
97866
98724
96606
116378
87202
86167
103701
89924
112569
85913
102839
108002
111314
91379
91197
99354
94029
106899
94886
114045
98763
92583
92734
97463
103059
101227
117536
114953
91445
112703
85242
114682
99181
103421
98576
102217
102217
85641
87428
109349
98446
97194
89556
109728
86361
105752
99492
115810
89602
103126
101054
85402
97349
91585
96087
101691
101796
106602
89492
94564
102663
109089
105292
91423
96166
88146
95504
101455
114984
109077
111464
97252
107276
90624
107872
115281
114505
94783
109635
87104
110129
93927
111783
110980
90011
96904
114857
87631
104257
90370
92026
117925
100455
87193
93723
94736
87230
98635
89444
116118
94855
92768
112971
86504
114171
116292
114019
100316
113131
117906
115363
105757
115620
109169
111209
115489
114197
102691
109246
117340
96308
103131
112604
99764
86685
115151
116462
98868
92284
116111
112150
91908
114606
88725
107956
102809
115747
94237
93926
115241
103047
88119
90955
93282
87585
114202
113165
98395
114171
87739
85534
114635
85315
98206
102849
95097
101105
114668
88909
103667
87210
90055
93997
114819
88292
100826
92972
99167
97356
109364
95984
88608
110180
99670
89539
95093
94577
108170
95642
101145
104852
113783
96079
94466
100151
95475
109618
102620
90282
90392
103616
101813
102158
102042
93362
116218
98931
117591
110650
86946
98621
116528
99977
89257
100044
100376
112020
116672
95580
91242
99096
108867
106281
96128
108251
97387
92887
115841
111158
97477
104210
97146
102608
111586
90482
103601
100012
102224
103585
112182
85862
103114
115135
104378
115385
96940
108805
88228
107077
90794
103849
97378
95375
115904
110850
98557
102730
91244
102637
115697
115413
96796
99695
108859
106756
111330
92572
112819
100643
88175
97207
107932
87864
111935
98458
95354
115849
100625
112216
111395
102238
106906
88610
96025
86024
93050
116071
103959
106274
102255
91711
117994
94487
94153
104202
116866
117477
104990
104788
116041
111648
98622
112637
112820
100921
103273
87190
112919
104704
98496
91149
104381
105576
116218
106125
90424
102282
85848
91808
112630
93421
116699
109463
113941
115717
92340
117547
97144
116729
89340
112228
100635
113578
101797
89530
86691
89840
92593
108667
116026
114982
97953
97132
117401
105706
95537
103091
117606
106782
116290
111348
109505
117554
113688
95675
95770
112294
103365
111898
108613
99786
86757
88723
87760
116681
107916
103735
105108
98277
88189
113424
97418
111108
115613
88509
87008
104556
112807
113244
117324
91851
117280
89261
96929
114298
97934
109939
89504
112642
115685
97310
96528
108000
112450
95144
99601
95365
103643
105149
97197
117665
91190
106270
116400
87201
111770
94279
98233
117366
97732
93520
95890
112281
96474
109073
94653
98124
99749
102281
89423
109346
94202
88961
89090
97729
108921
115564
93829
86503
117627
114322
107798
87211
95557
113517
102227
99846
88706
115795
89677
107153
103920
87894
93407
88720
103513
95593
107070
96816
109509
109764
90832
91917
111342
107145
99138
104183
109812
90023
94677
91126
89426
91390
100856
90507
88081
117445
116252
104249
90683
93993
115652
115780
112275
96311
118235
102585
98947
109820
90443
85934
110422
92651
90059
112331
117671
111743
91384
110346
108825
111137
94632
107194
98889
99915
90491
93386
113921
89070
89779
118084
105647
106001
116805
100120
96533
107451
114223
101147
118081
86804
116749
87119
111296
98247
117223
88421
105743
100522
113486
112512
92498
96417
87207
96828
104008
110272
108230
107759
112767
86447
86207
90415
97988
102995
116728
95892
88798
98730
91779
94142
107132
97783
111531
102554
113771
97056
105165
98786
110092
109140
99434
87523
105734
115952
99705
117379
104760
97956
104706
93314
115442
90834
104424
98304
106852
106806
90887
86592
114006
101836
95102
88235
87066
88046
116046
114968
112319
113853
86053
87882
108936
112835
98932
91066
87964
97495
94919
92055
110335
109120
113494
88588
112833
104989
111575
117441
115062
111620
97687
101796
91622
104425
103881
87017
88069
106305
90654
87631
94245
96616
93078
95398
89706
91968
113557
93838
102526
88604
102201
104833
106375
96732
87275
112660
88662
87641
108596
87673
114657
116739
114642
86089
97780
115656
98828
91008
116771
108088
111426
95434
105219
113127
94920
92413
114586
97555
96757
112614
107283
92807
86390
105544
87734
117183
94440
99618
117784
117325
97447
109617
106895
93820
103904
95670
103145
100658
94446
97657
90718
86811
108003
95502
118210
88835
94052
112471
91136
87428
117691
111946
118467
102370
111655
106484
91254
100915
89718
95166
104047
97475
113878
116976
102247
117942
110569
101747
103982
111599
106263
101339
100508
106545
92968
91045
99019
101764
93970
87740
99971
90075
99087
102466
112374
98291
112115
116878
97454
114558
110781
92785
107971
116865
96364
105918
87633
105467
98836
88841
89385
91079
118064
93358
114887
105411
96314
98582
104581
87602
99193
111157
99854
106335
112155
108119
90900
115844
88451
110109
96070
98793
114404
99266
117372
89168
115471
102307
91957
108945
115849
87551
106820
101506
114657
94715
111814
92185
99904
115177
86359
101845
115266
108745
91526
109401
114436
100624
114310
113499
107903
89257
86054
97724
107540
101946
112898
113400
111719
96168
87803
87745
95089
109021
98278
95719
114641
90569
111233
113531
103011
118438
86955
90420
115988
101761
117716
110353
113653
97782
104626
104000
107662
87099
108341
95039
114548
101472
100798
113473
92190
107220
89740
104659
118516
112172
96886
113599
104873
95776
109536
90161
89547
99286
109032
86296
108952
108388
99296
92623
102164
97936
107777
88829
91480
100569
114781
112314
111661
111804
112918
100339
97753
86576
88782
96527
88889
102003
95838
118226
106000
89352
112331
111746
93599
94721
115318
111177
102774
110970
97426
110299
89737
112742
96987
90968
96902
90766
99205
110708
92518
94678
108403
106453
104771
113346
117930
103613
90217
96826
113925
94184
106927
112778
101674
109240
101128
89517
94140
109967
107093
88779
116947
91516
103549
101632
103849
89371
96960
114015
97430
89270
100936
90679
104766
87472
90625
99732
88329
105764
92843
95497
97235
113097
97582
106157
101605
117017
115501
114532
92196
114610
99805
116320
106377
100604
89880
102887
87249
117260
98477
92502
88950
117704
99835
88166
112349
86092
99262
118702
116945
87949
117288
110185
115760
104252
101684
104826
112612
109038
91959
115629
116245
113017
92599
101184
88989
108705
110721
102562
97213
98292
109302
109178
95246
106994
102310
88811
101562
100977
110112
109078
100587
105792
103175
100833
101252
116747
111209
108279
111632
97150
101453
117521
100343
114605
98187
111731
97272
92084
114401
100025
111059
108698
105538
112851
114246
104316
106097
107599
101179
86759
103631
104918
109120
88965
105842
106234
109367
90108
86390
112943
117583
98323
101272
92694
102451
117527
97536
114946
107393
97661
99423
107957
98941
115144
97082
114794
87559
96429
93574
107289
100042
117877
94068
104438
90551
103332
99726
112954
90290
116440
86787
112167
93066
101875
98879
92486
107823
108668
105407
107508
104735
111939
114468
86812
89378
105796
94854
90438
97079
107982
97290
96721
112590
93669
96695
102780
100407
88804
109445
88108
118107
112743
107447
96233
108202
102247
86379
116009
94548
96423
104816
115793
116668
93775
94551
108665
103722
90327
110797
110447
102847
103207
101672
98047
113327
98813
95039
92018
105130
88718
111487
110421
95899
115824
111675
117884
111253
98999
106052
110150
99082
110687
112570
97569
114239
105450
90401
95057
90620
99913
92343
111342
106888
116992
108549
113964
102357
108422
106421
93920
113143
118762
99747
108095
116186
118460
96567
95720
92469
96811
86513
100645
117946
104555
113733
105837
110480
116058
104618
111918
89858
88930
119022
92106
87673
91041
104396
94943
105383
86343
116416
94412
109318
101440
118298
88177
100481
102164
93010
109110
116848
105483
104859
93774
107722
118164
94394
92221
94870
99815
91673
107415
101283
98794
107543
114187
98425
103249
93091
103073
108175
116234
111625
109120
87743
95448
97547
103795
94198
102718
100148
103276
94768
107166
91753
109130
116132
114850
107201
103575
98875
101595
88983
108565
117575
94120
106717
104890
103282
105562
95922
115449
89332
106645
112439
117827
117258
99065
116383
90318
102819
111874
118150
118677
109660
89133
93572
114080
118190
112221
107521
118149
97638
105852
118603
90159
91478
93797
100837
86750
108363
87810
118819
89711
118591
118705
107507
97246
112079
115693
107262
94729
91887
110122
115440
94390
90332
109312
108563
89304
114514
116620
117283
111118
108288
102164
88926
105837
99641
105449
107994
111999
96236
110482
86811
95115
94678
103974
86501
86551
93942
88314
118351
111788
118081
99452
94233
97497
105880
99679
86847
94330
98551
90361
93902
87355
91631
117993
89591
91479
113238
92668
114530
98726
91453
108114
106181
115926
105762
101052
105652
89080
93799
96105
116923
116799
99843
103362
90538
93701
103544
95634
94256
103695
89349
115562
94123
114194
115996
87620
96575
94582
96278
106086
107813
93017
95014
118665
104006
116951
101771
104507
91145
105097
119050
92290
87657
98379
112284
101314
108618
111171
105316
104928
115725
105247
98787
99240
110178
92061
95087
114284
103261
110417
103905
86766
109005
105123
117135
86913
90313
109079
91002
97642
101259
99025
88008
100748
98178
91224
92276
94277
88226
109466
109636
107667
88063
100144
98811
100987
102554
114916
115664
109739
87674
114800
118560
95582
107519
109449
111712
93824
92532
116508
107349
118034
96995
97752
92039
117713
102445
110572
100595
104722
101209
110610
91392
89073
96557
102860
86964
103594
98299
109805
109864
89159
110782
96860
115513
116604
93798
110101
107393
94415
89967
111216
112006
93691
105912
92326
100656
111767
104595
86673
92545
111091
89368
100787
100224
105027
112832
108410
119158
111359
92719
99010
117341
105609
87120
91804
95638
89873
92071
108110
109274
114358
112099
111259
91763
105197
91059
103492
92588
89383
93403
94158
114566
113326
93831
95878
96684
118224
93151
92355
113065
117312
114907
101739
88665
118969
112473
115384
118173
108004
94829
101436
98899
118908
107512
115235
91782
90800
114812
116153
88545
94921
107822
89900
107626
100108
91213
108690
116077
96482
109491
109101
110261
103222
96682
101358
114690
94239
103424
98361
104120
88511
95582
117736
99797
111211
107733
102290
117285
108555
109498
112141
118457
112324
105908
109617
103829
114389
91923
116191
104617
111039
87395
95298
112387
105129
101953
110933
98882
99842
92270
115878
98382
101480
88866
116057
111942
99529
96163
97647
100794
106952
106773
102985
90395
97890
95892
104039
95343
89553
107392
92278
116041
107184
100888
99210
113913
115041
97355
107688
117760
111020
95946
92551
105927
107432
103010
117911
111760
97247
106377
107075
98732
88749
106551
97139
118254
111337
103415
102742
99937
111559
117309
106078
114998
100861
110330
116876
102144
113701
116078
98541
93220
108131
116029
97381
91786
88391
101830
108971
117657
90101
91056
116885
94819
110979
109765
99990
95772
119202
105988
115845
95441
91265
102385
92575
108118
113134
93488
92112
89985
103359
94034
87342
87445
109424
105967
114374
112129
113421
115701
104604
91723
101714
118591
93933
98375
88338
118378
113847
89740
93141
98532
101244
118056
92101
109893
114754
111251
104651
111075
113118
115938
107765
99232
107634
106301
105499
102151
108085
117651
109250
110488
117106
103564
95296
110943
116692
111552
88097
102604
105184
110630
108234
93374
95683
98511
100700
89825
101454
116692
106715
110138
117567
113037
106640
102400
91586
99331
92075
92846
89143
117416
89645
118614
90166
100934
104709
105784
113104
96566
100729
99219
102936
112594
113608
87483
116451
91436
92430
91500
109515
93185
90215
87902
89210
105448
101207
108057
99365
90831
102762
116491
114262
113320
89879
107992
95471
106336
103402
92657
89964
106769
105443
113256
100200
91768
96281
95235
95842
111529
96930
99727
94402
116993
96695
91766
90647
110173
114196
88980
89763
114313
110750
97863
89625
100092
101192
113093
103333
118722
102711
111283
100141
90041
102949
118003
86999
119040
113923
115645
110539
100781
99810
100337
106810
109758
107283
88235
99487
104275
91533
117272
116804
114202
94352
110217
98568
98058
103560
103878
113761
113492
119092
87717
111517
118166
115463
87771
115821
110674
98255
99601
119459
92320
108180
112955
96059
100639
108227
93989
106648
90417
98956
102222
100369
109672
102536
113146
106668
87611
98463
116867
90921
108030
108585
96496
105283
91921
88403
96200
105010
90455
117188
113705
94836
112105
117889
92692
106701
95244
90894
110347
116365
96865
92631
117982
88337
96348
91086
116418
92812
107511
108884
91299
94216
96168
97885
98491
108711
101520
119759
119652
100911
91381
112684
110890
87749
113394
113521
93989
114681
108397
117310
90502
113411
111946
115766
108655
92748
111838
119209
114440
114737
91047
113777
98511
114435
113722
118809
104751
96850
98940
99653
102741
114027
90133
97357
94271
97055
107810
101164
106773
92870
98602
90777
103357
95876
116820
102003
117674
89803
104663
87394
119028
112417
95409
113596
112558
106532
107420
109989
110964
90827
94526
103547
89411
119022
105376
88945
117133
102153
99809
108409
89229
109373
99116
116328
104153
107927
118247
104788
91190
118165
98093
97857
93871
104678
105087
97533
108521
87922
98742
113481
97457
92314
91452
97337
91863
87489
99452
110302
119103
95755
119447
118818
98869
98148
119641
107506
98305
108741
115819
100771
107451
115122
91850
94094
118369
90888
97399
109054
95271
105717
118385
110925
94734
116296
118496
101193
90552
119019
109459
91100
89979
116653
91308
104685
95924
88389
113562
114049
108638
103572
101960
88102
114659
113195
94868
90257
92721
116493
108035
114822
115473
105654
107955
89080
117940
92764
98961
91250
99727
113524
116171
97205
102506
118648
96649
92579
107187
106216
109016
92507
109847
110991
94694
119206
94804
109063
92533
105618
98376
109183
99978
103004
114510
95932
116581
105363
101323
96094
112822
97915
101892
98917
109582
101296
115763
101619
111252
97803
94937
109139
110585
102857
94037
97339
104878
104170
96438
96334
112212
99032
103118
108261
94580
116041
104327
114447
104304
91238
94843
115671
101817
107565
113342
100037
88899
113940
106238
111527
103734
91631
88015
117136
99303
111891
103488
107810
103430
105660
103602
98313
92185
100012
92138
100808
106024
119573
97892
97720
105914
114361
100330
88653
98817
95312
118630
105884
95314
118058
100597
109338
101080
99605
116284
114343
98184
91521
99583
102603
119639
109538
101359
102463
111019
110422
100804
119983
108560
100744
109196
110270
99885
116436
104259
96587
96758
90540
103331
102386
113699
101690
110141
102102
90336
103238
112329
114590
106694
117083
93883
87998
110090
90405
108567
93176
92660
104478
116357
113954
102035
100970
87720
115241
106672
109822
110508
103254
114176
111368
119582
105168
105373
90763
98049
110179
116919
105546
108062
95871
100743
105192
115355
116356
89733
109901
112335
117308
101339
94284
110677
109737
111897
117634
115039
105474
90410
112001
107597
118520
96903
99118
89471
94013
106410
116327
110439
101703
88006
98281
103650
98642
98229
108657
112072
89508
99122
120098
100801
87572
112200
97063
105819
114893
90890
104089
109914
103504
89989
112803
101456
100024
114675
114916
99949
111170
96562
116244
112535
90892
100212
94699
100285
94749
93495
119870
115049
119206
106104
94572
95893
110215
109603
102392
108480
117525
115663
100727
90433
96027
87976
107181
115418
117023
98988
110323
107920
97510
97563
99035
119738
105274
111912
96791
100185
118506
90101
103575
107175
101139
104126
93938
87795
91806
119893
104967
109995
119050
91854
103908
108475
99435
108923
95207
91925
88243
105243
91170
104081
89137
107598
111108
99320
120151
107084
95286
106587
102848
100823
95172
88746
108146
112238
102013
100482
99680
113092
104604
119109
101427
114544
98728
118640
94281
88294
114840
89129
109566
116134
117563
112920
119083
101299
105687
101496
91373
95303
102417
90990
108712
114885
102412
110233
95307
109551
91349
93418
99797
101209
106239
96438
92696
107805
91786
109321
90812
101841
110858
117054
93576
107190
107268
94412
119005
95282
106652
95587
119171
111745
119149
91448
95657
97959
105401
108445
96550
100777
88770
92628
87813
105468
119927
118309
101441
119614
111187
102702
96205
103460
98691
104827
97239
112308
97863
107862
115790
115380
110234
101088
87714
118882
102421
114273
118475
90469
89361
103133
93580
116228
109836
92392
89081
90774
95310
114618
116791
92473
108235
89222
114563
89031
98892
97288
92533
92678
115658
115294
100486
98335
117786
89368
91089
104786
96208
101266
97814
109287
110173
98690
114180
113512
93306
88013
93112
96781
118218
98207
108417
92792
88506
93114
114150
96418
104365
91150
97514
100630
110166
112522
93838
88413
103012
114739
105624
115897
100453
93555
115091
114966
97764
116915
101143
108605
97749
108588
119114
106827
115764
99321
92071
114273
111848
106865
92926
107166
113133
100533
110780
115786
117938
96389
113517
106324
110272
117848
88191
93183
103837
100523
117577
110040
118256
98713
108876
110315
104933
118700
117688
113462
118483
100083
96818
110686
95773
91220
111316
112033
95574
91428
111477
110604
98728
97525
108587
116462
90742
89519
107279
101516
116544
99811
115008
106262
111815
100699
106795
120282
118130
116726
101897
118456
96497
100019
99496
94166
110368
106251
95599
110997
92718
112772
92061
115907
99326
114819
90577
92434
99021
103521
113615
100296
104726
102850
114049
91833
89266
98594
110396
100210
96580
102065
114501
100024
90580
116065
90260
102449
116154
114749
100055
113248
117950
99836
91066
89815
89725
115414
100710
115367
96527
119958
104007
107292
88806
89329
118291
96935
99321
118294
115720
102940
119330
107910
96885
111133
113861
117030
105339
100566
95155
113298
110357
104428
91470
103605
94806
114351
94189
100247
111602
111767
115330
116341
88576
100334
110714
105495
95486
95434
97508
104798
99350
108606
90326
102941
118431
115665
119052
89129
95975
111919
116435
99508
109104
112159
102437
94166
102904
100533
92950
104045
92798
115657
94319
120359
90753
115624
102808
100317
108619
103176
110011
118819
116718
90178
98854
89629
114382
119483
96753
101524
92255
119971
106721
104776
108592
107747
114061
91784
95529
116048
120511
97025
109073
104741
108573
111572
114514
116656
117257
89323
119297
112459
102597
107404
105497
111758
91867
104238
115207
104899
108220
109708
104812
101018
112551
95993
118046
104479
94668
101363
98928
90344
101810
115962
91059
98707
107222
119715
111612
92528
96661
89064
118824
92026
111691
100546
114974
99212
103357
118522
115540
96209
88756
119355
92053
89725
103659
106605
110849
92090
116011
112446
119893
109541
114357
100353
97388
93691
110048
93628
112646
90702
103427
117116
95433
118141
113301
112876
109445
102306
90515
105254
106940
94157
109858
88009
91234
113586
104054
105548
90081
102302
91122
99218
112992
88752
93329
89022
118085
95045
109188
97864
95992
118708
90397
93777
99818
112444
88555
110899
99287
98106
97575
103773
110664
108703
117070
88926
120155
94626
93712
95551
88518
110514
101993
118806
111642
99759
93710
89048
107333
117337
101898
116079
118875
111369
97449
104204
114070
104095
89237
111295
108187
89275
91967
88901
112126
93488
93824
114465
111625
111541
106881
113134
103097
101342
104664
114675
97034
108875
93683
108536
114548
118816
90554
116568
120758
94644
120432
103512
117202
98702
106714
115383
107609
104077
95396
102022
93672
109670
94208
108858
110067
104788
101008
97536
94913
101386
93062
113232
96440
108013
92938
91077
120539
99712
115420
117804
119953
120095
111162
113371
117928
111089
104708
109124
115097
98072
118302
120009
100110
96554
111894
99282
107681
105957
120582
120093
120295
113694
99004
92758
117677
114683
112665
112360
103041
102242
90807
90130
115317
101041
108494
90941
89119
99760
117593
95885
95972
117956
94324
120758
107639
100965
112905
97553
109980
106705
100523
89327
101426
117762
93890
114477
116336
106462
97257
118024
102255
112303
99988
119603
119016
107474
107254
92711
98880
97971
119330
96443
94401
104953
109680
115956
89387
113405
101154
100126
103019
91521
95559
111387
88490
102303
119776
93180
94089
119295
110914
120270
89771
92237
100283
113078
90997
103914
91000
110657
113937
115426
88998
116213
102329
91423
108248
118316
113714
100828
118441
120866
118934
103260
116386
96844
95831
98011
92766
92139
98689
116421
108267
99554
99647
111910
119668
93124
102817
113249
97565
105010
97948
105510
109103
112484
92243
102558
120949
108805
114836
104936
113382
92740
104870
112073
96899
88360
101954
112031
97923
93731
92895
119447
98222
102891
97331
119328
92935
99717
108278
118432
120749
102562
109801
96357
103427
92719
115479
90846
101903
102184
89434
111115
105248
97197
119586
113714
90804
96855
115058
95188
94360
97740
118315
110047
111185
112785
110733
104485
91067
91936
107259
95245
110320
98363
107006
92552
99179
114559
105613
99911
92270
114236
96652
113964
118432
102020
104082
96766
107771
101506
107503
105824
111845
88589
98798
95492
100765
112765
99159
99356
91865
111806
112952
110609
103086
88483
109541
107896
95919
89212
107838
100674
89177
96234
94256
117298
116911
92402
110975
108181
113441
115281
114114
113197
119730
100879
102575
108654
107610
120151
117144
112365
111017
120454
119094
93205
91822
102786
101542
99867
98327
109133
115121
89653
111257
98778
102480
101383
102547
103711
107887
89438
94958
119403
101106
95777
92487
121082
112886
109701
95568
120519
117849
95615
103795
96417
99964
95615
90809
106625
96839
100699
116203
120347
100974
88969
100343
107955
105715
88466
115092
90418
108525
105923
93737
96121
97159
106790
108011
120309
93515
117169
115526
100467
116897
108732
96127
101174
108690
97721
103063
99143
106194
119071
98930
119053
117758
113575
118073
110877
118050
110011
101116
89939
107134
117547
107164
94242
95114
110371
118248
119848
119863
109658
108806
113158
94072
89483
119061
115310
113409
105001
120336
113278
104526
107343
99317
118860
100072
105718
116519
95682
117732
108394
110609
91564
111276
109823
88589
98063
117506
112639
113028
92860
116801
91368
103766
114470
91622
115924
110460
104049
95568
115769
90348
117451
96452
92626
109756
118015
94132
98781
102027
117063
112705
100743
100381
101986
109054
93861
111173
92903
118263
96164
120072
95449
120818
92099
117503
94075
115956
111487
111613
115558
115463
121167
113394
113880
116283
111250
94991
99407
93931
118982
102443
99671
107841
113402
97894
112544
101884
106374
105740
97875
113777
118265
106684
102822
116176
101715
90313
108207
104873
107125
103392
117109
115631
105173
114667
105805
96955
110454
90422
96100
106772
119832
101584
100248
104941
116396
102965
99212
104495
111370
90153
100347
117369
114406
110823
107596
100453
102912
115067
115815
91406
110236
104557
93384
117455
110130
106399
97489
99405
112230
103800
93029
120503
113210
104770
111026
102732
88963
120529
120910
112158
98458
103782
88710
106518
94803
110035
119795
117305
103987
109535
109646
105513
104669
106219
112004
90095
105678
89558
94221
115959
115018
115231
92538
103516
103830
106057
92494
96871
117864
95108
90127
100690
115612
109193
117917
121169
111656
119750
101314
92627
106066
111291
116233
108548
116257
104612
94164
114327
119825
119384
102313
103108
93706
109937
114381
103052
89235
121005
104468
112708
102468
107412
100599
91985
105337
90459
112871
99889
95310
94985
96993
96699
103111
113880
97603
91559
114510
101086
109534
120400
107875
108780
96332
112569
97935
111031
97411
114126
92569
121141
109483
106989
115197
112202
99629
121253
101274
118692
97805
109246
116395
94180
103545
114809
114680
99582
115106
108056
110926
102114
114122
117409
116268
90460
117406
94688
121023
113976
96199
112299
97040
99499
103868
98922
106621
102126
117466
105942
97126
89900
97974
114432
90920
115358
102322
112789
120399
104949
100046
110177
93447
119288
114113
94995
118740
118638
109385
95040
99971
119358
117183
119210
111457
103381
117742
104641
102058
107720
103461
107882
112196
118202
106891
110336
107949
96129
92083
102552
92723
89732
115824
112522
92003
103783
100331
88877
114627
105195
115442
90593
112068
100111
118675
104275
104690
103292
116714
104444
103278
99103
89911
103915
93086
109848
119091
88773
101923
110291
88997
109322
95243
100724
95792
93849
112968
110201
113775
115319
96097
114586
114244
120780
112744
99828
109164
115758
103980
91239
100183
108322
121263
117053
93751
116960
110299
90892
97368
104023
114800
105693
93871
106097
118849
107917
105397
95384
106400
99956
114550
105593
113687
101701
118244
90888
99417
101685
114546
116932
96631
113504
101342
90428
110679
109160
116558
117714
96099
108895
103839
108991
99454
100839
92154
111959
114492
102807
112808
89742
97106
105121
112935
102588
112459
108466
108157
99741
111485
93978
112588
117148
95548
106797
88871
120145
100941
93673
111780
90184
106653
101849
103346
119044
116275
119352
119469
93763
91492
98394
119984
112004
119110
97352
103851
96967
95847
100011
98485
112020
99262
102891
98467
106302
106465
94871
98009
99945
97913
93960
115808
97226
92659
94785
94521
113710
103801
91674
97777
97214
117537
96414
97142
95873
117348
118961
99625
92706
92881
95734
104756
89332
120578
94191
117534
120371
95184
90214
99485
93069
116675
105740
116907
116704
95948
101473
109787
102214
108087
117203
97518
115791
89307
120106
113825
103053
111508
119075
97226
107094
92659
103771
110755
121285
111411
104303
101478
110338
118639
94050
97818
94147
115987
97087
120748
107027
118417
91647
117057
90707
118869
103852
108235
90750
92922
115911
109530
93873
97726
117480
111030
105194
109875
120996
101290
97807
115256
109235
97698
106035
95528
96338
98553
94742
96593
106727
117644
105450
89256
89316
118035
115037
102330
95725
104113
107731
109030
117309
90313
91123
114122
106310
107284
98150
119291
100247
94960
102363
119289
90115
105467
117839
101218
108544
108257
116107
101221
112973
115314
97006
94330
107224
115448
109676
99408
109278
109511
101847
111111
113748
96021
114525
109728
115590
102412
110419
121266
114174
111390
117041
119902
98727
108697
103901
105604
98098
101755
110892
116279
99257
106119
112806
114031
114082
113048
104329
94718
100551
100662
119825
98246
116179
101991
115191
108328
114927
97479
114231
108992
93087
105691
120855
89935
93670
108707
101221
104184
119473
120430
94208
104624
119667
99826
98970
121584
100108
115612
92859
114860
96239
103973
90633
95113
91524
117350
106696
110155
111819
110957
95133
101260
119875
99536
89751
109748
104202
91457
94575
118053
117573
108387
110863
103862
102338
90845
113234
115811
109788
96172
98827
97347
95391
97725
120392
119226
93741
119483
99544
91887
118880
113190
117514
109696
102321
115621
94904
105077
99161
93085
114820
95603
91574
109058
104290
95282
111599
90989
95575
121137
110811
94319
109952
119977
102175
110374
99157
115391
99991
119565
101167
104957
121080
91928
95240
105987
100787
112129
106114
109178
118044
101596
107819
109130
94923
101362
113152
102157
118594
96716
97584
89283
92369
117902
110882
105927
93111
89479
94136
119554
108938
97029
115926
111710
108505
117870
119326
120189
98831
113804
90110
98988
107162
89641
98285
92690
104269
98012
107505
91437
99587
121890
118629
95872
97926
110256
115961
118661
115375
98312
120314
94953
107982
97867
112340
116472
109131
115278
97493
109655
101518
113647
108851
93425
116253
112810
91473
104243
117764
112743
119870
104828
101498
99478
105854
111055
94145
114046
103694
99788
90190
119250
107682
95966
106026
103558
121393
100021
90520
91360
114611
90103
102648
105682
90154
120626
101867
113031
105951
96278
89528
94780
114158
94945
110831
110929
118020
97818
101964
107424
115048
98434
107741
119309
97848
104264
100711
96606
105462
117884
90887
103502
105027
102854
117525
117724
89833
119640
91213
115177
108063
112417
93489
92674
116745
121923
119209
91259
96127
110280
98285
102333
89615
107408
99492
115680
112965
94350
111182
93309
89385
103733
120799
95421
114698
116524
117420
113078
95098
104265
116619
95992
110234
90813
94006
90466
118168
91276
90609
91195
92789
97089
114285
111742
94988
95967
100331
110196
90192
99098
112548
110984
94933
98759
97641
93784
104594
92562
95111
121608
90085
97519
117229
115163
105431
93523
109713
105988
105890
114339
92431
113337
108400
98029
104339
116874
97382
108118
117498
122097
111073
111443
101428
102442
108031
120604
107757
109892
114530
116318
97644
108665
121392
98864
102843
118715
99934
109897
115208
92559
97071
115056
98891
112158
91127
112947
109865
99977
92709
98780
97816
89726
106624
117153
95941
119817
111537
97819
111539
106924
99330
102138
95268
106161
101477
116982
121148
102847
113336
122121
106596
102828
105799
92123
122093
92306
100755
101758
95477
109861
106578
97627
91535
99907
119478
94828
102942
117965
118002
99244
107266
98230
92667
121036
112503
114265
103563
104232
93881
113936
113004
105209
101485
92162
110323
118988
113724
108604
112075
115507
112833
98052
95987
110778
121253
93033
107274
114204
118024
118303
104139
104631
98339
114570
108756
105790
97068
101401
99499
120494
111738
117461
112386
92547
106218
115258
118586
114475
96129
102213
113191
99771
104019
115406
113171
120801
116387
92440
106501
106777
92747
110503
109123
102948
93279
105809
109589
113079
116493
102552
90828
103792
106695
96311
105475
110349
115877
96763
102693
104928
96772
97236
105519
91262
98164
115500
108983
119480
109777
106103
101422
95180
98479
118028
103522
92380
105723
104755
103238
94110
95968
120959
108790
99670
114152
116318
99574
112129
114276
93422
97210
93139
115469
102418
103788
119524
113131
118470
96745
107815
106614
93871
89613
94875
97020
99830
120368
113093
121666
96087
111088
91229
113262
95349
116017
97352
109092
96881
115299
109766
106736
97466
100868
91117
91620
111143
103269
108630
89986
112707
119472
96022
117212
98536
114730
114159
104441
114191
91318
116168
99451
114662
102299
106843
103807
96547
104838
95278
104389
105880
121043
107972
120081
102152
109320
120084
100816
101434
112546
106554
122367
120395
118805
103533
91465
114760
102670
121393
92783
122109
108795
94669
100845
114439
92109
103424
90075
98097
97276
101104
118033
97533
98508
104291
104334
101760
115152
112177
92699
101491
120748
121338
96043
99208
98846
93460
115462
121850
90944
110535
121126
118376
98311
116413
94433
99555
109072
101812
116041
107334
112284
98934
107601
108997
108249
121867
96561
91593
107875
107053
120331
91388
97546
121084
114894
106143
93398
103667
116571
116516
97608
101147
106214
98809
113379
94590
119455
91554
96747
115679
116114
99850
100205
114856
101324
96539
93055
111140
89792
100748
106697
120814
110825
101370
91460
99498
107696
100923
100418
115698
92815
112879
121263
105619
117367
93015
106134
115450
121967
96619
110310
118761
111743
117798
106615
118639
99788
99365
107336
113686
98564
93808
94987
113246
94716
113560
98787
108650
90264
109826
114796
120314
112876
109698
108284
96409
114336
98859
91176
110616
118681
105574
119946
110394
113109
106050
108482
122033
108695
108555
120507
98377
93381
101918
118576
118884
107662
94715
96366
95142
99919
94620
95579
117489
119480
90374
116663
104340
111147
115229
112802
119231
98660
93884
109150
115515
119135
108805
112471
113239
106102
99830
115296
92454
99019
91709
121920
115943
92133
94542
107117
96709
97182
116402
97047
116417
93244
121250
119400
120300
110558
109268
113931
91353
121626
119957
107499
119122
117476
105752
122173
122442
107953
99086
120512
115987
96221
96374
111939
91857
94026
114615
101737
111151
96843
106220
104873
102736
118208
122239
102808
95241
104066
114681
99947
117325
121345
95768
92343
99048
117291
110371
105340
90736
102544
116858
112738
116345
120004
117361
92482
108809
98821
108382
97000
96332
102430
94449
101656
104072
119691
96196
99278
104018
104670
100659
105930
100099
102242
114542
119884
91494
116477
104396
92189
99507
116059
115555
114638
99265
95816
91605
97092
107127
97118
112236
90229
101252
106209
112490
99692
91727
93671
96154
121747
116017
114108
102955
98353
115683
106628
90302
95794
92722
101666
103358
109863
108282
114265
107760
96653
96081
101681
120907
90706
101891
117405
114441
92053
102207
121946
94462
108206
111759
106778
94249
98158
93453
90082
92809
106151
118229
116401
118321
102895
91830
113762
91039
116898
118573
100819
90698
108070
98195
106055
111482
100723
117397
94985
120668
93650
101093
119379
106582
100580
121135
99693
112792
100839
122447
110105
108020
122421
103873
118575
114671
106253
103512
116869
117784
101526
108339
117265
111768
113185
122606
98898
101643
118703
121621
101355
121230
99507
92638
122514
117785
112665
118807
116520
93200
117126
118109
109353
121876
104418
110735
105287
111135
117012
102530
96594
103888
114444
97526
111963
104707
122375
113609
91673
97957
100366
91755
114828
91079
94656
97170
111327
98032
111698
112943
108179
92600
114900
119456
110042
108690
104630
120615
106561
91370
94090
122011
92818
101744
104971
115293
103929
118963
93791
106638
117349
108017
96665
112511
118833
120877
110210
95081
120068
116611
94617
120927
96246
119993
108120
92800
90356
109334
106937
91761
92005
121975
108025
122379
101389
99231
117660
101712
117298
90319
97201
97188
99326
107670
122711
113978
101925
122091
92288
92364
106184
112761
120821
103823
107416
103482
91291
95590
115518
100167
92148
122709
101883
90351
111592
122425
106891
118022
95686
104375
115792
103039
117382
106355
113580
106558
92241
100994
90543
121895
98627
120609
114162
92283
115567
97447
107970
119652
104995
112568
108417
91342
103534
91836
116042
97913
103648
101007
115412
115276
110225
114554
101017
94957
119652
115299
93751
115342
112525
120384
116246
99338
101969
105938
111691
94768
99341
114063
102076
98654
104826
121312
111749
94035
115759
116108
119451
99646
96360
95348
121775
114714
98309
99970
112470
119614
115414
98012
93286
112944
91157
97117
117411
116411
121140
98373
120731
95297
122330
109615
99022
119122
92456
92228
91410
120444
100416
92335
102198
100709
115208
102736
109542
108312
92203
103093
96462
116893
96609
119622
121603
112076
96497
96447
103070
121442
122740
108004
119210
102741
100571
114800
113216
113253
115635
119630
100336
118260
91560
90379
92259
90903
100680
113292
116543
121837
121098
110076
102731
109616
101263
107017
111316
93705
95527
94544
120143
112937
119447
104981
106559
94229
110874
103992
98649
96193
104357
94052
114662
101729
120175
91018
122730
110204
104881
109966
103811
116546
112810
116288
120595
105247
115175
110989
114849
105360
117697
109559
122365
106806
104487
117826
103715
113449
95902
93552
112738
100494
100229
95472
99262
118892
115870
117011
100754
117691
94922
101311
119418
120254
90388
93543
111727
95891
104689
109626
107828
97289
91078
103323
101362
103601
117163
102354
120351
106808
93551
109057
119715
110579
92636
98393
106046
120508
103484
102029
102436
122621
116764
121479
101867
96266
106575
121179
108455
91060
114998
106617
120148
119067
104511
112422
119412
121283
111788
105517
122104
120042
105878
119761
121700
95513
117041
102919
110127
91130
104785
120034
110696
118889
98605
99151
109472
107213
112739
91138
115459
117673
106301
98480
104904
122990
112691
117119
112844
96916
121521
101563
96121
101608
99098
104138
93165
107304
91148
101986
108120
114637
105702
123129
113574
117800
113031
119677
90975
118448
122713
101190
109771
121755
117647
107337
102233
95147
100010
106894
121409
116043
94530
123108
116585
99290
101891
115411
112006
117063
109814
114130
118147
112094
121857
105402
104230
115297
114866
97403
114929
96347
114488
94477
106310
99505
103090
115370
108239
120954
113325
113211
91677
117776
90599
97296
115343
96359
107097
117715
97398
113310
117365
117951
114294
103892
100269
102925
113712
91965
105012
103343
107549
106613
95752
121665
92349
97300
95536
97597
107762
123010
98114
111214
106406
91405
117289
107943
111284
109880
104485
117172
104710
101974
104211
117649
92155
111448
115951
95450
112651
111332
97687
103043
114861
117671
103890
111561
93048
113387
108432
120168
107145
123244
95092
118031
122406
109159
97167
100625
112032
92405
113519
96349
96126
106391
106840
110256
101591
91666
109777
104713
109568
123261
120418
120414
106088
98968
107677
100493
105919
97887
103003
110997
101470
111839
109128
94470
101603
96841
97186
112054
113947
95813
117821
112566
104486
101768
109515
118404
115669
100777
117850
96130
118103
95024
115742
106663
104725
119281
105585
101237
100826
116632
119320
121899
107319
112772
109256
108859
109350
95961
99304
106238
102125
107472
97945
101287
102213
113490
109812
92022
96188
97734
107666
109870
91480
109607
105042
104136
123005
117337
93014
103017
118288
121789
112463
99218
97245
118275
94203
107670
117814
99903
98796
105554
115933
115775
96906
105496
99621
118812
118619
104940
91987
108048
109186
97011
119114
103559
123014
115240
96360
98425
95061
104273
105643
115702
116361
113202
98072
121603
92393
112128
104285
119460
104243
92440
117941
110138
121881
111857
112140
112399
94601
92751
107876
92720
116529
116154
98935
96379
119363
102447
112797
101624
100981
112661
113649
118125
112717
95858
92591
117036
96411
119903
116705
117296
104775
107706
92219
113768
111436
116250
94787
106323
108037
114952
104629
112077
120744
104044
97829
92201
122640
119365
117990
101503
96959
112285
99883
100679
96547
103101
117868
99879
95768
105117
109835
106250
102831
119454
109880
118130
99373
91003
106002
97295
111447
92797
97294
96400
109805
104943
122269
112569
109173
114130
111881
106422
98873
96466
92576
117935
108947
118136
101397
99228
109672
116640
109091
116571
114163
121390
99699
115711
116420
115965
111040
99436
103432
104216
122425
108065
101386
106797
118311
98132
101370
93246
115919
92996
119534
100506
92314
110795
106022
117004
123251
112434
121492
114258
112241
97610
102299
100048
110262
100024
91928
116358
113047
111505
95903
121664
107005
112167
110087
106764
102666
105250
102184
121585
107520
104402
103139
103390
104799
103107
122723
101345
121166
105106
111523
99737
122172
114432
109616
100334
113351
98373
116017
92159
120285
116903
114084
110428
97825
107594
114666
111222
97168
109386
95110
93012
118372
119303
121890
93319
108088
103360
109010
98399
119918
109412
122525
116831
114126
118436
93498
94447
102255
106317
111895
118097
113371
116437
98208
94166
97646
94259
123581
102994
95999
103412
109724
123597
103363
117388
113842
100475
118125
104682
93692
95471
100250
93007
95883
120203
101229
111199
122943
112955
91766
120441
98003
114275
110809
95556
100121
122133
97964
105866
109447
106888
98464
97610
123379
92869
104420
112136
112283
98724
123206
117608
118888
105463
97180
122875
100980
106501
101730
111705
116425
113722
118180
105584
122476
108316
103455
122651
119450
105345
111779
111607
107345
91391
108987
119666
93970
102565
119440
118052
114662
103912
116747
104547
108959
101344
101690
103185
105824
114357
106229
123577
104031
112980
108225
93146
99306
104294
120052
119683
103592
111490
108058
114464
116514
99745
104344
116372
91009
116179
102287
117896
115353
108337
97283
110850
99879
114451
93501
102969
108119
93315
110445
102312
96394
119793
108436
115553
103253
115496
96161
91556
111565
102784
110042
118448
100354
118869
99198
117465
99017
122809
93865
95451
105663
113510
101239
100974
108170
103414
106604
93978
102498
100439
115220
119117
117457
103289
121318
107947
107702
98889
103534
93349
117392
99811
96940
95821
117497
112131
113335
104552
115825
104381
91045
101061
106589
97391
104623
122318
98127
118003
98193
114525
113288
103705
93744
98769
106172
123732
105343
104800
115733
118963
120739
99247
108410
115987
102230
118175
92432
117652
106121
109418
119809
101193
112205
120560
103293
112692
121331
108619
112895
102513
112498
105641
96210
113073
122634
114523
113107
103146
106023
108841
94584
118349
98696
100841
118033
92025
115360
94288
110414
117230
107581
115719
102658
113604
98919
108033
110630
123037
104843
109325
110625
92376
116953
107687
102215
114951
119786
93204
103839
120227
92070
123822
106729
114431
91749
107132
94687
92539
114516
97797
122556
101882
120091
91750
102139
102038
112572
116899
107617
101266
112062
92987
95549
115855
100492
96511
113647
104963
106520
110115
122791
115432
119235
121750
113263
101041
93825
111759
98412
109442
99384
105065
109664
104608
118378
121520
103796
118055
104980
103292
102965
94971
106710
111101
117980
95744
106323
114520
109778
120718
109275
94129
96627
120351
100936
108425
104979
113995
103973
93003
104254
94711
91158
93473
115012
102089
115059
109836
106485
107743
114999
122676
102314
95424
123161
101501
110469
111506
100856
106842
99577
110734
94076
122598
96396
93874
103163
123441
102363
100021
93593
112087
100575
91456
99764
106968
113264
112987
95103
109987
122375
108326
104684
100468
108232
103113
102608
117728
117184
104365
104770
117935
121707
98285
97603
93673
108153
118791
115109
109107
122833
113368
104741
116572
121815
102855
123867
92212
108778
99648
114132
94365
111409
117092
123133
94180
120216
94974
122434
99665
97301
106681
94712
94972
113456
115857
96120
119523
98498
106888
114701
107066
115197
119194
119057
104194
117420
92146
118098
95197
102844
99166
101819
118305
112380
91393
109872
96811
101921
122696
101305
102902
121613
110879
101603
117228
107345
106852
103779
100347
112880
93851
101373
94444
123494
91876
123300
122864
115688
113707
91363
97404
93678
92319
124027
123479
111855
112485
91470
102386
112235
116109
94075
102135
110383
102213
112331
101156
100053
122188
107084
117594
111754
108202
96059
114929
123156
113311
109351
106831
92691
116441
106836
114105
109190
101865
120670
101736
109714
123384
115998
105952
108671
112566
95185
122237
95492
91540
102519
95311
117956
123699
97658
106280
101656
105756
108432
114930
119311
110769
106978
106054
103347
107620
118126
96059
108686
94246
102314
95100
119149
92706
121962
103582
111204
93100
104195
107184
122130
115316
102065
116499
118822
115200
105014
117132
102434
100697
104132
107415
114016
119044
118301
122366
117586
120115
100345
93355
113933
110653
117416
97466
101129
112972
102136
92371
103970
113493
93017
116663
117731
104526
96831
117016
122884
109723
98248
119982
114481
100041
103071
106375
106254
116606
117792
109471
118647
114096
115645
91568
110860
103190
121248
120139
95469
105692
103569
103208
100802
107675
104219
96699
121343
114056
94186
115719
114534
96748
117112
102071
118733
103636
113897
94059
91937
123913
117811
104016
103083
108098
116609
110067
115090
98713
106970
93527
122529
116284
96509
102469
112459
117093
119952
109027
119788
93324
123002
99720
107858
107739
108174
100815
109436
104162
101225
119274
96673
105100
103069
94521
113525
113489
110095
103707
106407
100526
105629
96517
117678
117458
105476
123089
113861
94107
94721
101720
113204
115648
102583
122690
113874
117840
121425
105501
94152
119899
116712
100781
110231
99054
96167
119683
107613
101701
91693
93905
94292
121149
120626
94333
95131
107528
110958
100724
109625
98596
119222
105793
115039
116110
104809
108254
107757
111411
113674
122826
93752
96423
102446
122203
119306
121113
92057
104534
121835
102535
111268
103101
117919
116782
94946
102376
115184
110405
114946
103127
101294
101354
92663
104135
119283
120925
91991
112131
94379
114796
112385
111357
109652
103214
120323
104349
107523
97524
123579
122585
107688
105853
109116
121990
115090
118377
107762
120686
120374
110064
108170
100770
120108
115156
115980
97042
100474
116372
113482
92762
108309
98019
117374
112607
123813
104280
122671
100123
120969
94823
97620
100917
95515
94352
112572
109525
118837
100566
112301
101174
99316
116083
102860
97917
95931
96458
98620
102217
111995
114333
109066
107915
115506
105856
100809
119960
98738
121998
116089
97916
104356
123226
122798
115089
96204
109097
104942
123985
93583
112734
99674
111465
119474
98101
99984
99854
119396
109236
118993
122004
122239
119519
105567
118077
111627
93996
105513
111439
108548
106038
95914
119913
97628
103861
116239
94230
101188
118446
123800
93603
98984
115175
98880
105518
97784
116894
122016
112896
114222
95610
96785
110621
112909
96706
118545
117528
122022
92877
113896
115244
109601
97210
111755
123785
104890
98145
98496
115948
115210
116360
97155
111474
93320
110171
111272
120238
95567
94998
114627
111609
99362
105221
120645
105225
111789
101806
119527
101574
103437
109389
113484
111448
104339
96384
103649
100997
94405
111172
95241
111418
123558
122400
105591
107879
97336
109216
110554
111632
121918
111621
110528
104354
123462
98619
120500
94851
94439
118027
101546
99308
107848
94098
96926
97531
108513
97266
98679
109572
96902
124487
104497
94761
92065
116189
120123
112426
95935
100256
108318
118654
100942
107731
98400
100514
101028
111109
96936
118705
115268
121409
111906
108085
118621
105094
94757
121148
118420
119158
112660
110255
107267
96082
96642
97504
98178
102950
100505
122978
103717
113217
121276
99357
101126
115432
121195
110497
107332
121676
121191
102331
110923
113593
121111
93510
116054
111375
109867
116292
110899
108662
117375
97582
117318
124238
112706
103048
101585
113509
93527
105655
99443
121709
105723
94743
105966
94125
112297
112969
116269
118518
105786
119754
96901
121817
121169
120522
110139
123927
117494
99899
108870
103513
106113
99880
115799
119841
100538
112200
108055
105985
101950
93139
124335
108555
121381
97684
112270
94344
92129
120384
98662
99053
99433
98566
102008
100618
92824
124007
107794
97413
97999
106312
115798
101511
93666
113733
121148
101301
111410
110409
103899
96866
117270
119131
118244
98562
102016
118459
97391
93922
102621
113454
120570
102679
123196
114838
102830
95669
103859
105413
112869
94017
102398
121747
115690
93288
116330
103982
115967
96240
103410
100530
121509
95472
119719
120058
116247
92988
117589
119221
117528
96292
108899
106684
113902
112478
104955
98211
122031
112704
112491
99981
93371
119602
121291
117061
105866
95076
100832
102027
112552
108732
105281
102828
108285
103955
111032
98902
117586
102304
112107
112297
111121
97716
97596
115601
105804
120744
108781
94036
97281
117524
98440
111207
112541
123714
117630
113286
96958
115939
93710
107523
120125
119296
118120
122207
123244
117299
114451
92439
118428
113430
100236
94656
95459
120060
109616
123990
120348
96223
105563
99538
110638
101530
95698
110842
99474
97880
92254
116093
112911
92237
97466
121151
112072
117668
115375
115442
107641
123320
109182
105702
111870
122502
101758
113442
101141
112483
109062
116659
112996
115178
104077
96580
93630
114489
94224
104431
111266
108381
116661
115795
92676
117002
103341
111847
124240
102799
108382
122253
114349
102666
95938
111979
120703
102104
108810
102134
106543
115280
114312
112207
101678
99249
118219
117203
122167
100696
105484
98542
103637
99639
103625
120111
119590
112258
124079
115106
123870
115627
113597
101466
111246
94353
96935
118349
99111
99573
118648
109925
103354
96045
99708
97491
101249
110364
101469
112551
121635
95585
96908
100765
94772
123599
102114
121402
93691
123933
95624
101912
107897
107999
119828
94847
112294
97461
123124
100148
96510
105923
100880
105110
96572
113505
93867
93158
123494
121363
110730
116711
96265
94651
122969
119719
99782
110349
100682
96668
92173
92484
106495
109810
102953
106515
121002
96036
111997
103903
108659
99274
93709
121387
95770
106162
104512
120916
114141
120881
111588
114302
109724
115643
96370
118990
95803
99506
97939
97498
93000
105852
107236
115037
102877
111832
99830
114224
116168
116082
118170
98421
107498
93109
101211
122645
115933
116192
93259
97134
101082
105052
103939
113221
100057
112717
120037
116994
112889
116327
98212
99100
110627
95234
111623
117714
117994
114801
119017
110620
109494
117904
119173
124129
96802
92829
93680
95594
113570
122953
107751
112151
115049
102158
103115
118608
121226
95938
113130
95423
96605
116333
106496
105660
124708
94040
124158
117769
108270
93798
112393
117184
110268
114599
116678
118665
108003
110635
108245
100880
111537
98836
107931
97719
106835
104175
108613
107400
119542
103493
100361
119405
121901
112236
92847
116899
111507
116131
111441
92524
117169
123231
94303
99076
100130
103903
92901
110807
95732
94214
113425
110065
105042
99178
99824
109494
114272
104105
116856
98515
111975
92668
119755
115828
121394
117774
122554
108984
117944
94478
118920
110433
111355
114690
108785
96209
98607
100959
108907
122162
101663
123351
107436
103924
94413
98419
102764
97660
98392
95969
121196
120090
120611
103695
124343
102716
114740
114937
93992
100066
97754
110527
107052
101714
111763
111866
98505
124941
97580
105552
108000
101633
123434
115014
118191
105216
117865
121174
116633
103537
107267
107586
111914
111174
107123
95911
113238
123694
110331
119509
99073
117515
108099
99294
115141
120486
95298
93933
101359
112545
94049
102105
112330
122030
114654
118266
104993
113151
120431
111164
121855
95742
112169
102257
108985
118333
103839
111596
98862
116912
105294
115531
95566
99610
112953
111508
97497
115397
93136
106628
119401
93814
122902
92451
124595
117920
115971
117660
122378
103384
117799
95052
112165
101257
105873
109849
96545
99049
115439
112133
106953
111659
118263
120834
103702
124919
114181
117001
120050
93463
125189
98406
118849
112755
93075
95830
95266
115007
124001
98771
123506
93555
98009
116911
94611
107131
102660
95712
121195
118320
118955
109083
111023
97288
123836
121508
107873
117385
118766
103012
98199
120068
101800
117052
95615
124287
115232
116121
119200
99059
124096
113736
124002
110520
119757
107148
122321
93245
105546
124526
95390
119292
96538
98645
97894
121517
118118
104662
122167
108474
106046
106957
124497
122356
118659
113069
108073
92548
108548
109076
107956
114212
123111
117411
103649
124815
115787
111884
97896
97845
106283
98156
125122
119860
100997
94428
100472
93828
118716
123970
124833
106097
93244
118126
108198
118607
96348
103522
113225
121961
95624
113392
117478
99130
116639
98443
104696
116192
122266
96343
101086
119245
118127
116098
116704
114368
124724
94679
99437
113139
99208
103056
123814
94614
102703
110444
102945
119933
108028
106498
97766
96790
104180
119637
118718
116381
121776
112040
100782
106387
114947
108692
93886
115820
110301
115031
104446
106376
99695
115055
121547
107364
120208
97640
123983
100370
96352
108018
110151
97510
117291
108342
110857
107123
101520
103018
95941
123061
111586
116131
95243
93584
107470
116203
117133
104313
106302
98196
119591
108660
94078
123084
108572
95550
99997
98929
94371
93387
106775
119590
111778
113651
109232
96422
100281
121192
92835
121688
112258
101867
113404
102436
121111
117951
118595
103558
93909
94302
118362
102624
124768
110444
115624
103701
113895
122345
109432
99155
99242
118442
106139
105776
103097
125194
123221
124665
109054
116445
121207
120134
113021
93861
110536
96466
110043
97801
106665
105610
124445
120962
114681
100836
112307
110168
111671
124786
105909
94157
109798
124343
101484
98455
104502
110137
92692
114580
121824
116951
111584
112314
103762
93021
122431
100173
107788
124758
121694
124500
100682
109090
92910
113997
117731
99144
104231
115488
100209
107789
99085
106834
116658
103237
93682
96635
117038
95337
102460
122618
121882
96490
111976
104679
93821
117957
112463
114761
98705
116568
114344
102025
101996
118131
93391
94247
105951
104883
119493
110508
104351
122635
121207
117984
101538
96676
98115
119868
98508
106983
102072
117410
96203
120280
111261
98636
117056
93349
101173
124419
98335
100478
108738
107409
117080
121512
102216
108152
112055
93645
108435
121316
119560
92823
115067
110815
123008
100989
101223
118724
107096
109788
107280
125430
104635
115273
107400
108497
105954
98854
119930
108769
110462
106099
122547
95826
124758
125415
109025
96680
124721
107583
116635
117681
113654
123095
102306
94135
97298
113527
119143
118521
107802
118639
114381
100445
97457
107750
95279
125023
96429
100463
115109
105805
94837
98525
104835
97206
108973
120665
116771
124704
121366
124337
121061
111353
125103
106227
117875
102352
93217
99899
99402
121029
103513
100297
100214
120126
111991
125014
99484
115420
96743
114344
111934
113582
98253
109413
99899
117924
124327
115493
108949
118854
100910
122570
95607
123301
99196
116244
111735
97170
102772
125040
117528
104463
102239
104465
120467
123907
108755
97090
108759
121650
120281
108539
116174
122987
123470
105906
116194
108035
99466
102771
115136
96899
116544
114739
109403
118174
117413
113506
112692
98662
106709
123839
114906
121791
117106
99952
113068
109587
102542
118866
108774
96583
120011
101262
114140
117742
96448
121709
93568
125117
99231
125549
112682
102207
111893
114324
97433
102602
102514
108548
97333
119730
107274
97744
95382
104124
100827
105742
94794
100566
96880
122413
114899
100613
119557
95369
105456
107166
95723
93245
99870
104889
95278
113208
125021
105443
117622
103060
122679
125203
113451
96547
121087
100576
95452
114762
125271
122864
109538
125458
95732
113076
116800
106364
106662
105042
114894
111125
103058
93411
123031
121803
101570
123359
97151
110847
123361
102869
120361
96475
113983
112736
115991
122854
121628
105302
116499
112853
103970
94786
106190
114597
93747
123413
110536
103142
93285
123160
107119
120666
100427
104229
103307
113086
94839
101911
119513
115432
124988
116351
95478
111122
95417
99481
113791
119158
115474
125310
106103
96539
124417
109722
124393
111598
112782
100705
113358
113428
113690
111934
102448
113535
104354
94668
114064
104895
105538
102217
116614
108571
94968
95048
105383
99041
120747
96165
115627
100090
99692
112062
119760
104129
112635
102880
104569
106774
124557
105216
116507
106157
105420
103084
112217
96684
102176
110913
123246
103286
123693
96861
113356
122049
109981
112023
102914
111599
109599
122734
102627
97691
117423
108160
103397
109426
122649
116989
123335
107844
114104
124506
99959
116826
101252
104778
120114
94475
94540
93674
120301
115338
103487
100411
106996
106754
96177
102102
95185
102885
109596
110043
93807
95873
94053
116267
122751
120020
107105
105687
98587
107169
112536
106200
97961
116419
98121
101632
114947
115906
95406
107568
116181
116388
94336
103884
99910
96517
124094
124012
110810
93546
99755
96468
113302
95955
99350
99111
101222
111759
113885
97367
117181
114516
98740
121824
100731
109711
122659
120246
123411
121849
99278
111739
110573
115563
109817
107510
99593
109811
113739
98241
101606
105255
121554
96833
124834
116665
118088
110555
114786
94284
122261
96869
107252
124294
97684
104667
119987
102503
100122
98132
111787
123353
113973
123700
124670
123016
94897
120738
118663
116979
96737
101949
106428
95172
115100
102410
97241
95836
115589
98993
97083
111027
108431
118250
100361
115551
114881
111922
123418
101618
116535
113090
117011
116105
95082
121025
102864
117154
122545
96697
109318
105774
118023
106824
120102
119784
115726
113688
102788
119780
103252
103952
101560
108139
111061
119244
100420
117510
103618
95307
100216
114905
123777
121064
115603
113202
109813
106892
109355
110178
98815
96033
94415
114124
104773
110154
93418
105531
122930
107601
120554
95609
105790
125025
104866
98333
100207
99573
116461
111268
96031
97680
93845
118467
103425
119983
121971
112380
107615
110075
98775
115312
123301
123076
101930
99060
95779
102059
96977
110950
100367
103070
101973
111682
95689
121866
105153
95344
108387
100939
97100
95328
104801
121960
103736
122201
99517
116989
122874
96014
116783
119416
112795
114035
95915
125832
99422
100558
110378
98259
124579
97297
106925
95464
101899
109927
124287
112500
122077
113933
99515
108728
94377
118371
123151
98362
118059
104259
120255
95675
110193
96657
113389
116586
116288
121619
110103
94295
125109
110467
115681
107306
125992
125155
100117
122133
114773
115217
125160
107783
98494
104347
99967
117539
99915
115412
124849
113776
113716
109352
105231
114386
113696
98732
119585
108857
95631
121593
125171
125976
124021
105275
124880
97817
105255
125061
99918
98575
107387
104296
110731
111403
97067
116163
100277
98420
110459
104412
96976
116849
121884
117680
122035
109608
102735
104072
105300
96333
124238
98509
97350
98227
111847
111645
98944
96774
120682
94110
123232
113340
117189
104083
106736
119881
103662
101677
120679
97170
95105
120739
105459
114597
96939
110469
104117
125351
117318
99149
119309
104717
100421
103479
110873
94224
109395
108114
110456
123994
121015
95959
118356
100358
121211
126138
119455
122567
125645
112512
112796
103271
93605
118864
98466
106868
113064
102732
112925
116534
104269
120610
125397
119779
107838
123101
115827
108054
109825
123394
114241
93822
109271
96984
96049
101075
101604
101127
102945
101647
93585
103012
123485
115418
118063
103436
103013
119110
102109
110512
108529
112828
113835
124207
100659
120119
120575
112234
124764
110255
111416
105300
111201
110041
109970
97352
96767
100621
111177
108192
122877
97671
123394
94083
98225
108755
120166
96510
93893
104067
115728
118102
113467
120355
103081
115869
101039
109935
101457
125060
114396
113347
117569
117360
115554
105426
103599
98256
125127
126107
109554
112813
94395
111257
123111
107650
110496
100410
122259
104783
124745
105619
96010
110825
114434
121682
99727
118932
97489
119028
100348
118483
123900
106296
104037
109439
122059
103891
124920
101911
117135
115557
94247
97879
109795
103084
120586
101132
99634
116727
119038
119590
98682
94942
104851
107791
95055
108593
103845
108603
107042
104494
123080
115969
123843
120055
117226
114345
106021
122179
99123
111558
104034
114515
100656
96454
110846
124968
99633
98503
100208
94963
110319
116908
95966
101581
94578
96368
101417
114856
120626
110267
94505
114565
98685
109235
114490
96488
110360
116757
121591
104329
103977
98692
113989
112205
103764
126241
118164
123252
98341
124763
110945
112660
101038
122889
111871
115142
104561
97718
111000
117919
94848
101179
103535
124770
108770
123796
125799
117747
107321
118764
105161
118287
107682
101370
106562
107067
116445
124048
100139
102650
110766
107633
94733
125507
101250
115556
122213
118066
97366
101254
98212
104446
107477
108772
125562
103467
125376
120649
119124
111361
104339
107093
104740
93756
99942
125903
103776
106757
123921
109628
104013
126241
119699
106929
109693
98409
126133
123109
116118
118394
122602
97418
99926
103085
113530
112350
99796
110154
109279
94589
118281
112376
102767
118649
116110
117112
124732
114092
124583
95379
116537
120141
124801
118865
96670
117954
112568
103788
97677
125621
96028
116996
120309
110442
117173
118932
105911
108624
109829
98853
108295
106966
111244
99522
109077
109439
115602
103723
116461
107065
119328
99022
122524
111851
105296
96498
100245
104269
122566
124982
106835
120572
110463
107578
117567
100046
115146
100764
115411
111714
121491
114726
126208
121852
115687
126277
102093
118416
125621
125629
96578
114205
100818
120220
109700
123965
99904
100716
112193
95993
123056
121773
118606
122849
122949
109443
97423
125277
121499
104875
112408
120382
113928
97459
122769
104344
113442
124267
98527
103636
116353
116631
108033
113153
111558
105190
116535
114795
110811
100392
103018
124271
94333
95931
103112
99213
110328
101958
97199
115135
95282
98474
105164
118025
112363
110646
112004
118866
116035
99867
120210
106098
104061
101663
116978
115340
125442
107669
121086
125598
120745
122764
97496
122966
111925
123975
101127
99368
95520
122861
110181
97949
123543
123522
107064
105454
122565
112406
96671
99793
99156
101436
95792
118675
118321
98494
111071
100455
113296
125071
106529
116734
125745
122369
109138
125271
117217
95032
125780
124889
114755
104415
118394
103071
126416
100121
103844
100883
98077
119227
101035
113598
100956
121016
122879
118878
103718
117725
99470
114745
108408
98494
126696
98738
102395
112112
107425
99866
114056
104056
97015
96456
119275
102788
125365
95340
119271
121433
119128
107168
104059
107661
105327
96704
123748
94326
107592
101628
116451
97250
112840
107179
108224
109320
109467
99554
106127
97727
116110
114758
103218
124142
103736
115998
106399
101444
123360
106157
114404
125993
116123
111806
120680
112628
111285
117632
101235
97374
125010
112020
94960
98870
105045
126053
107122
117079
118913
99000
107382
110552
114910
107908
115176
104834
108895
106243
119528
109447
126145
102409
121037
94320
95926
119701
108650
96344
109379
114853
95121
117080
124263
114255
122070
111682
116989
122382
96405
123282
125923
94298
122679
109217
105052
116603
111792
103196
113331
105630
117068
95925
103458
117545
112556
114456
97521
120396
107531
112161
111586
126168
98503
116812
125133
122709
97308
117613
112776
113743
97074
105889
106505
100080
116314
110724
109263
113620
117396
119972
123006
104472
103510
121142
112073
120500
124808
119816
99476
120843
104659
107959
118618
124865
101403
101922
119757
103629
97354
124190
110781
118735
94288
117612
107323
115619
98664
124904
106238
105526
120476
99586
116230
110488
96651
107122
99198
114003
125034
118568
118247
112636
100681
122754
119923
118023
123543
119746
105391
106207
113897
99007
118117
124215
102903
122075
114625
124826
126183
121652
96178
99914
106447
126751
109203
116039
94837
99794
99083
101806
110169
95328
109874
104772
109557
122859
126453
113747
116035
95764
117179
98741
119168
100791
97865
118062
101936
124886
119778
96255
104802
96466
100787
105399
123189
98785
123247
98125
109723
105148
101943
121452
106845
109464
101052
123662
125791
100184
105127
121164
125222
95745
97081
99700
98711
115566
100142
121949
100097
108101
119272
114167
117598
103209
97737
98854
117206
118833
119265
116689
100741
122009
119497
113206
105854
98488
123598
114816
124432
105010
109906
117659
96072
96367
123248
112199
116918
122188
98271
125803
103028
95760
114713
116396
97125
123041
118972
123711
97467
102648
96048
118011
106172
109266
119434
116659
94917
107432
116144
106690
126607
114914
117950
114407
101553
116296
115113
123988
120422
125113
119843
120577
113297
121119
112830
123718
120318
97186
119635
126121
102635
106268
123045
98549
112071
116941
123714
106892
124217
125009
120746
112381
101220
100302
95155
123609
113258
117874
95532
107459
101934
121629
115649
98247
97631
95578
125470
108781
113586
123540
109144
118797
102766
96647
110984
104932
117806
122356
110265
125544
109794
116377
119044
96857
96024
122720
94457
125721
99706
105431
125249
117949
100247
101856
123522
117348
117990
103594
104067
94407
114951
96223
118417
115474
97613
115487
106785
102899
103290
95662
111286
116976
95689
121449
97797
108029
106546
105471
124759
102222
124649
125277
106288
97130
101928
114282
104494
106369
102190
107765
103475
120831
110216
98795
101575
98145
116623
115406
96951
108359
94514
98146
114946
124875
122869
123818
114422
112914
108858
95762
118167
101152
117695
101870
109632
102385
106857
101923
106637
125893
106048
112676
118135
114619
98490
109345
99777
115361
120636
123771
105876
121867
98014
118394
98150
95650
98159
116290
100384
95935
125113
100867
126591
106041
103685
99953
113082
110203
95458
98932
101222
106457
116771
99360
114839
118052
124967
98791
110153
118395
100189
111629
97534
95845
100870
105053
124840
107805
121917
100891
123336
124461
125237
120889
125144
101438
104387
95181
99559
114479
127004
99523
113795
110692
118495
123599
98267
125281
117078
96422
118565
125079
108281
124782
106558
98429
103475
97907
116624
109795
94825
121627
124985
119428
125241
115996
110442
105690
105727
105196
122636
126518
110238
123514
125866
103951
125053
119323
110987
115098
113871
124359
99614
121500
96536
119941
107164
116861
119532
96804
114920
116637
111098
100652
117690
117483
121674
104724
100604
105395
123331
124085
109940
109495
98288
118015
107684
118146
114436
95211
102382
116473
102171
99248
114940
94771
111810
95802
111455
123018
110522
127192
117110
111602
98041
100405
118930
107146
124402
98441
102487
120945
104214
122384
125286
109531
124827
121276
116537
120676
127100
101927
125261
110244
114881
127179
116615
98563
99584
125813
103889
106190
116772
109047
109316
111755
110957
127005
118538
127114
123832
101347
111684
108221
123393
112613
106537
124617
105766
98839
100144
112733
102125
101046
106480
94659
99913
110463
110982
122037
100569
96030
106808
105841
126386
119017
99160
102416
103774
97486
111466
102419
123684
110474
112521
122431
121738
116508
94982
104619
101401
107386
126035
96535
106592
96130
109087
118143
116796
108083
125891
122608
119638
98333
114909
113307
108012
95510
115770
102696
125653
101935
97786
106572
108223
115687
110830
121502
102588
99486
104261
115110
119805
98124
119400
108087
106204
99954
102946
115455
107296
106321
112388
124253
125821
102747
95240
104562
109147
100839
111476
99963
124377
108584
115457
99422
107792
99680
101181
97154
98972
101713
120366
108004
116825
113396
125240
118888
96362
101742
95808
104301
124800
117056
108562
119203
117848
121278
118272
105761
125062
124610
125644
115378
110194
94881
109257
123760
100512
103518
99644
107669
108084
107038
101640
118157
127157
122844
111755
101456
102161
99934
100547
119790
104929
112232
108469
100715
124143
109615
95759
94926
98805
116496
120844
105589
123048
113026
127384
108715
110581
95562
111029
114045
124043
108526
109853
99529
100505
121707
101416
94871
112857
102186
102385
116140
94925
122161
94900
95837
104521
98199
108411
100258
117809
117306
113914
126571
101508
126132
124855
99127
109977
102538
96110
111074
105129
108455
113587
121790
98190
98057
105433
106470
114634
125371
124435
97743
122571
104451
104921
99872
114030
126684
110989
101828
118977
95142
110431
104253
112141
106525
127342
124475
116756
111240
102703
127341
104855
118322
119315
108183
96539
98334
123748
111845
123373
97271
96624
119167
97892
107846
98794
109149
106342
112872
96141
97117
118061
109246
104706
96658
120139
101286
100100
100575
96748
101290
101826
126917
108124
126072
105861
97658
117961
96274
112274
120379
119113
118727
117842
121314
108063
108386
123824
121019
97594
114849
127171
101012
111358
113385
112557
97299
120391
101175
111811
124493
127403
110682
118766
107667
96768
96096
122704
113807
99870
123982
113963
109713
111590
103188
95487
95267
122500
107711
117747
101091
100848
101617
108662
113042
108475
119694
105766
100712
104712
106169
105201
114090
102873
104703
102010
101247
115084
100305
126142
99328
124069
108088
94967
124046
107469
104388
105921
115048
123931
100294
105339
114300
126099
116926
114160
117374
99564
100375
110390
102456
127383
125458
126423
102945
127228
107009
119855
107568
105991
121525
110357
112626
121827
99129
108478
110299
110341
119745
99549
108250
108397
106205
100111
95535
114728
115442
124023
115585
120858
118763
108453
99115
108538
111916
95677
109272
121246
101319
98261
127567
107641
119027
107422
98448
103266
107706
98119
114719
120726
123121
97438
118176
118017
105581
104313
111780
103353
126580
123732
126659
123596
99954
103483
121067
96315
125933
102123
103159
117318
96955
115764
97667
122346
126835
121761
117247
124585
104481
127323
119043
103305
97598
125771
107234
109919
104159
108927
99970
125517
123436
103887
121451
105098
125716
120512
101405
103009
106047
108968
104871
95613
96068
108563
119157
116579
122653
97382
115818
124224
118488
117186
106031
117989
101006
117547
120778
120080
100505
126442
96370
113389
121090
125743
120993
108764
106809
107771
105324
105077
98313
117309
119312
115145
126410
99900
97741
119275
126169
114484
123895
119472
106053
108612
125002
123314
102091
109191
123262
99483
118789
125314
105499
127136
111070
124606
98191
125771
110665
100533
100733
108670
125235
100595
103257
117173
110261
101749
103986
123531
100751
127317
123086
108160
114642
98473
95228
107513
111580
109480
96550
110728
110473
95502
100134
125550
126888
106434
108890
127838
99244
122806
122107
116868
120228
102927
96426
121798
126574
114823
111180
119370
117287
95247
112408
101432
119013
105144
100846
121281
116649
99539
105451
98656
118159
114007
119610
97119
112968
115076
95277
99998
125642
121798
106636
96912
124230
107996
123181
96902
116059
95801
126404
126512
124809
113835
108285
123744
119528
102970
95944
113938
113690
98387
101108
119722
111742
115494
105984
125564
121254
101196
115246
106129
104716
98989
123608
111272
121856
104609
126983
121980
110565
121173
124994
96069
114333
119921
111780
114561
109378
120567
101170
97268
108311
97390
117611
112622
119486
121665
100640
127692
114603
118882
113029
125121
107992
110130
112265
121047
106938
119461
101475
126000
102005
125089
116077
107154
118860
121000
108598
124963
107355
109751
105426
112752
115336
125806
108149
127668
96951
110192
113217
115544
97853
96269
115803
116406
101527
101407
111172
117026
115293
118833
123239
116779
107889
95975
109806
104734
115068
96922
101850
121036
125083
109378
98643
100493
126037
119705
108860
97413
123601
113021
121611
98086
117829
97686
102616
118262
109746
106042
127155
119699
126415
106893
122427
115444
105794
109293
117357
96241
121622
98189
112057
114950
101482
114271
104539
95828
108134
118584
107752
98792
107892
118063
104743
113984
99500
127046
102691
116747
117135
113228
102526
113713
96249
125697
112136
123667
98897
98172
118160
118804
100867
114890
111611
99416
99376
107992
115091
98252
104100
101522
110241
123750
114952
101965
108093
100526
108120
127842
97125
111229
101016
100892
111693
113412
121027
124117
122870
123665
115973
115547
125442
108174
122665
109465
123079
113226
108885
95603
123298
104189
100085
118257
106381
112006
104437
95648
112628
122998
119859
114229
117189
114386
97076
101236
99015
97301
109590
121680
104236
110965
113093
104788
120681
128103
102258
115009
120901
110181
112961
103673
123184
106991
124226
125339
103639
114896
127139
118768
100341
112546
120100
105478
113260
119444
101066
102426
108180
106347
111064
110267
121555
127175
104699
96301
119150
108200
127941
104204
96926
122928
120156
114737
109799
96939
115572
117210
126885
98764
95610
114180
119784
95545
103442
125980
118657
100171
101572
114135
118365
112910
118258
119647
126482
96144
98062
109231
104376
106072
100618
120384
125946
99124
99087
100069
111980
126776
120689
126195
120096
108803
111843
111782
122228
128068
106471
106944
118573
109181
112777
102003
109770
119047
100429
119169
120850
118871
126054
118690
126448
110719
127016
113702
103552
98039
109504
117979
126826
115102
97059
124209
110191
105212
106820
97436
125505
99274
109450
115770
115608
114100
108929
118710
96386
123741
101584
116076
123898
113060
116075
121294
105405
108070
126473
104966
106585
126723
105689
117213
119687
108518
109680
121051
108730
127039
102662
111279
115704
124627
101859
126674
97001
95863
122644
107368
125998
122904
109410
122727
106739
108031
119429
102394
126152
113747
125844
120104
98220
107232
100288
100785
122475
117782
101698
98872
111915
95573
114322
116647
112705
119912
115162
118992
100169
114255
113834
98128
116341
109377
120813
123833
123429
113649
114716
101616
110776
107537
95665
124627
124578
106004
98783
125983
102591
117817
123776
110481
100584
109253
116815
98380
104643
96143
124503
109947
114399
111298
100779
109879
117248
105695
109144
109227
114359
120321
106136
114550
113462
98917
113992
121936
118115
104489
99484
107761
126763
113236
104722
115503
105753
115991
110756
128358
113447
126803
114242
121884
113620
107866
127359
117477
114038
98554
122507
106629
102866
99000
123489
125525
123882
127065
104257
120552
126998
97447
126305
113645
98902
105585
113632
111447
110311
109780
122363
103356
96532
118457
110723
116731
121935
105375
99214
117282
125824
104347
119918
116111
96925
99484
123871
107605
99963
97012
97412
101345
118500
125716
97685
101597
120553
126103
97746
100948
114553
97923
105147
105495
110643
105675
116738
127072
115321
118552
111425
127158
107206
103624
102377
110096
121921
119351
122746
120893
98962
107326
100858
115843
110068
112378
121504
116615
97675
104655
111824
124524
103417
101036
103756
107327
115244
119952
111528
125075
119929
109901
120830
120936
112111
106636
112868
98898
122341
103953
128411
115927
113622
122432
98441
122392
103791
124896
101865
126900
101093
99104
121538
96745
112012
120279
122901
102908
103590
124176
116315
120795
113784
120774
109871
126722
97188
120556
105287
97947
125618
110257
109224
97513
104944
103681
115994
117222
119164
112975
99546
122155
104351
98706
101776
101137
127324
104589
127360
107798
102729
110932
96004
96642
125086
107532
119354
95818
118412
116722
108282
127796
111056
110239
124683
124732
100487
107658
123030
101686
127556
105166
102618
113590
114784
122413
102178
128045
120977
114517
107508
126292
107966
102499
123020
105678
101138
105382
117385
99337
101712
96165
126949
115813
108134
121955
96042
114328
96068
122337
98275
115025
117742
110565
124753
101147
107984
120570
116064
107396
114771
125624
112089
118655
115629
118085
115161
107784
104957
97308
97666
98822
105111
122381
110064
125557
98204
111237
101231
102852
121295
99856
127979
103292
95907
118812
106920
106275
126105
105984
113203
105312
115144
126781
117144
99424
123069
108291
97749
100727
118662
112375
112271
110091
122122
124723
113924
127406
112796
122766
112705
115594
108495
120350
110996
115970
118411
100092
113989
106390
114016
121159
105345
127495
113179
120172
124311
104636
128663
118948
105319
120165
109014
127422
107798
104926
114512
127774
105735
96854
102539
116230
128519
101040
122092
97044
119240
109353
127949
103436
105361
100412
115920
107224
113459
119235
117362
121293
128063
126302
99043
127280
116086
108568
125717
99833
121985
109384
110610
120278
127459
112822
101012
97395
106795
127487
96463
103929
102766
110395
117394
125653
98804
108764
111502
100538
102194
96473
120821
126185
115704
112397
100168
107440
117484
111834
104810
98608
119863
105489
107000
120676
99198
128278
126429
118111
96788
120895
98080
113621
119150
118398
97025
111325
104919
107840
114245
101621
110948
113044
101326
111431
100139
97936
100718
96043
106160
115440
98045
107756
124832
96769
101289
111567
114114
101310
116110
112465
107818
127032
96135
128433
104112
105019
127299
116654
127136
128302
105883
107922
122803
96827
119586
99695
119870
106672
103166
126633
120746
109989
109047
124596
120356
108256
124878
105247
110741
126197
123088
126162
109269
114865
126378
114836
100892
112569
122239
112848
96185
124015
101944
113816
97286
111893
122652
126954
107931
118325
111008
98610
110786
123968
126080
126993
115499
120949
111886
110941
102369
105732
119498
119913
96125
107636
127284
101766
96410
122946
111582
117193
99464
103115
118981
110607
101445
96363
107745
111423
121256
101351
128763
104911
100576
125448
122047
106122
112157
104585
128530
102032
111501
111668
127654
100510
121738
117319
103883
115087
119570
123164
109704
127523
118903
128009
109034
119296
113239
124550
122268
115702
111311
111245
96440
104327
123628
120391
120029
99239
105058
115940
110978
114368
104321
122570
121737
120825
101220
111859
127767
112056
110188
105360
115620
122213
96493
118771
123470
125042
119846
112043
99955
117400
120695
126705
118910
118115
124366
119875
127745
124144
114531
102222
127493
115190
121765
122129
126110
115971
106355
113472
107714
112392
115600
99558
112986
125720
98129
115279
116378
109933
117657
110629
123022
107436
119303
115161
105462
98921
121966
107332
104788
113646
120966
97679
116291
101432
115681
99152
117002
99907
103456
100341
117361
99976
126822
108134
102868
110275
117005
113382
108405
118521
112280
111674
127254
122810
102633
98318
97480
127396
112053
104084
126462
112168
97588
125294
114917
99729
112669
113102
120824
99905
117201
104924
100303
121150
111318
105816
103735
126958
106376
97664
121224
126751
118539
111668
98611
115530
124548
119384
104603
117273
99465
103802
121638
111910
108758
98484
96403
100870
115777
97492
115854
123782
99568
115643
99457
120884
111305
105219
118702
109090
110634
106981
111995
107494
127706
112217
105996
116453
100672
111998
104727
110290
98259
105277
102132
118385
113362
116009
100340
125345
104501
122026
97780
127129
126435
109659
126002
106610
112677
124080
102751
101606
101467
103388
104437
128855
107502
120050
104650
104210
103301
96842
109542
112342
98940
112422
97169
117648
128658
101525
101809
125033
100321
97688
112467
111618
102676
118404
126600
115454
110548
119719
126578
97218
108931
103214
123294
124792
100397
114246
99988
103514
99259
116098
98989
126253
101226
101501
120613
109067
99196
98496
109681
114278
101166
104422
124883
125002
122601
96510
114475
115938
109244
120112
114448
101950
123146
111524
128799
124499
125312
111775
114835
119620
113738
102383
119575
119008
114055
119434
105432
105323
126202
106354
101085
104353
114178
128987
117403
97272
109516
118416
103876
106278
122311
125587
106337
102371
127064
122115
114976
121328
112080
101955
123887
105560
99227
108121
120521
120054
122809
119956
100304
99639
107123
113266
119709
103457
122950
97728
122580
102804
110628
116227
110075
114384
106972
108823
126860
98360
96470
117526
109640
105558
98051
111996
119247
125982
99348
108936
117614
122999
122090
127461
105784
98551
128846
128905
111960
116718
120291
105950
124837
98215
100440
109087
116599
99562
127970
113157
119737
103109
98282
101796
108864
97165
97027
108687
110427
127775
117790
101955
127660
118379
115713
105923
107062
121908
107253
118911
123574
113425
108223
123002
126007
118968
111826
104876
108001
116347
128195
121510
111634
110355
126717
100468
109744
113053
99254
96711
124349
103906
118306
105812
102955
126427
116710
122743
106738
104565
114895
103196
103009
125329
97988
123359
112561
115535
104953
100210
102624
117900
125286
121919
113853
127145
103288
127823
110399
101518
104198
118635
107034
126191
123014
127873
127892
98766
114561
119369
124821
125762
118852
123175
98046
115574
110041
119380
121148
117236
98357
113209
119837
119844
113331
107547
122338
108303
106177
121341
109973
106089
120537
123842
120221
115919
114100
98707
124047
115021
107962
107904
100423
114211
111804
110698
124728
109769
108517
128544
107520
101168
103406
117960
114495
101963
128402
109441
117674
120270
108098
105542
108635
101686
100633
99605
111979
105993
99346
101457
112323
120671
104825
105574
121135
110241
112031
117419
101813
97681
99538
107916
110372
123274
124300
110056
108015
106505
117483
98232
97852
111725
107361
126450
107577
125691
104365
103853
113327
109861
112138
109701
114649
123660
122278
101953
128118
101955
97877
118195
112925
98774
98439
117984
120273
121739
125304
106593
122837
107111
102310
115209
111041
110196
127880
120520
109014
114114
102525
101327
107151
121516
113155
118517
121208
128860
121129
124506
112707
123538
106055
109386
111641
129440
97004
126052
112430
113594
129048
113403
116888
107116
113835
108476
124513
123756
120862
111249
116187
98194
107889
127430
126515
115493
121444
111723
123209
105304
104170
107513
116415
124180
100571
108856
118097
104696
129001
104543
112228
129183
118229
125053
114657
106785
126691
96793
122947
108252
128651
110869
100591
106100
109681
124377
123588
112408
116119
127405
112884
117255
116177
121445
99858
99155
103802
123204
120684
100325
106342
129307
96922
113858
101143
124849
108887
103309
124724
104039
108432
98380
120886
120348
100283
97391
106341
105039
100714
113422
101891
126851
116256
127602
112839
110824
106595
122583
98189
114999
108818
123504
113995
117470
126713
124588
111687
117597
126115
123576
100999
126448
100463
109381
125577
129390
121574
126859
105525
120177
110412
100237
109072
125623
127605
128927
124594
123592
99291
118054
124538
101081
105709
112800
115072
122353
115369
100580
111051
96842
128364
125866
123333
99834
103177
104269
98027
116434
106265
115152
124105
127367
124307
100640
128038
128015
109469
110744
125564
114510
123553
120778
118187
119794
102818
102013
114669
104092
125137
125426
118797
110400
111451
98156
104916
128974
105350
124910
117445
114194
128252
110919
122634
122073
98662
122956
109229
127061
123709
125029
99083
108994
111325
113739
105606
99914
125404
121871
127099
126246
104601
99423
114548
129287
104984
123653
99230
127156
113165
128176
124797
111348
98614
126967
103646
104878
105454
123291
126989
104527
102144
122380
103241
104812
110265
125999
106101
122793
101441
101727
110352
126425
118059
100018
103527
113254
106826
118653
103433
111091
117446
117018
119420
118081
126064
107496
111662
114255
102995
103828
117422
129222
108683
115863
107036
104851
119899
101632
99039
127446
123769
98932
97173
112891
116140
119667
116560
109094
115865
127452
123903
102613
126426
107700
126250
100545
123729
124707
102115
128261
99772
112831
107769
127617
109961
115470
121454
117121
124395
129093
122155
107162
122413
102230
129523
99029
99655
98602
111766
119568
99247
125739
110695
128672
100209
97030
97519
111931
104066
116655
105187
97302
121681
113573
118100
113226
106400
128119
101158
121980
125330
113543
107715
109501
126725
97294
127504
103343
119585
121440
105633
103401
123441
118898
121385
123037
114610
127897
109364
128632
113322
116628
127512
107978
113724
115405
128552
121063
99448
124892
108332
104909
108920
104525
111886
105223
101544
99491
118742
116689
113253
122268
107480
106364
124874
109239
124460
122900
99014
125428
99679
115777
100466
122075
119400
120939
103842
108223
112094
109345
124347
106564
116072
122044
111556
99359
118132
119359
111039
121117
107308
102274
100921
114023
119461
97424
106528
128772
97626
105037
98517
126367
97498
125532
113794
127371
105917
101951
104622
128004
100060
123328
119054
103608
106690
103568
121502
108678
102749
100143
122097
105861
106489
126731
120261
122952
103792
99820
105179
108128
126106
116879
110086
115235
124683
100497
104321
123820
121342
120208
113285
125731
116620
98700
120859
110655
104482
115859
111664
123656
100401
115613
102631
125410
106023
97973
128051
123079
113823
125529
125860
105940
107732
112676
115329
122631
97628
103082
122392
99655
110867
118948
111698
98468
113237
123725
102538
119265
110192
99339
105119
116015
105816
124242
119880
117308
104861
125637
98472
101740
97435
109727
109091
112230
113393
117330
113263
126931
122164
118894
121070
105570
127204
112067
99131
122128
99742
111562
103427
117926
101012
97857
109590
103555
106555
106006
111037
114331
111171
127878
121423
125120
126412
107398
127487
113953
124887
128098
120312
119824
100346
122276
119980
123656
101209
118583
125032
122094
111569
127948
98348
124823
128886
127613
117435
117387
115776
127920
112622
113416
109569
126271
107597
108874
101530
129494
123616
127754
100463
114588
104771
106309
123672
109077
107001
100158
104026
129863
125186
102598
111445
129051
128688
122299
123902
111623
105654
103631
106704
114666
129410
108426
126655
114743
116173
113043
113006
110166
106608
101675
105889
117063
117881
104698
112629
129417
103806
109326
117711
109626
118321
113953
120466
125311
105781
122394
123669
109094
101424
120023
110932
110730
101666
122922
99941
125111
125429
112673
112814
103375
119381
111755
117846
115373
129985
113847
111609
123847
100322
124031
100768
125017
107804
121477
119792
115904
105828
101309
109473
118819
116561
106540
120114
116569
101749
111855
107227
128775
98285
128894
111300
119049
107575
99890
122228
127252
128836
113157
125068
119961
120270
114074
119221
117228
114412
103805
116183
121509
107748
97707
104588
111943
114752
114773
118740
121375
104740
125409
104458
102255
113374
97842
111638
123084
116159
103209
114149
110021
119593
128107
117526
101317
122858
111717
117238
98107
110792
118414
109231
118775
124253
114412
108732
97495
109862
111322
116896
103076
119510
112392
122328
125495
102896
100035
109838
102880
125588
122999
97935
124424
124825
99186
111871
105748
101085
113386
113740
117389
119769
105026
124128
105854
103545
118409
98075
122398
100394
108868
117504
126639
123188
116845
102446
119718
114762
98235
127506
100108
117343
124708
119900
105252
118972
111265
123823
127054
114512
112433
104093
98859
116039
114976
113362
102402
125918
106377
123535
107619
102261
100634
116315
114698
126693
114199
126709
109573
115989
101281
113548
112410
106696
103481
104498
123491
126649
98688
129167
115003
125418
99136
125650
102494
124473
114608
120557
116811
108852
104692
114178
110317
116014
125924
101912
109691
109203
109582
122387
124829
123768
98558
108003
126160
109942
116925
116475
124171
124345
107415
129285
106403
129876
126241
126676
127852
121815
116347
116634
113441
101924
103891
106587
127237
126846
106282
121249
110027
116451
105051
124274
102067
107164
125529
110975
116471
111634
121272
98718
122981
105955
98415
118394
126797
124981
112348
130185
114077
102219
113160
98111
110923
122966
124205
113794
127475
104589
107637
115805
102850
129663
99589
110840
114066
118184
99898
115400
112726
130115
102450
101635
107961
115552
111503
116311
124930
108854
104055
102875
103739
110010
111327
119878
116626
125297
117258
125279
118015
102018
110924
118196
129575
98319
121876
102543
107649
127941
116522
107046
100279
119218
108852
119314
105039
116311
101503
102914
103818
113407
112124
118961
111756
108623
97673
98581
126654
128797
129906
106970
110961
123782
110392
121102
122052
103994
99217
129054
100295
124955
119727
130049
118752
99335
120261
122291
112494
121585
102088
116453
120749
106039
111475
98035
125402
111663
105101
107542
125847
121603
107630
99547
123536
126400
113600
110035
99167
98217
119683
98188
114605
115153
99923
123073
98202
124649
113390
123086
100959
129366
127473
122470
123442
120711
106722
99976
104299
117381
114291
114607
120548
125643
123909
120138
112549
116569
108652
128875
101313
99076
104434
123587
112763
121872
126366
115918
121261
119296
127414
110667
111723
122285
106882
112111
113891
126870
99411
128346
111495
108663
119236
113226
105839
98333
118080
129551
105464
118392
129732
116031
124850
125682
102630
98730
127609
120319
117783
98448
128225
106741
100133
115986
125656
100383
113924
102119
115590
127756
120781
130384
116856
118573
127239
122446
98302
129184
124710
97810
102097
107846
126033
101045
122105
99867
127592
122921
98798
103111
104518
118896
113662
111472
130115
113675
128750
113875
104445
102070
108004
127635
100697
128082
128133
99280
126148
121379
103258
112124
109759
102459
107384
111082
125594
106294
99680
108328
124031
108072
102180
113039
130227
120020
126411
126232
116249
120351
112119
99314
113144
114372
124869
99025
129789
119880
125429
118664
117124
114737
114763
105946
101651
99187
98612
106125
104231
114219
118445
107713
99124
106383
120417
112000
120807
102949
105745
112022
118190
129076
104761
108963
122490
101497
123121
113774
99012
113434
126737
98172
114638
100064
115608
104930
125739
118432
123727
121175
116609
100090
129705
121229
122510
113734
108526
112066
113769
127180
110744
129170
126986
109363
108030
114191
128269
117053
113967
113683
125619
125617
122401
107733
113706
100504
110091
104379
105998
101547
104719
103535
99631
130317
106268
107573
129685
102454
124947
109948
127169
113967
123688
107954
130614
105477
128396
103773
106808
109176
130121
107112
127188
116979
107885
103610
122656
99265
124010
100622
127172
130173
99773
116222
101817
100298
107982
124768
118609
119621
102167
119766
126840
108472
115593
110753
113977
105361
111915
116662
113284
117138
127493
103444
116526
122825
116540
125012
130361
105155
106366
123778
107094
98557
106656
108587
119464
127643
117894
100791
116939
123228
108868
107513
124693
115918
111746
102661
124443
106174
108069
110914
117879
107507
116268
113088
103369
122140
121303
130251
106236
119814
125967
106688
124363
106770
128258
112927
129411
126183
107790
128482
116490
113252
120544
122125
113184
101592
126173
115335
108005
114294
105920
127528
104091
105219
128133
114707
127150
103122
100231
127814
98545
104946
109285
114287
123435
100262
107049
113409
121810
100885
103724
105096
106006
98883
117812
98874
98082
121920
128864
115918
105886
112544
99654
126609
101496
128042
117978
120758
125924
128725
102034
110829
103329
113392
102599
114232
111230
99232
121695
111610
100126
115087
120489
125521
103928
98531
119176
121510
98465
127853
111316
105347
123470
125731
121341
118436
120213
121041
127729
111952
100211
107275
115008
122602
129939
125286
108158
107971
124365
100328
124906
126514
113902
126652
128844
121831
125623
107050
115492
127356
113960
128711
119296
118349
130302
122345
109870
130698
118138
120414
122515
102794
112996
120158
99803
125538
102736
113597
116947
130743
130848
109413
107282
128976
127690
119044
121055
125423
117851
128514
102735
103906
124732
126646
121774
125141
125620
112857
107552
110186
99247
122427
121736
108812
125886
126900
120489
99456
123230
109662
108684
120508
128381
108801
130081
107261
119354
101327
110888
103188
122605
110674
114770
121600
124263
116642
109220
129730
105595
116955
129053
119405
113597
116174
100760
113789
130185
129015
115188
107113
109639
104880
117361
114556
111598
122787
128605
99808
112839
108165
100849
121340
113268
108802
125046
104448
119344
119283
126379
104381
128856
130775
128619
107195
126251
116353
121995
102533
114126
104462
125442
130376
124562
116250
100172
118428
104826
119348
108816
129698
112632
101518
114944
116047
125688
121849
112128
124935
130079
115217
108427
120686
119893
126901
98387
105339
115585
130491
105512
126414
128403
105953
99611
102979
112840
120838
101347
105927
129321
108442
114560
106346
103766
101715
100382
122806
127105
125217
125243
109119
124349
110693
110348
120188
98425
119902
101149
130261
106055
126179
123961
106749
122339
129880
122249
107138
130928
121307
121087
117411
104964
109246
129270
120417
117351
121914
124178
112601
114456
103521
120430
98768
116113
104789
110326
110992
113868
100792
106513
117491
102662
129379
107652
129725
107715
116315
119187
111406
117522
113152
115560
128728
112402
117384
108729
116143
99509
102572
111014
122975
114372
116129
124384
120290
99876
122186
108048
102225
114263
102572
121975
118266
123717
126114
106705
118708
126013
112850
119680
101743
122935
117471
127974
116751
130908
104929
112147
120699
107976
108050
105376
126960
117646
100553
103386
119196
116220
114861
124708
104040
110113
101922
127382
102933
102541
128008
127210
129162
117336
110757
125337
114284
112486
115423
124737
124912
103912
118703
105546
113133
115494
130002
107721
98614
111997
101826
127140
123942
120739
125924
104696
127612
108851
117507
107703
124777
116837
106749
98454
119272
117020
110524
110118
104270
130343
113768
126528
99362
102848
116443
125607
122670
108121
120150
107241
111318
114841
108658
106630
114857
115105
125785
112212
119606
114835
111669
118562
123425
126549
125161
102300
113782
124562
121856
118639
109884
102914
112098
109997
118350
130540
130638
115826
130406
117993
121348
114632
108411
107754
118978
121800
122445
114300
110450
101890
126014
129355
121506
122399
121443
104933
107828
111045
105691
103617
130903
102331
121183
100992
102838
106062
130075
121202
104687
123123
102076
125020
103750
129325
99787
102009
107163
126641
129081
113854
101529
115401
128315
117858
127793
119542
126040
104094
103238
118489
121791
113074
100266
116051
112863
110376
104010
101612
116530
104284
122277
101233
119129
122428
128643
106721
129134
105805
122339
113035
101782
122607
113461
117616
109013
108257
120521
115438
129063
123911
119944
107168
124364
110443
100066
121472
109795
130179
126471
105038
126266
106162
112474
107318
116581
116752
119074
122029
110093
124270
124547
110748
123275
129941
120750
127680
117173
125391
98900
120656
107000
112041
126560
113889
109480
115702
111333
118152
121491
107287
108373
113470
110556
117370
111861
105352
112391
127841
121997
108119
121168
126693
115812
121900
129857
105786
123499
120705
104579
125492
104121
118117
119285
127754
117303
98662
107003
112987
124317
110771
109337
100206
111773
112770
120000
125374
100701
129968
109159
123318
111659
117671
110814
112057
107373
120965
107999
98917
114646
126075
122343
127257
121056
128626
111683
112564
111990
108533
115054
116128
105712
109131
117658
115216
126021
110307
107917
114565
101244
122614
126894
116887
120676
126567
126816
109042
119685
120302
127118
105887
112726
129141
124295
113541
111025
112578
112909
119599
123267
113751
100008
103119
129736
128150
109889
106371
100535
102185
126955
99032
112185
128161
104708
102797
108960
99421
119677
110489
116886
104622
110198
103790
129107
103992
130830
129664
110100
101020
103545
116993
123848
106068
127571
114415
115980
122334
99635
106577
108633
106012
99716
122558
108668
131067
130192
121374
127559
120659
106462
106165
105095
129294
128702
115805
102454
111757
130594
119570
130801
130119
114351
118964
112044
98739
100628
121865
124324
116841
117915
129282
118165
128132
113661
127551
107821
120906
111739
127956
122049
99599
105258
115534
99648
123734
107663
112881
128101
103994
113259
122436
129328
110092
127960
120272
111766
126526
119701
127012
125560
109183
114847
102940
122578
130856
126209
118883
103221
125143
106220
123959
129143
130905
102410
122220
125097
120782
120592
112052
130377
119303
102291
108829
103865
120115
111644
128987
106992
114619
122494
128328
99696
101994
123495
100393
108151
130769
128566
131123
130426
110826
122380
124110
112847
101371
118054
106776
116906
125629
127338
110893
124746
119486
122175
111782
127348
113412
115618
100959
107297
108019
113271
121214
101492
103025
128796
109488
119534
100423
112964
130230
103141
115658
120835
123681
128306
115900
107813
112217
118059
115821
105156
120292
119505
120613
100122
128485
118090
113862
109203
103651
115089
107694
130086
130764
129388
125147
100326
131386
128670
99410
105428
111860
108126
116929
112376
131256
125193
104291
126640
112952
115220
106788
114247
98914
115780
127494
128201
120292
101921
117699
111894
119536
125608
103348
113718
113468
125504
120817
123372
115022
100335
110522
100238
101366
110286
129813
125203
103196
111546
116153
99438
113083
104269
119083
101147
117038
107532
100903
102903
111019
113890
126273
127828
111629
126926
106188
104269
121046
106712
113147
104023
120948
123209
105286
125465
121027
116507
109071
106622
107476
121007
124294
115976
113645
123070
112842
128103
127184
114322
121425
118346
121408
99958
113289
113013
121794
99947
116159
110099
103841
99100
130369
129614
124724
114964
109503
111902
124515
110127
112887
119646
127080
114510
123026
103205
112595
120399
118856
110931
127953
115773
127307
105834
103597
113603
123107
106400
106903
116711
121941
107826
107429
105205
107530
108282
115223
117176
104941
122436
127967
116464
106261
113630
125537
111361
128164
120174
104823
119785
107503
113928
131256
117108
111071
128768
104954
119219
106903
131581
102677
111018
100950
107855
108778
104009
115871
129411
127396
131486
127640
122676
111678
104520
124849
120868
112454
123695
111493
128651
114912
121202
119813
120494
129549
116385
119507
120500
104237
123181
119276
131253
125379
107804
117642
121621
114553
116481
100681
103184
111204
119596
104072
112021
118408
118046
111122
125528
110751
123712
99070
124195
131606
101076
103635
131436
128601
104491
122608
113709
109904
108312
121643
131056
106281
124838
126905
128809
128345
107270
110670
121033
128221
101579
113284
123664
122310
111706
110977
129187
123892
109211
105684
103390
107810
110581
110241
99435
114723
130682
111870
109332
127338
99422
113308
108501
121040
107182
105130
110134
117906
115774
101366
127960
122265
123108
124758
126285
127231
114915
109894
118060
103118
103594
102098
129381
124427
111807
130487
125651
120307
105974
100293
109328
126084
130534
131463
124045
127551
123805
115750
112866
113453
125075
131723
119138
116000
124381
129476
122355
101179
100771
131241
128541
111284
123092
113343
102496
128217
108824
127580
99275
125521
130823
122380
116682
105381
113816
120116
124480
129791
105436
112629
119765
109361
127468
101971
107154
112632
103968
107159
115371
107394
117121
105201
116123
126255
111233
120418
120694
128405
114922
102617
123515
123846
101909
103069
102633
126933
101724
126698
106773
112278
106705
103903
114616
129702
124465
114072
121997
128683
118803
124567
109852
107741
122725
130920
119248
106438
102681
125828
119120
131141
119836
127351
122380
122073
105352
119870
104982
118300
123162
105459
118068
105614
109542
119212
114995
129940
126793
111264
112766
128449
120352
106123
111343
126547
118327
116052
128228
121857
124933
120813
99478
106740
122518
114812
102822
107539
121800
107960
129785
102275
117946
114069
124614
120942
121474
111395
106733
128004
121630
107443
111499
122304
118445
128829
126411
119533
113888
104446
118015
124776
100011
118117
130031
120743
131136
114224
121968
113658
124733
122323
118585
131345
100644
117017
110067
117183
110093
120333
109455
105981
105367
121627
102108
101170
115748
127347
129881
104882
128582
112302
113736
113540
106612
119220
116227
104552
130306
114397
123283
121624
113232
108374
112255
123855
127809
116679
108258
99336
101358
109106
111040
108424
116380
112415
118682
102046
107756
123382
130368
130474
125266
128172
125159
99804
117960
114337
128379
117566
113860
109257
100407
125941
111975
131339
119922
126148
101367
120550
104892
118481
114063
127834
100393
111276
103957
109062
114413
109709
115565
127374
104745
110045
108780
112959
113925
108536
100112
115190
106751
117810
117614
130621
129923
101656
105707
114104
118971
115960
129071
108480
103080
107939
127063
117069
100210
120177
124906
113177
125436
122246
120335
105730
129212
118100
125949
130992
124618
112481
110258
122233
123702
125770
121064
117121
109215
102665
104773
132134
120577
100723
131282
130971
123343
112644
112046
104402
101442
104927
114180
131488
106992
118289
128826
111900
117152
127766
101739
120648
120925
130462
100120
124659
121545
126097
112922
110813
116916
130640
112347
118557
104173
117566
103110
112576
105304
125311
131836
106163
128833
130559
114249
110307
130032
122550
107862
122530
114046
109099
101408
123725
116711
129079
112552
100395
109151
100364
123885
126105
117994
102261
124439
126308
115751
102240
114421
114039
104300
119193
111017
127414
109848
127960
111266
132137
119077
107518
115403
103005
100861
127388
101122
121607
110479
121013
117708
114411
129185
125381
128327
116988
127592
111361
129888
131525
104022
118497
113221
102919
127539
113628
130846
129188
104047
123250
100600
120763
114359
124528
103937
105749
125126
113776
119035
100800
118142
132255
111339
122105
127031
111043
109841
108112
112727
101244
110365
131846
117026
128713
122272
117434
101332
108495
101569
126788
106477
106710
119601
103394
107981
107157
117089
106386
104320
127407
116978
118462
107483
103805
114797
100382
114632
128014
126772
129243
123358
126828
105912
113648
105525
124961
108013
102614
100472
116986
122875
124256
113211
131083
116535
112356
109455
100595
125777
102043
120788
126050
131534
105802
129231
121048
109497
113186
104957
112815
115606
116965
128550
125275
116632
117579
119604
129009
111636
106916
118854
100070
123444
114366
121345
114969
114416
119561
112934
130580
126522
111353
126826
129935
110201
130220
120450
118838
102457
114893
111997
129965
120353
111288
114774
112592
102693
107487
112074
126783
118013
118380
102247
130330
123093
111400
128998
104969
112710
102043
129978
105088
108677
108917
108521
123457
107994
100396
101147
110882
126292
114151
118000
109840
128700
124571
118679
118100
115399
101491
102301
101141
121231
130166
112130
129822
101700
118372
102546
111842
120095
107488
124018
109245
119960
123604
118522
120701
123609
126738
108738
124193
108146
108343
106240
110817
104782
108757
128785
118894
100582
106449
110677
130170
124596
107785
129088
132219
130283
127034
107694
110508
121701
123170
108663
110421
102621
107489
112196
99917
132190
128165
99745
100797
131835
116358
126547
122662
120257
119215
118251
105382
127978
117951
125851
125047
107859
120175
118345
118968
108849
117876
112866
105584
111871
108711
114929
122064
122811
132451
111472
101816
118097
127022
113629
127101
110168
113052
131473
132074
124924
118129
110414
114052
129083
120326
104727
124946
125525
110318
128068
117597
126845
125656
120277
131381
126933
127159
125703
105396
108441
128033
106533
131271
107674
118005
108961
106217
112623
127553
107363
122674
110567
105571
113249
129169
126530
119406
103536
100438
110240
124623
125529
103411
102713
108336
100400
120835
114127
115612
108513
100491
111329
110820
121356
124544
103714
100930
127251
118410
103209
112189
107121
107784
110954
119500
119373
115540
103013
109758
113998
117320
102173
116313
128178
130561
111564
110914
123034
102114
128213
114589
113832
127964
110586
118900
115404
113133
118223
113501
129115
126183
104302
106327
119138
130419
103533
104694
106041
116821
132365
107456
128859
107250
117940
109270
105332
102671
123038
101591
127932
100315
102095
104193
111236
123440
110924
113561
114702
125462
106890
100237
125346
105353
131111
105305
100062
132220
107736
109351
100686
124445
117411
117306
109117
129883
117838
132492
109258
100517
132375
102838
121406
104693
108965
102417
120476
101390
109887
110363
113530
121346
100156
109084
111376
110582
126138
125961
105871
117289
119443
121256
115380
110387
117645
100085
115100
110731
104145
121797
111322
119884
127647
125865
110791
101433
100159
132373
113177
122366
130619
113601
107191
123065
104907
127568
100044
111544
123025
108336
128026
119428
110982
100545
114066
125471
119861
103609
109857
103307
121127
116423
100300
104331
122526
105078
104447
106414
101766
123989
111138
129160
123560
116309
124782
117059
104481
115570
121599
123991
115474
112277
126250
103829
129434
110777
110864
102762
103681
131661
122995
125282
123958
127962
115145
109035
123516
127462
111759
132444
116320
110616
120800
110645
130286
100253
130886
119464
124196
103625
125392
111449
122791
120834
126821
130915
100021
122330
104535
119707
107099
111227
119611
125720
109800
107592
113913
104179
129953
104897
110367
123723
122806
130727
100475
